Year,Entidad federativa,GeoCode,Value
2021,Estados Unidos Mexicanos,0,85.10892
2020,Estados Unidos Mexicanos,0,88.7278
2019,Estados Unidos Mexicanos,0,89.43484
2018,Estados Unidos Mexicanos,0,92.08654
2017,Estados Unidos Mexicanos,0,93.27232
2016,Estados Unidos Mexicanos,0,93.39941
2015,Estados Unidos Mexicanos,0,94.63935
2014,Estados Unidos Mexicanos,0,94.73918
2013,Estados Unidos Mexicanos,0,94.67866
2012,Estados Unidos Mexicanos,0,94.5642
2011,Estados Unidos Mexicanos,0,95.04448
2010,Estados Unidos Mexicanos,0,94.36466
2009,Estados Unidos Mexicanos,0,93.80295
2008,Estados Unidos Mexicanos,0,93.08194
2007,Estados Unidos Mexicanos,0,92.18376
2006,Estados Unidos Mexicanos,0,91.1744
2005,Estados Unidos Mexicanos,0,90.41241
2004,Estados Unidos Mexicanos,0,89.6813
2003,Estados Unidos Mexicanos,0,88.74786
2002,Estados Unidos Mexicanos,0,88.06753
2001,Estados Unidos Mexicanos,0,87.1833
2000,Estados Unidos Mexicanos,0,86.13055
1999,Estados Unidos Mexicanos,0,85.19555
1998,Estados Unidos Mexicanos,0,84.22318
1997,Estados Unidos Mexicanos,0,83.24348
1996,Estados Unidos Mexicanos,0,82.15031
1995,Estados Unidos Mexicanos,0,80.8844
1994,Estados Unidos Mexicanos,0,80.1298
1993,Estados Unidos Mexicanos,0,78.6235
1992,Estados Unidos Mexicanos,0,77.35934
1991,Estados Unidos Mexicanos,0,76.18078
1990,Estados Unidos Mexicanos,0,74.97207
2021,Aguascalientes,1,99.5659
2020,Aguascalientes,1,99.49287
2019,Aguascalientes,1,99.41762
2018,Aguascalientes,1,99.41436
2017,Aguascalientes,1,99.55242
2016,Aguascalientes,1,99.50264
2015,Aguascalientes,1,99.58747
2014,Aguascalientes,1,99.73537
2013,Aguascalientes,1,99.59226
2012,Aguascalientes,1,99.57352
2011,Aguascalientes,1,99.47463
2010,Aguascalientes,1,99.55498
2009,Aguascalientes,1,99.20304
2008,Aguascalientes,1,99.00609
2007,Aguascalientes,1,99.06953
2006,Aguascalientes,1,99.19988
2005,Aguascalientes,1,98.99942
2004,Aguascalientes,1,98.69855
2003,Aguascalientes,1,98.40044
2002,Aguascalientes,1,98.19965
2001,Aguascalientes,1,96.79926
2000,Aguascalientes,1,97.09872
1999,Aguascalientes,1,98.00133
1998,Aguascalientes,1,97.90065
1997,Aguascalientes,1,97.89998
1996,Aguascalientes,1,97.69971
1995,Aguascalientes,1,96.30108
1994,Aguascalientes,1,95.20179
1993,Aguascalientes,1,94.09882
1992,Aguascalientes,1,93.1984
1991,Aguascalientes,1,92.80177
1990,Aguascalientes,1,91.49866
2021,Baja California,2,99.44803
2020,Baja California,2,99.68158
2019,Baja California,2,82.15725
2018,Baja California,2,99.74506
2017,Baja California,2,99.77584
2016,Baja California,2,89.28529
2015,Baja California,2,90.34345
2014,Baja California,2,91.32993
2013,Baja California,2,93.46655
2012,Baja California,2,99.70114
2011,Baja California,2,99.53382
2010,Baja California,2,99.75807
2009,Baja California,2,99.53831
2008,Baja California,2,99.57791
2007,Baja California,2,99.61013
2006,Baja California,2,99.60055
2005,Baja California,2,98.59966
2004,Baja California,2,99.49995
2003,Baja California,2,99.3995
2002,Baja California,2,99.3001
2001,Baja California,2,99.29983
2000,Baja California,2,98.79913
1999,Baja California,2,98.89982
1998,Baja California,2,98.29933
1997,Baja California,2,98.60012
1996,Baja California,2,98.69905
1995,Baja California,2,98.40028
1994,Baja California,2,97.19909
1993,Baja California,2,97.80015
1992,Baja California,2,97.99969
1991,Baja California,2,97.99921
1990,Baja California,2,97.79957
2021,Baja California Sur,3,70.54421
2020,Baja California Sur,3,98.89272
2019,Baja California Sur,3,82.24442
2018,Baja California Sur,3,99.44257
2017,Baja California Sur,3,86.60277
2016,Baja California Sur,3,87.17987
2015,Baja California Sur,3,91.23031
2014,Baja California Sur,3,98.62047
2013,Baja California Sur,3,98.79997
2012,Baja California Sur,3,99.57594
2011,Baja California Sur,3,99.06205
2010,Baja California Sur,3,99.92664
2009,Baja California Sur,3,99.6828
2008,Baja California Sur,3,99.6019
2007,Baja California Sur,3,99.75746
2006,Baja California Sur,3,99.70199
2005,Baja California Sur,3,99.70309
2004,Baja California Sur,3,99.69691
2003,Baja California Sur,3,99.7
2002,Baja California Sur,3,99.60139
2001,Baja California Sur,3,99.49927
2000,Baja California Sur,3,98.70033
1999,Baja California Sur,3,99.0053
1998,Baja California Sur,3,98.99771
1997,Baja California Sur,3,99.19868
1996,Baja California Sur,3,99.10438
1995,Baja California Sur,3,98.60264
1994,Baja California Sur,3,95.0
1993,Baja California Sur,3,89.80091
1992,Baja California Sur,3,92.39969
1991,Baja California Sur,3,94.30017
1990,Baja California Sur,3,93.59439
2021,Campeche,4,66.1611
2020,Campeche,4,72.77474
2019,Campeche,4,73.80144
2018,Campeche,4,73.06286
2017,Campeche,4,80.29476
2016,Campeche,4,87.9706
2015,Campeche,4,97.11497
2014,Campeche,4,95.86787
2013,Campeche,4,96.3997
2012,Campeche,4,96.63289
2011,Campeche,4,96.56217
2010,Campeche,4,95.86275
2009,Campeche,4,94.89132
2008,Campeche,4,94.02745
2007,Campeche,4,92.27065
2006,Campeche,4,91.0977
2005,Campeche,4,89.701
2004,Campeche,4,88.49716
2003,Campeche,4,87.50233
2002,Campeche,4,87.10221
2001,Campeche,4,85.90297
2000,Campeche,4,83.30086
1999,Campeche,4,80.49793
1998,Campeche,4,78.10054
1997,Campeche,4,74.70067
1996,Campeche,4,72.79841
1995,Campeche,4,69.59916
1994,Campeche,4,68.79985
1993,Campeche,4,64.89953
1992,Campeche,4,62.30127
1991,Campeche,4,61.60263
1990,Campeche,4,58.39985
2021,Coahuila de Zaragoza,5,74.06952
2020,Coahuila de Zaragoza,5,99.72791
2019,Coahuila de Zaragoza,5,144.99483
2018,Coahuila de Zaragoza,5,99.86988
2017,Coahuila de Zaragoza,5,99.8027
2016,Coahuila de Zaragoza,5,99.85229
2015,Coahuila de Zaragoza,5,99.7761
2014,Coahuila de Zaragoza,5,99.65508
2013,Coahuila de Zaragoza,5,96.44227
2012,Coahuila de Zaragoza,5,98.64747
2011,Coahuila de Zaragoza,5,98.85853
2010,Coahuila de Zaragoza,5,99.50782
2009,Coahuila de Zaragoza,5,99.27283
2008,Coahuila de Zaragoza,5,99.63706
2007,Coahuila de Zaragoza,5,99.69912
2006,Coahuila de Zaragoza,5,99.80031
2005,Coahuila de Zaragoza,5,99.70082
2004,Coahuila de Zaragoza,5,99.49972
2003,Coahuila de Zaragoza,5,99.00007
2002,Coahuila de Zaragoza,5,99.10015
2001,Coahuila de Zaragoza,5,99.19965
2000,Coahuila de Zaragoza,5,99.09945
1999,Coahuila de Zaragoza,5,98.89964
1998,Coahuila de Zaragoza,5,98.80064
1997,Coahuila de Zaragoza,5,98.40039
1996,Coahuila de Zaragoza,5,98.19923
1995,Coahuila de Zaragoza,5,97.90089
1994,Coahuila de Zaragoza,5,97.20004
1993,Coahuila de Zaragoza,5,97.90057
1992,Coahuila de Zaragoza,5,97.29933
1991,Coahuila de Zaragoza,5,97.59999
1990,Coahuila de Zaragoza,5,97.39989
2021,Colima,6,69.74585
2020,Colima,6,72.32777
2019,Colima,6,345.94541
2018,Colima,6,80.65158
2017,Colima,6,83.09721
2016,Colima,6,83.24208
2015,Colima,6,87.30454
2014,Colima,6,91.63651
2013,Colima,6,91.94424
2012,Colima,6,99.7236
2011,Colima,6,99.72716
2010,Colima,6,99.786
2009,Colima,6,99.84692
2008,Colima,6,99.75395
2007,Colima,6,99.5667
2006,Colima,6,99.29769
2005,Colima,6,99.29673
2004,Colima,6,99.20006
2003,Colima,6,98.69667
2002,Colima,6,98.80057
2001,Colima,6,98.19979
2000,Colima,6,97.5973
1999,Colima,6,98.00182
1998,Colima,6,97.79927
1997,Colima,6,97.5977
1996,Colima,6,96.89971
1995,Colima,6,96.90139
1994,Colima,6,96.00253
1993,Colima,6,95.3023
1992,Colima,6,95.49989
1991,Colima,6,94.50214
1990,Colima,6,91.89706
2021,Chiapas,7,58.17683
2020,Chiapas,7,55.87268
2019,Chiapas,7,39.53522
2018,Chiapas,7,55.97479
2017,Chiapas,7,64.28247
2016,Chiapas,7,62.84796
2015,Chiapas,7,68.12122
2014,Chiapas,7,67.21232
2013,Chiapas,7,65.63829
2012,Chiapas,7,63.98444
2011,Chiapas,7,62.29738
2010,Chiapas,7,51.9591
2009,Chiapas,7,50.34511
2008,Chiapas,7,50.95237
2007,Chiapas,7,41.95324
2006,Chiapas,7,39.50011
2005,Chiapas,7,39.1997
2004,Chiapas,7,38.19973
2003,Chiapas,7,35.90034
2002,Chiapas,7,33.79971
2001,Chiapas,7,31.80042
2000,Chiapas,7,31.1996
1999,Chiapas,7,33.20018
1998,Chiapas,7,34.1999
1997,Chiapas,7,33.19988
1996,Chiapas,7,32.30007
1995,Chiapas,7,32.39982
1994,Chiapas,7,33.20024
1993,Chiapas,7,29.90035
1992,Chiapas,7,27.00039
1991,Chiapas,7,23.60005
1990,Chiapas,7,22.40006
2021,Chihuahua,8,97.13055
2020,Chihuahua,8,97.32334
2019,Chihuahua,8,22.33834
2018,Chihuahua,8,97.42459
2017,Chihuahua,8,97.74596
2016,Chihuahua,8,97.82404
2015,Chihuahua,8,96.90933
2014,Chihuahua,8,87.84599
2013,Chihuahua,8,88.44586
2012,Chihuahua,8,87.93281
2011,Chihuahua,8,96.52173
2010,Chihuahua,8,98.42589
2009,Chihuahua,8,98.36953
2008,Chihuahua,8,98.43525
2007,Chihuahua,8,98.38615
2006,Chihuahua,8,98.30008
2005,Chihuahua,8,98.29939
2004,Chihuahua,8,98.19959
2003,Chihuahua,8,98.10005
2002,Chihuahua,8,97.60049
2001,Chihuahua,8,97.4995
2000,Chihuahua,8,96.89966
1999,Chihuahua,8,96.69975
1998,Chihuahua,8,96.49989
1997,Chihuahua,8,96.29942
1996,Chihuahua,8,93.60015
1995,Chihuahua,8,94.20011
1994,Chihuahua,8,95.19947
1993,Chihuahua,8,94.40009
1992,Chihuahua,8,94.80053
1991,Chihuahua,8,94.89942
1990,Chihuahua,8,94.49989
2021,Ciudad de México,9,99.34415
2020,Ciudad de México,9,99.3556
2019,Ciudad de México,9,99.574
2018,Ciudad de México,9,99.18346
2017,Ciudad de México,9,99.57919
2016,Ciudad de México,9,99.59923
2015,Ciudad de México,9,99.52552
2014,Ciudad de México,9,99.49647
2013,Ciudad de México,9,99.57359
2012,Ciudad de México,9,99.61455
2011,Ciudad de México,9,99.55892
2010,Ciudad de México,9,99.48848
2009,Ciudad de México,9,99.34283
2008,Ciudad de México,9,98.39481
2007,Ciudad de México,9,99.40989
2006,Ciudad de México,9,99.20004
2005,Ciudad de México,9,98.90008
2004,Ciudad de México,9,98.79989
2003,Ciudad de México,9,99.29991
2002,Ciudad de México,9,99.49987
2001,Ciudad de México,9,99.60017
2000,Ciudad de México,9,99.60001
1999,Ciudad de México,9,99.60019
1998,Ciudad de México,9,99.59997
1997,Ciudad de México,9,99.49989
1996,Ciudad de México,9,99.50026
1995,Ciudad de México,9,99.50009
1994,Ciudad de México,9,99.50007
1993,Ciudad de México,9,99.30024
1992,Ciudad de México,9,99.2999
1991,Ciudad de México,9,99.10025
1990,Ciudad de México,9,98.99992
2021,Durango,10,98.971
2020,Durango,10,99.24773
2019,Durango,10,99.24995
2018,Durango,10,99.10658
2017,Durango,10,99.3085
2016,Durango,10,99.37896
2015,Durango,10,99.38623
2014,Durango,10,99.43384
2013,Durango,10,99.46549
2012,Durango,10,99.29325
2011,Durango,10,99.06382
2010,Durango,10,96.06395
2009,Durango,10,95.59763
2008,Durango,10,95.51964
2007,Durango,10,95.70042
2006,Durango,10,94.99941
2005,Durango,10,94.80097
2004,Durango,10,94.59876
2003,Durango,10,93.79964
2002,Durango,10,92.29931
2001,Durango,10,92.19999
2000,Durango,10,92.50106
1999,Durango,10,92.49895
1998,Durango,10,91.29912
1997,Durango,10,89.40064
1996,Durango,10,86.7003
1995,Durango,10,86.09993
1994,Durango,10,85.10118
1993,Durango,10,83.50094
1992,Durango,10,82.59916
1991,Durango,10,82.49946
1990,Durango,10,80.80117
2021,Guanajuato,11,98.91368
2020,Guanajuato,11,98.83347
2019,Guanajuato,11,99.16161
2018,Guanajuato,11,99.2687
2017,Guanajuato,11,99.24893
2016,Guanajuato,11,99.17375
2015,Guanajuato,11,99.23277
2014,Guanajuato,11,99.05261
2013,Guanajuato,11,98.91254
2012,Guanajuato,11,98.87944
2011,Guanajuato,11,98.71131
2010,Guanajuato,11,98.89055
2009,Guanajuato,11,98.59531
2008,Guanajuato,11,98.36285
2007,Guanajuato,11,98.08531
2006,Guanajuato,11,97.30024
2005,Guanajuato,11,96.59962
2004,Guanajuato,11,95.89972
2003,Guanajuato,11,95.59967
2002,Guanajuato,11,94.70035
2001,Guanajuato,11,93.99988
2000,Guanajuato,11,93.10003
1999,Guanajuato,11,92.1999
1998,Guanajuato,11,90.70022
1997,Guanajuato,11,90.00008
1996,Guanajuato,11,88.49968
1995,Guanajuato,11,86.69968
1994,Guanajuato,11,84.39992
1993,Guanajuato,11,82.29968
1992,Guanajuato,11,81.1999
1991,Guanajuato,11,78.59989
1990,Guanajuato,11,75.69976
2021,Guerrero,12,91.76471
2020,Guerrero,12,70.27211
2019,Guerrero,12,77.85689
2018,Guerrero,12,94.64948
2017,Guerrero,12,81.53412
2016,Guerrero,12,82.85501
2015,Guerrero,12,83.85634
2014,Guerrero,12,83.75776
2013,Guerrero,12,83.09381
2012,Guerrero,12,81.16461
2011,Guerrero,12,76.06167
2010,Guerrero,12,81.28214
2009,Guerrero,12,79.5507
2008,Guerrero,12,78.48892
2007,Guerrero,12,76.77531
2006,Guerrero,12,74.5999
2005,Guerrero,12,72.20042
2004,Guerrero,12,70.59998
2003,Guerrero,12,68.6004
2002,Guerrero,12,66.60057
2001,Guerrero,12,65.30061
2000,Guerrero,12,64.40029
1999,Guerrero,12,60.2999
1998,Guerrero,12,59.7997
1997,Guerrero,12,59.49988
1996,Guerrero,12,56.90038
1995,Guerrero,12,52.40049
1994,Guerrero,12,50.0
1993,Guerrero,12,47.50003
1992,Guerrero,12,48.20018
1991,Guerrero,12,48.60007
1990,Guerrero,12,49.09957
2021,Hidalgo,13,66.59209
2020,Hidalgo,13,73.19953
2019,Hidalgo,13,79.27371
2018,Hidalgo,13,84.23589
2017,Hidalgo,13,86.79104
2016,Hidalgo,13,87.64276
2015,Hidalgo,13,90.82048
2014,Hidalgo,13,98.32302
2013,Hidalgo,13,98.03423
2012,Hidalgo,13,97.98011
2011,Hidalgo,13,98.20004
2010,Hidalgo,13,96.84492
2009,Hidalgo,13,96.75992
2008,Hidalgo,13,96.16535
2007,Hidalgo,13,95.31554
2006,Hidalgo,13,93.50072
2005,Hidalgo,13,92.30018
2004,Hidalgo,13,91.30037
2003,Hidalgo,13,90.39978
2002,Hidalgo,13,88.80084
2001,Hidalgo,13,87.79946
2000,Hidalgo,13,86.19991
1999,Hidalgo,13,85.19968
1998,Hidalgo,13,84.29992
1997,Hidalgo,13,83.09957
1996,Hidalgo,13,81.80071
1995,Hidalgo,13,80.20012
1994,Hidalgo,13,79.90056
1993,Hidalgo,13,79.00035
1992,Hidalgo,13,77.89999
1991,Hidalgo,13,75.59966
1990,Hidalgo,13,73.30047
2021,Jalisco,14,99.29807
2020,Jalisco,14,99.23422
2019,Jalisco,14,99.4158
2018,Jalisco,14,99.38785
2017,Jalisco,14,99.50684
2016,Jalisco,14,99.43459
2015,Jalisco,14,99.57795
2014,Jalisco,14,99.43803
2013,Jalisco,14,99.46972
2012,Jalisco,14,99.33897
2011,Jalisco,14,99.41422
2010,Jalisco,14,98.89742
2009,Jalisco,14,98.78913
2008,Jalisco,14,98.93515
2007,Jalisco,14,98.87981
2006,Jalisco,14,98.69998
2005,Jalisco,14,98.69994
2004,Jalisco,14,98.2001
2003,Jalisco,14,98.40003
2002,Jalisco,14,97.89987
2001,Jalisco,14,97.89994
2000,Jalisco,14,97.59995
1999,Jalisco,14,97.1999
1998,Jalisco,14,96.99975
1997,Jalisco,14,96.6002
1996,Jalisco,14,96.39976
1995,Jalisco,14,95.49995
1994,Jalisco,14,95.59986
1993,Jalisco,14,94.79995
1992,Jalisco,14,93.69997
1991,Jalisco,14,91.99984
1990,Jalisco,14,90.40006
2021,México,15,70.32231
2020,México,15,97.67763
2019,México,15,98.64016
2018,México,15,98.42486
2017,México,15,98.79621
2016,México,15,98.79993
2015,México,15,98.80586
2014,México,15,98.68331
2013,México,15,98.5386
2012,México,15,98.43077
2011,México,15,98.61571
2010,México,15,98.71035
2009,México,15,98.6343
2008,México,15,95.95162
2007,México,15,98.32333
2006,México,15,97.90006
2005,México,15,97.39988
2004,México,15,96.80003
2003,México,15,94.79999
2002,México,15,93.90008
2001,México,15,92.70009
2000,México,15,90.80005
1999,México,15,89.00011
1998,México,15,87.40014
1997,México,15,86.49984
1996,México,15,85.90012
1995,México,15,84.8
1994,México,15,84.39993
1993,México,15,82.7999
1992,México,15,80.6
1991,México,15,79.59994
1990,México,15,79.40002
2021,Michoacán de Ocampo,16,98.83556
2020,Michoacán de Ocampo,16,98.52814
2019,Michoacán de Ocampo,16,98.50299
2018,Michoacán de Ocampo,16,98.68665
2017,Michoacán de Ocampo,16,99.04074
2016,Michoacán de Ocampo,16,98.94236
2015,Michoacán de Ocampo,16,98.92477
2014,Michoacán de Ocampo,16,98.60682
2013,Michoacán de Ocampo,16,98.43897
2012,Michoacán de Ocampo,16,98.19403
2011,Michoacán de Ocampo,16,98.06622
2010,Michoacán de Ocampo,16,98.04045
2009,Michoacán de Ocampo,16,97.73513
2008,Michoacán de Ocampo,16,97.13105
2007,Michoacán de Ocampo,16,95.76118
2006,Michoacán de Ocampo,16,94.39974
2005,Michoacán de Ocampo,16,94.59994
2004,Michoacán de Ocampo,16,94.49999
2003,Michoacán de Ocampo,16,93.70039
2002,Michoacán de Ocampo,16,93.30019
2001,Michoacán de Ocampo,16,92.50007
2000,Michoacán de Ocampo,16,92.0998
1999,Michoacán de Ocampo,16,91.30031
1998,Michoacán de Ocampo,16,90.00028
1997,Michoacán de Ocampo,16,88.79959
1996,Michoacán de Ocampo,16,87.39986
1995,Michoacán de Ocampo,16,83.00005
1994,Michoacán de Ocampo,16,82.50029
1993,Michoacán de Ocampo,16,80.50033
1992,Michoacán de Ocampo,16,77.50013
1991,Michoacán de Ocampo,16,76.2003
1990,Michoacán de Ocampo,16,74.50041
2021,Morelos,17,98.11019
2020,Morelos,17,75.96159
2019,Morelos,17,77.75194
2018,Morelos,17,82.09774
2017,Morelos,17,98.75753
2016,Morelos,17,98.81523
2015,Morelos,17,98.74212
2014,Morelos,17,98.44263
2013,Morelos,17,97.79989
2012,Morelos,17,97.54158
2011,Morelos,17,96.787
2010,Morelos,17,96.54406
2009,Morelos,17,96.24133
2008,Morelos,17,95.84995
2007,Morelos,17,95.08368
2006,Morelos,17,93.80034
2005,Morelos,17,93.50075
2004,Morelos,17,92.60122
2003,Morelos,17,92.29861
2002,Morelos,17,91.49978
2001,Morelos,17,90.69946
2000,Morelos,17,89.79914
1999,Morelos,17,88.80037
1998,Morelos,17,87.40036
1997,Morelos,17,86.80013
1996,Morelos,17,85.69934
1995,Morelos,17,84.39894
1994,Morelos,17,83.30017
1993,Morelos,17,81.00011
1992,Morelos,17,78.4999
1991,Morelos,17,76.39982
1990,Morelos,17,76.10045
2021,Nayarit,18,98.73914
2020,Nayarit,18,76.03951
2019,Nayarit,18,76.76723
2018,Nayarit,18,79.00585
2017,Nayarit,18,85.02321
2016,Nayarit,18,83.97115
2015,Nayarit,18,86.68631
2014,Nayarit,18,90.69889
2013,Nayarit,18,99.0148
2012,Nayarit,18,99.26764
2011,Nayarit,18,99.32491
2010,Nayarit,18,96.85403
2009,Nayarit,18,96.93603
2008,Nayarit,18,96.72747
2007,Nayarit,18,96.0815
2006,Nayarit,18,95.40184
2005,Nayarit,18,94.60136
2004,Nayarit,18,95.19856
2003,Nayarit,18,95.30218
2002,Nayarit,18,94.0006
2001,Nayarit,18,93.40248
2000,Nayarit,18,92.39839
1999,Nayarit,18,91.49936
1998,Nayarit,18,91.4979
1997,Nayarit,18,91.8005
1996,Nayarit,18,90.40034
1995,Nayarit,18,90.40129
1994,Nayarit,18,88.79933
1993,Nayarit,18,83.39928
1992,Nayarit,18,81.10174
1991,Nayarit,18,77.20116
1990,Nayarit,18,77.89803
2021,Nuevo León,19,99.66884
2020,Nuevo León,19,99.70761
2019,Nuevo León,19,99.79392
2018,Nuevo León,19,99.85915
2017,Nuevo León,19,99.80462
2016,Nuevo León,19,99.7603
2015,Nuevo León,19,99.78732
2014,Nuevo León,19,99.63839
2013,Nuevo León,19,99.53612
2012,Nuevo León,19,92.10532
2011,Nuevo León,19,99.71241
2010,Nuevo León,19,99.93869
2009,Nuevo León,19,99.91525
2008,Nuevo León,19,99.90282
2007,Nuevo León,19,99.87165
2006,Nuevo León,19,99.80042
2005,Nuevo León,19,99.80028
2004,Nuevo León,19,99.80036
2003,Nuevo León,19,99.70025
2002,Nuevo León,19,99.69966
2001,Nuevo León,19,99.59994
2000,Nuevo León,19,99.50048
1999,Nuevo León,19,99.49952
1998,Nuevo León,19,99.40006
1997,Nuevo León,19,99.09988
1996,Nuevo León,19,98.89967
1995,Nuevo León,19,98.89959
1994,Nuevo León,19,98.90057
1993,Nuevo León,19,98.80055
1992,Nuevo León,19,98.39977
1991,Nuevo León,19,98.09933
1990,Nuevo León,19,98.10053
2021,Oaxaca,20,94.9431
2020,Oaxaca,20,94.14632
2019,Oaxaca,20,96.58562
2018,Oaxaca,20,97.06019
2017,Oaxaca,20,98.15046
2016,Oaxaca,20,97.84189
2015,Oaxaca,20,97.09814
2014,Oaxaca,20,96.6222
2013,Oaxaca,20,91.30577
2012,Oaxaca,20,91.01597
2011,Oaxaca,20,85.74221
2010,Oaxaca,20,86.63487
2009,Oaxaca,20,83.57633
2008,Oaxaca,20,80.33225
2007,Oaxaca,20,76.14198
2006,Oaxaca,20,73.00059
2005,Oaxaca,20,70.39994
2004,Oaxaca,20,67.99951
2003,Oaxaca,20,66.10036
2002,Oaxaca,20,64.50025
2001,Oaxaca,20,61.59951
2000,Oaxaca,20,58.79988
1999,Oaxaca,20,56.10019
1998,Oaxaca,20,54.00034
1997,Oaxaca,20,50.80028
1996,Oaxaca,20,49.29949
1995,Oaxaca,20,47.20002
1994,Oaxaca,20,46.70017
1993,Oaxaca,20,46.30004
1992,Oaxaca,20,45.00031
1991,Oaxaca,20,44.5999
1990,Oaxaca,20,43.30023
2021,Puebla,21,95.79606
2020,Puebla,21,93.13959
2019,Puebla,21,96.98735
2018,Puebla,21,96.88283
2017,Puebla,21,96.88039
2016,Puebla,21,96.618
2015,Puebla,21,96.49517
2014,Puebla,21,96.23081
2013,Puebla,21,95.50018
2012,Puebla,21,95.11957
2011,Puebla,21,94.82806
2010,Puebla,21,90.29952
2009,Puebla,21,89.80443
2008,Puebla,21,88.5467
2007,Puebla,21,85.77346
2006,Puebla,21,84.19981
2005,Puebla,21,82.69995
2004,Puebla,21,81.30027
2003,Puebla,21,80.09984
2002,Puebla,21,80.89989
2001,Puebla,21,80.79968
2000,Puebla,21,78.99975
1999,Puebla,21,76.80022
1998,Puebla,21,74.69998
1997,Puebla,21,72.90023
1996,Puebla,21,71.29966
1995,Puebla,21,69.40029
1994,Puebla,21,68.29996
1993,Puebla,21,66.29986
1992,Puebla,21,64.20034
1991,Puebla,21,62.40034
1990,Puebla,21,59.6997
2021,Querétaro,22,99.36014
2020,Querétaro,22,98.30093
2019,Querétaro,22,97.97159
2018,Querétaro,22,97.58449
2017,Querétaro,22,99.50768
2016,Querétaro,22,98.77963
2015,Querétaro,22,99.48493
2014,Querétaro,22,99.60466
2013,Querétaro,22,99.34095
2012,Querétaro,22,99.31778
2011,Querétaro,22,98.68774
2010,Querétaro,22,99.29652
2009,Querétaro,22,99.06827
2008,Querétaro,22,99.02764
2007,Querétaro,22,98.73071
2006,Querétaro,22,98.19966
2005,Querétaro,22,97.70061
2004,Querétaro,22,97.09904
2003,Querétaro,22,96.10063
2002,Querétaro,22,96.0996
2001,Querétaro,22,94.49934
2000,Querétaro,22,94.39897
1999,Querétaro,22,93.40126
1998,Querétaro,22,90.60071
1997,Querétaro,22,88.39872
1996,Querétaro,22,86.09975
1995,Querétaro,22,85.50049
1994,Querétaro,22,85.4997
1993,Querétaro,22,85.49921
1992,Querétaro,22,84.59957
1991,Querétaro,22,82.89917
1990,Querétaro,22,81.80038
2021,Quintana Roo,23,95.86097
2020,Quintana Roo,23,96.05831
2019,Quintana Roo,23,96.82308
2018,Quintana Roo,23,96.83215
2017,Quintana Roo,23,97.99749
2016,Quintana Roo,23,97.8978
2015,Quintana Roo,23,97.94707
2014,Quintana Roo,23,97.57102
2013,Quintana Roo,23,97.87641
2012,Quintana Roo,23,97.32386
2011,Quintana Roo,23,97.18679
2010,Quintana Roo,23,97.25417
2009,Quintana Roo,23,96.58379
2008,Quintana Roo,23,95.76766
2007,Quintana Roo,23,95.60103
2006,Quintana Roo,23,94.5987
2005,Quintana Roo,23,93.70082
2004,Quintana Roo,23,92.89901
2003,Quintana Roo,23,91.89842
2002,Quintana Roo,23,90.0993
2001,Quintana Roo,23,88.19834
2000,Quintana Roo,23,85.39991
1999,Quintana Roo,23,83.30152
1998,Quintana Roo,23,81.39874
1997,Quintana Roo,23,80.29926
1996,Quintana Roo,23,79.09777
1995,Quintana Roo,23,78.50082
1994,Quintana Roo,23,76.4018
1993,Quintana Roo,23,74.80091
1992,Quintana Roo,23,72.00044
1991,Quintana Roo,23,69.90198
1990,Quintana Roo,23,66.80219
2021,San Luis Potosí,24,97.12523
2020,San Luis Potosí,24,97.60645
2019,San Luis Potosí,24,95.91878
2018,San Luis Potosí,24,95.05247
2017,San Luis Potosí,24,98.03987
2016,San Luis Potosí,24,95.27949
2015,San Luis Potosí,24,96.51764
2014,San Luis Potosí,24,96.80271
2013,San Luis Potosí,24,90.91985
2012,San Luis Potosí,24,98.07905
2011,San Luis Potosí,24,98.09061
2010,San Luis Potosí,24,96.71236
2009,San Luis Potosí,24,95.26913
2008,San Luis Potosí,24,95.71472
2007,San Luis Potosí,24,94.47775
2006,San Luis Potosí,24,93.29968
2005,San Luis Potosí,24,91.69926
2004,San Luis Potosí,24,90.40047
2003,San Luis Potosí,24,88.90018
2002,San Luis Potosí,24,87.90075
2001,San Luis Potosí,24,86.80022
2000,San Luis Potosí,24,84.89949
1999,San Luis Potosí,24,83.50016
1998,San Luis Potosí,24,81.70009
1997,San Luis Potosí,24,79.8004
1996,San Luis Potosí,24,77.49973
1995,San Luis Potosí,24,76.00043
1994,San Luis Potosí,24,75.00076
1993,San Luis Potosí,24,72.40048
1992,San Luis Potosí,24,71.20042
1991,San Luis Potosí,24,68.90017
1990,San Luis Potosí,24,68.10019
2021,Sinaloa,25,99.73499
2020,Sinaloa,25,99.78769
2019,Sinaloa,25,99.87269
2018,Sinaloa,25,99.78635
2017,Sinaloa,25,99.87223
2016,Sinaloa,25,99.88007
2015,Sinaloa,25,99.80173
2014,Sinaloa,25,99.7008
2013,Sinaloa,25,99.68246
2012,Sinaloa,25,99.67134
2011,Sinaloa,25,99.61352
2010,Sinaloa,25,99.53051
2009,Sinaloa,25,99.40133
2008,Sinaloa,25,99.3429
2007,Sinaloa,25,99.2071
2006,Sinaloa,25,99.00049
2005,Sinaloa,25,98.10019
2004,Sinaloa,25,98.29992
2003,Sinaloa,25,98.19942
2002,Sinaloa,25,97.29916
2001,Sinaloa,25,95.19933
2000,Sinaloa,25,94.39916
1999,Sinaloa,25,94.70026
1998,Sinaloa,25,93.99921
1997,Sinaloa,25,94.10004
1996,Sinaloa,25,94.89955
1995,Sinaloa,25,94.60076
1994,Sinaloa,25,92.50068
1993,Sinaloa,25,91.49923
1992,Sinaloa,25,91.10011
1991,Sinaloa,25,91.40081
1990,Sinaloa,25,90.1995
2021,Sonora,26,71.24338
2020,Sonora,26,77.3373
2019,Sonora,26,79.62431
2018,Sonora,26,84.07558
2017,Sonora,26,86.18262
2016,Sonora,26,84.91733
2015,Sonora,26,92.11855
2014,Sonora,26,91.77311
2013,Sonora,26,91.56641
2012,Sonora,26,99.51543
2011,Sonora,26,99.36891
2010,Sonora,26,99.763
2009,Sonora,26,99.73831
2008,Sonora,26,99.72903
2007,Sonora,26,99.68265
2006,Sonora,26,99.49952
2005,Sonora,26,99.39972
2004,Sonora,26,99.29954
2003,Sonora,26,99.2998
2002,Sonora,26,99.09989
2001,Sonora,26,98.59916
2000,Sonora,26,96.99948
1999,Sonora,26,95.99923
1998,Sonora,26,96.50088
1997,Sonora,26,96.29987
1996,Sonora,26,96.00067
1995,Sonora,26,96.00067
1994,Sonora,26,96.50022
1993,Sonora,26,96.39904
1992,Sonora,26,95.79916
1991,Sonora,26,96.0009
1990,Sonora,26,96.79961
2021,Tabasco,27,90.9187
2020,Tabasco,27,88.27305
2019,Tabasco,27,73.65837
2018,Tabasco,27,96.13225
2017,Tabasco,27,95.55945
2016,Tabasco,27,95.71835
2015,Tabasco,27,95.63363
2014,Tabasco,27,95.47163
2013,Tabasco,27,94.97153
2012,Tabasco,27,94.88102
2011,Tabasco,27,94.6204
2010,Tabasco,27,94.48573
2009,Tabasco,27,94.21549
2008,Tabasco,27,92.61305
2007,Tabasco,27,89.13541
2006,Tabasco,27,85.59909
2005,Tabasco,27,84.80098
2004,Tabasco,27,82.00052
2003,Tabasco,27,78.5992
2002,Tabasco,27,76.30066
2001,Tabasco,27,74.50096
2000,Tabasco,27,72.50064
1999,Tabasco,27,71.00014
1998,Tabasco,27,68.00078
1997,Tabasco,27,66.49924
1996,Tabasco,27,63.99908
1995,Tabasco,27,60.99941
1994,Tabasco,27,59.2998
1993,Tabasco,27,57.50053
1992,Tabasco,27,56.90039
1991,Tabasco,27,55.59945
1990,Tabasco,27,55.59927
2021,Tamaulipas,28,71.49408
2020,Tamaulipas,28,78.40766
2019,Tamaulipas,28,81.79986
2018,Tamaulipas,28,84.16028
2017,Tamaulipas,28,86.29298
2016,Tamaulipas,28,88.67784
2015,Tamaulipas,28,91.26112
2014,Tamaulipas,28,91.37316
2013,Tamaulipas,28,91.83689
2012,Tamaulipas,28,99.65169
2011,Tamaulipas,28,99.56288
2010,Tamaulipas,28,99.80833
2009,Tamaulipas,28,99.82569
2008,Tamaulipas,28,99.74318
2007,Tamaulipas,28,99.61248
2006,Tamaulipas,28,99.50018
2005,Tamaulipas,28,99.30063
2004,Tamaulipas,28,99.30002
2003,Tamaulipas,28,99.10069
2002,Tamaulipas,28,99.0005
2001,Tamaulipas,28,98.5998
2000,Tamaulipas,28,97.70022
1999,Tamaulipas,28,97.8994
1998,Tamaulipas,28,97.40011
1997,Tamaulipas,28,97.50064
1996,Tamaulipas,28,97.29926
1995,Tamaulipas,28,96.70009
1994,Tamaulipas,28,95.99988
1993,Tamaulipas,28,95.20071
1992,Tamaulipas,28,94.79958
1991,Tamaulipas,28,94.30072
1990,Tamaulipas,28,93.30038
2021,Tlaxcala,29,98.77706
2020,Tlaxcala,29,98.63048
2019,Tlaxcala,29,99.28876
2018,Tlaxcala,29,99.41005
2017,Tlaxcala,29,99.36391
2016,Tlaxcala,29,99.51405
2015,Tlaxcala,29,99.49972
2014,Tlaxcala,29,99.31228
2013,Tlaxcala,29,99.32992
2012,Tlaxcala,29,99.02884
2011,Tlaxcala,29,98.96401
2010,Tlaxcala,29,98.74698
2009,Tlaxcala,29,98.62271
2008,Tlaxcala,29,98.25051
2007,Tlaxcala,29,97.39698
2006,Tlaxcala,29,96.99988
2005,Tlaxcala,29,95.89847
2004,Tlaxcala,29,95.59895
2003,Tlaxcala,29,94.80053
2002,Tlaxcala,29,94.70027
2001,Tlaxcala,29,93.60078
2000,Tlaxcala,29,93.30072
1999,Tlaxcala,29,91.29943
1998,Tlaxcala,29,90.39819
1997,Tlaxcala,29,89.40077
1996,Tlaxcala,29,85.90037
1995,Tlaxcala,29,85.0004
1994,Tlaxcala,29,84.39883
1993,Tlaxcala,29,82.90053
1992,Tlaxcala,29,82.5
1991,Tlaxcala,29,82.29844
1990,Tlaxcala,29,80.20153
2021,Veracruz de Ignacio de la Llave,30,66.61949
2020,Veracruz de Ignacio de la Llave,30,64.07756
2019,Veracruz de Ignacio de la Llave,30,66.29347
2018,Veracruz de Ignacio de la Llave,30,71.47796
2017,Veracruz de Ignacio de la Llave,30,75.3115
2016,Veracruz de Ignacio de la Llave,30,80.58327
2015,Veracruz de Ignacio de la Llave,30,86.38107
2014,Veracruz de Ignacio de la Llave,30,89.1567
2013,Veracruz de Ignacio de la Llave,30,94.52192
2012,Veracruz de Ignacio de la Llave,30,87.21022
2011,Veracruz de Ignacio de la Llave,30,94.29284
2010,Veracruz de Ignacio de la Llave,30,92.93335
2009,Veracruz de Ignacio de la Llave,30,90.91728
2008,Veracruz de Ignacio de la Llave,30,90.08765
2007,Veracruz de Ignacio de la Llave,30,87.18358
2006,Veracruz de Ignacio de la Llave,30,84.19973
2005,Veracruz de Ignacio de la Llave,30,81.60002
2004,Veracruz de Ignacio de la Llave,30,79.7001
2003,Veracruz de Ignacio de la Llave,30,77.9
2002,Veracruz de Ignacio de la Llave,30,77.20027
2001,Veracruz de Ignacio de la Llave,30,75.50025
2000,Veracruz de Ignacio de la Llave,30,74.30026
1999,Veracruz de Ignacio de la Llave,30,72.89991
1998,Veracruz de Ignacio de la Llave,30,71.39971
1997,Veracruz de Ignacio de la Llave,30,68.89976
1996,Veracruz de Ignacio de la Llave,30,66.89981
1995,Veracruz de Ignacio de la Llave,30,65.69999
1994,Veracruz de Ignacio de la Llave,30,65.5998
1993,Veracruz de Ignacio de la Llave,30,64.29992
1992,Veracruz de Ignacio de la Llave,30,63.20009
1991,Veracruz de Ignacio de la Llave,30,61.79995
1990,Veracruz de Ignacio de la Llave,30,60.90015
2021,Yucatán,31,95.96124
2020,Yucatán,31,95.66237
2019,Yucatán,31,97.25579
2018,Yucatán,31,98.60142
2017,Yucatán,31,98.53822
2016,Yucatán,31,98.54533
2015,Yucatán,31,98.42437
2014,Yucatán,31,98.2274
2013,Yucatán,31,97.82031
2012,Yucatán,31,97.87831
2011,Yucatán,31,97.0446
2010,Yucatán,31,97.02896
2009,Yucatán,31,96.3085
2008,Yucatán,31,95.58854
2007,Yucatán,31,95.18796
2006,Yucatán,31,94.4009
2005,Yucatán,31,94.00046
2004,Yucatán,31,92.5
2003,Yucatán,31,91.7011
2002,Yucatán,31,90.79956
2001,Yucatán,31,89.79978
2000,Yucatán,31,87.29895
1999,Yucatán,31,85.90107
1998,Yucatán,31,84.20031
1997,Yucatán,31,82.00094
1996,Yucatán,31,80.19916
1995,Yucatán,31,78.29999
1994,Yucatán,31,73.90112
1993,Yucatán,31,68.09965
1992,Yucatán,31,67.4007
1991,Yucatán,31,67.39917
1990,Yucatán,31,63.59907
2021,Zacatecas,32,99.3378
2020,Zacatecas,32,98.45308
2019,Zacatecas,32,99.56749
2018,Zacatecas,32,99.4263
2017,Zacatecas,32,99.7167
2016,Zacatecas,32,99.58859
2015,Zacatecas,32,99.67792
2014,Zacatecas,32,99.35467
2013,Zacatecas,32,99.64835
2012,Zacatecas,32,99.22912
2011,Zacatecas,32,99.3379
2010,Zacatecas,32,98.69255
2009,Zacatecas,32,98.53018
2008,Zacatecas,32,98.2519
2007,Zacatecas,32,97.81038
2006,Zacatecas,32,96.99972
2005,Zacatecas,32,96.59951
2004,Zacatecas,32,96.0
2003,Zacatecas,32,95.40079
2002,Zacatecas,32,94.39853
2001,Zacatecas,32,93.2995
2000,Zacatecas,32,92.00035
1999,Zacatecas,32,91.40144
1998,Zacatecas,32,90.09968
1997,Zacatecas,32,88.80013
1996,Zacatecas,32,87.69954
1995,Zacatecas,32,85.40032
1994,Zacatecas,32,83.19876
1993,Zacatecas,32,80.6994
1992,Zacatecas,32,77.60008
1991,Zacatecas,32,75.10022
1990,Zacatecas,32,68.30062
