Year,Sexo,Estimación,Value
2022,Total,Estimación puntual,0.16
2021,Total,Estimación puntual,0.16
2020,Total,Estimación puntual,0.16
2019,Total,Estimación puntual,0.16
2018,Total,Estimación puntual,0.16
2017,Total,Estimación puntual,0.16
2016,Total,Estimación puntual,0.16
2015,Total,Estimación puntual,0.16
2014,Total,Estimación puntual,0.16
2013,Total,Estimación puntual,0.16
2012,Total,Estimación puntual,0.16
2011,Total,Estimación puntual,0.16
2010,Total,Estimación puntual,0.16
2009,Total,Estimación puntual,0.16
2008,Total,Estimación puntual,0.16
2007,Total,Estimación puntual,0.16
2006,Total,Estimación puntual,0.16
2005,Total,Estimación puntual,0.16
2004,Total,Estimación puntual,0.16
2003,Total,Estimación puntual,0.16
2002,Total,Estimación puntual,0.16
2001,Total,Estimación puntual,0.15000000048994
2000,Total,Estimación puntual,0.149999999498227
1999,Total,Estimación puntual,0.15
1998,Total,Estimación puntual,0.15
1997,Total,Estimación puntual,0.140000000630725
1996,Total,Estimación puntual,0.139999999552394
1995,Total,Estimación puntual,0.12999999988729
1994,Total,Estimación puntual,0.119999999538861
1993,Total,Estimación puntual,0.1
1992,Total,Estimación puntual,0.1
1991,Total,Estimación puntual,0.120000000479712
1990,Total,Estimación puntual,0.140000000237832
2022,Total,Límite inferior,0.130000000302097
2021,Total,Límite inferior,0.129999999772846
2020,Total,Límite inferior,0.13
2019,Total,Límite inferior,0.139999999670685
2018,Total,Límite inferior,0.139999999834035
2017,Total,Límite inferior,0.140000000500506
2016,Total,Límite inferior,0.139999999497578
2015,Total,Límite inferior,0.14
2014,Total,Límite inferior,0.140000000170441
2013,Total,Límite inferior,0.140000000516002
2012,Total,Límite inferior,0.139999999826776
2011,Total,Límite inferior,0.140000000350307
2010,Total,Límite inferior,0.14000000017771
2009,Total,Límite inferior,0.140000000358951
2008,Total,Límite inferior,0.13999999963525
2007,Total,Límite inferior,0.139999999630363
2006,Total,Límite inferior,0.140000000187191
2005,Total,Límite inferior,0.139999999620904
2004,Total,Límite inferior,0.14
2003,Total,Límite inferior,0.140000000195613
2002,Total,Límite inferior,0.139999999402815
2001,Total,Límite inferior,0.140000000202752
2000,Total,Límite inferior,0.140000000207055
1999,Total,Límite inferior,0.140000000639805
1998,Total,Límite inferior,0.129999999385488
1997,Total,Límite inferior,0.129999999570319
1996,Total,Límite inferior,0.120000000422349
1995,Total,Límite inferior,0.109999999579551
1994,Total,Límite inferior,0.11000000023315
1993,Total,Límite inferior,0.09
1992,Total,Límite inferior,0.09
1991,Total,Límite inferior,0.110000000482721
1990,Total,Límite inferior,0.129999999756532
2022,Total,Límite superior,0.170000000075348
2021,Total,Límite superior,0.170000000609565
2020,Total,Límite superior,0.1699999996168929
2019,Total,Límite superior,0.169999999535942
2018,Total,Límite superior,0.16999999984334
2017,Total,Límite superior,0.170000000079103
2016,Total,Límite superior,0.17
2015,Total,Límite superior,0.17
2014,Total,Límite superior,0.179999999654212
2013,Total,Límite superior,0.170000000663674
2012,Total,Límite superior,0.1700000001683
2011,Total,Límite superior,0.170000000256076
2010,Total,Límite superior,0.169999999912954
2009,Total,Límite superior,0.1699999992911499
2008,Total,Límite superior,0.170000000633349
2007,Total,Límite superior,0.16999999972413
2006,Total,Límite superior,0.169999999344425
2005,Total,Límite superior,0.170000000284757
2004,Total,Límite superior,0.170000000096883
2003,Total,Límite superior,0.1699999999010709
2002,Total,Límite superior,0.169999999696193
2001,Total,Límite superior,0.169999999793952
2000,Total,Límite superior,0.16
1999,Total,Límite superior,0.16
1998,Total,Límite superior,0.16
1997,Total,Límite superior,0.150000000524806
1996,Total,Límite superior,0.150000000557704
1995,Total,Límite superior,0.14000000067813
1994,Total,Límite superior,0.119999999570431
1993,Total,Límite superior,0.10999999955672
1992,Total,Límite superior,0.110000000596983
1991,Total,Límite superior,0.129999999880416
1990,Total,Límite superior,0.150000000584431
2022,Hombres,Estimación puntual,0.26000000190744
2021,Hombres,Estimación puntual,0.260000000640473
2020,Hombres,Estimación puntual,0.260000000322701
2019,Hombres,Estimación puntual,0.259999998371743
2018,Hombres,Estimación puntual,0.25999999835703
2017,Hombres,Estimación puntual,0.260000000995342
2016,Hombres,Estimación puntual,0.260000000669974
2015,Hombres,Estimación puntual,0.260000001356905
2014,Hombres,Estimación puntual,0.259999999314436
2013,Hombres,Estimación puntual,0.260000001041111
2012,Hombres,Estimación puntual,0.26
2011,Hombres,Estimación puntual,0.260000000356335
2010,Hombres,Estimación puntual,0.259999997825632
2009,Hombres,Estimación puntual,0.259999999262621
2008,Hombres,Estimación puntual,0.260000001874955
2007,Hombres,Estimación puntual,0.26
2006,Hombres,Estimación puntual,0.260000001936685
2005,Hombres,Estimación puntual,0.259999999606478
2004,Hombres,Estimación puntual,0.260000000400185
2003,Hombres,Estimación puntual,0.26000000081543
2002,Hombres,Estimación puntual,0.25
2001,Hombres,Estimación puntual,0.25
2000,Hombres,Estimación puntual,0.25
1999,Hombres,Estimación puntual,0.24
1998,Hombres,Estimación puntual,0.24
1997,Hombres,Estimación puntual,0.230000001724461
1996,Hombres,Estimación puntual,0.2200000013165769
1995,Hombres,Estimación puntual,0.209999998636806
1994,Hombres,Estimación puntual,0.1900000015952979
1993,Hombres,Estimación puntual,0.169999998150666
1992,Hombres,Estimación puntual,0.16
1991,Hombres,Estimación puntual,0.190000001893609
1990,Hombres,Estimación puntual,0.22999999927146
2022,Hombres,Límite inferior,0.210000000155648
2021,Hombres,Límite inferior,0.21
2020,Hombres,Límite inferior,0.210000000159369
2019,Hombres,Límite inferior,0.210000001272245
2018,Hombres,Límite inferior,0.20999999967535
2017,Hombres,Límite inferior,0.220000001684791
2016,Hombres,Límite inferior,0.2200000003404779
2015,Hombres,Límite inferior,0.22
2014,Hombres,Límite inferior,0.220000001041256
2013,Hombres,Límite inferior,0.2200000003490959
2012,Hombres,Límite inferior,0.22000000177448
2011,Hombres,Límite inferior,0.2199999982315109
2010,Hombres,Límite inferior,0.220000000722259
2009,Hombres,Límite inferior,0.220000000366361
2008,Hombres,Límite inferior,0.220000000740305
2007,Hombres,Límite inferior,0.220000001133728
2006,Hombres,Límite inferior,0.22
2005,Hombres,Límite inferior,0.220000001151129
2004,Hombres,Límite inferior,0.220000001169073
2003,Hombres,Límite inferior,0.219999998806618
2002,Hombres,Límite inferior,0.220000000808378
2001,Hombres,Límite inferior,0.220000001642251
2000,Hombres,Límite inferior,0.21999999958167
1999,Hombres,Límite inferior,0.220000002141119
1998,Hombres,Límite inferior,0.209999999365175
1997,Hombres,Límite inferior,0.2
1996,Hombres,Límite inferior,0.189999998501746
1995,Hombres,Límite inferior,0.179999998247749
1994,Hombres,Límite inferior,0.169999999539857
1993,Hombres,Límite inferior,0.149999998853912
1992,Hombres,Límite inferior,0.139999999538182
1991,Hombres,Límite inferior,0.169999998801297
1990,Hombres,Límite inferior,0.2
2022,Hombres,Límite superior,0.300000001605051
2021,Hombres,Límite superior,0.289999999680634
2020,Hombres,Límite superior,0.290000001765162
2019,Hombres,Límite superior,0.289999997903459
2018,Hombres,Límite superior,0.290000001155773
2017,Hombres,Límite superior,0.289999998673224
2016,Hombres,Límite superior,0.289999998163077
2015,Hombres,Límite superior,0.29000000016796
2014,Hombres,Límite superior,0.289999998282398
2013,Hombres,Límite superior,0.290000001400966
2012,Hombres,Límite superior,0.290000002472143
2011,Hombres,Límite superior,0.289999998571341
2010,Hombres,Límite superior,0.29
2009,Hombres,Límite superior,0.289999998886257
2008,Hombres,Límite superior,0.279999999263449
2007,Hombres,Límite superior,0.290000001339315
2006,Hombres,Límite superior,0.27999999770758
2005,Hombres,Límite superior,0.28000000154185
2004,Hombres,Límite superior,0.279999998417856
2003,Hombres,Límite superior,0.280000000805755
2002,Hombres,Límite superior,0.28000000082232
2001,Hombres,Límite superior,0.280000000835634
2000,Hombres,Límite superior,0.270000002477064
1999,Hombres,Límite superior,0.270000001921708
1998,Hombres,Límite superior,0.259999998719842
1997,Hombres,Límite superior,0.25
1996,Hombres,Límite superior,0.24
1995,Hombres,Límite superior,0.219999999127936
1994,Hombres,Límite superior,0.2
1993,Hombres,Límite superior,0.179999998655211
1992,Hombres,Límite superior,0.179999999520256
1991,Hombres,Límite superior,0.210000002387992
1990,Hombres,Límite superior,0.260000000988781
2022,Mujeres,Estimación puntual,0.0599999996988708
2021,Mujeres,Estimación puntual,0.0599999996975043
2020,Mujeres,Estimación puntual,0.0600000003040283
2019,Mujeres,Estimación puntual,0.0600000003068269
2018,Mujeres,Estimación puntual,0.0599999996911992
2017,Mujeres,Estimación puntual,0.06
2016,Mujeres,Estimación puntual,0.06
2015,Mujeres,Estimación puntual,0.0599999996821192
2014,Mujeres,Estimación puntual,0.0599999996808511
2013,Mujeres,Estimación puntual,0.06
2012,Mujeres,Estimación puntual,0.06
2011,Mujeres,Estimación puntual,0.0600000003268864
2010,Mujeres,Estimación puntual,0.0599999996681416
2009,Mujeres,Estimación puntual,0.0599999996631106
2008,Mujeres,Estimación puntual,0.06
2007,Mujeres,Estimación puntual,0.0599999996528782
2006,Mujeres,Estimación puntual,0.0600000003525264
2005,Mujeres,Estimación puntual,0.0600000003588517
2004,Mujeres,Estimación puntual,0.0599999996341462
2003,Mujeres,Estimación puntual,0.0600000003739482
2002,Mujeres,Estimación puntual,0.0599999996177126
2001,Mujeres,Estimación puntual,0.06
2000,Mujeres,Estimación puntual,0.0599999995981246
1999,Mujeres,Estimación puntual,0.06
1998,Mujeres,Estimación puntual,0.05999999956819
1997,Mujeres,Estimación puntual,0.0600000004531722
1996,Mujeres,Estimación puntual,0.05
1995,Mujeres,Estimación puntual,0.05
1994,Mujeres,Estimación puntual,0.05
1993,Mujeres,Estimación puntual,0.04
1992,Mujeres,Estimación puntual,0.04
1991,Mujeres,Estimación puntual,0.05
1990,Mujeres,Estimación puntual,0.05
2022,Mujeres,Límite inferior,0.05
2021,Mujeres,Límite inferior,0.05
2020,Mujeres,Límite inferior,0.05
2019,Mujeres,Límite inferior,0.05
2018,Mujeres,Límite inferior,0.05
2017,Mujeres,Límite inferior,0.05
2016,Mujeres,Límite inferior,0.0600000003503649
2015,Mujeres,Límite inferior,0.05
2014,Mujeres,Límite inferior,0.05
2013,Mujeres,Límite inferior,0.0599999996413628
2012,Mujeres,Límite inferior,0.0599999996317889
2011,Mujeres,Límite inferior,0.0600000003670847
2010,Mujeres,Límite inferior,0.0600000003785488
2009,Mujeres,Límite inferior,0.06
2008,Mujeres,Límite inferior,0.0599999996140238
2007,Mujeres,Límite inferior,0.0599999996151378
2006,Mujeres,Límite inferior,0.06
2005,Mujeres,Límite inferior,0.0600000004037684
2004,Mujeres,Límite inferior,0.06
2003,Mujeres,Límite inferior,0.060000000414651
2002,Mujeres,Límite inferior,0.0600000004225352
2001,Mujeres,Límite inferior,0.06
2000,Mujeres,Límite inferior,0.05
1999,Mujeres,Límite inferior,0.05
1998,Mujeres,Límite inferior,0.05
1997,Mujeres,Límite inferior,0.05
1996,Mujeres,Límite inferior,0.05
1995,Mujeres,Límite inferior,0.04
1994,Mujeres,Límite inferior,0.04
1993,Mujeres,Límite inferior,0.04
1992,Mujeres,Límite inferior,0.04
1991,Mujeres,Límite inferior,0.04
1990,Mujeres,Límite inferior,0.05
2022,Mujeres,Límite superior,0.0700000003175323
2021,Mujeres,Límite superior,0.0699999995258523
2020,Mujeres,Límite superior,0.070000000478251
2019,Mujeres,Límite superior,0.069999999837285
2018,Mujeres,Límite superior,0.07
2017,Mujeres,Límite superior,0.07
2016,Mujeres,Límite superior,0.0700000003295669
2015,Mujeres,Límite superior,0.0699999995005945
2014,Mujeres,Límite superior,0.0700000001659948
2013,Mujeres,Límite superior,0.0700000001705237
2012,Mujeres,Límite superior,0.0699999994842829
2011,Mujeres,Límite superior,0.0700000001716949
2010,Mujeres,Límite superior,0.0699999996492107
2009,Mujeres,Límite superior,0.0699999994572241
2008,Mujeres,Límite superior,0.06999999981804
2007,Mujeres,Límite superior,0.0700000005573248
2006,Mujeres,Límite superior,0.0699999998129343
2005,Mujeres,Límite superior,0.07
2004,Mujeres,Límite superior,0.069999999411435
2003,Mujeres,Límite superior,0.07
2002,Mujeres,Límite superior,0.0699999993848858
2001,Mujeres,Límite superior,0.0699999993706922
2000,Mujeres,Límite superior,0.06
1999,Mujeres,Límite superior,0.0600000003803487
1998,Mujeres,Límite superior,0.0599999996025174
1997,Mujeres,Límite superior,0.06
1996,Mujeres,Límite superior,0.06
1995,Mujeres,Límite superior,0.05
1994,Mujeres,Límite superior,0.05
1993,Mujeres,Límite superior,0.05
1992,Mujeres,Límite superior,0.04
1991,Mujeres,Límite superior,0.05
1990,Mujeres,Límite superior,0.0599999995256917
