Year,Entidad federativa,GeoCode,Value
2021,Estados Unidos Mexicanos,0,25.24258936
2020,Estados Unidos Mexicanos,0,25.04236697
2019,Estados Unidos Mexicanos,0,24.94601652
2018,Estados Unidos Mexicanos,0,24.63199865
2017,Estados Unidos Mexicanos,0,24.37425912
2016,Estados Unidos Mexicanos,0,20.53746571
2021,Aguascalientes,1,26.18718303
2020,Aguascalientes,1,25.38843807
2019,Aguascalientes,1,25.27114288
2018,Aguascalientes,1,24.54028021
2017,Aguascalientes,1,24.06910317
2016,Aguascalientes,1,22.12713138
2021,Baja California,2,34.05962631
2020,Baja California,2,33.6742491
2019,Baja California,2,33.44291165
2018,Baja California,2,34.35132576
2017,Baja California,2,34.17913849
2016,Baja California,2,31.6978517
2021,Baja California Sur,3,25.68820225
2020,Baja California Sur,3,25.14784568
2019,Baja California Sur,3,24.95412844
2018,Baja California Sur,3,25.27943368
2017,Baja California Sur,3,24.74701012
2016,Baja California Sur,3,21.72183035
2021,Campeche,4,18.42461427
2020,Campeche,4,18.24527142
2019,Campeche,4,18.0959447
2018,Campeche,4,18.10180599
2017,Campeche,4,17.8623014
2016,Campeche,4,12.38232193
2021,Coahuila de Zaragoza,5,25.26355238
2020,Coahuila de Zaragoza,5,25.01590097
2019,Coahuila de Zaragoza,5,24.93638262
2018,Coahuila de Zaragoza,5,23.73032942
2017,Coahuila de Zaragoza,5,23.77215926
2016,Coahuila de Zaragoza,5,19.49448288
2021,Colima,6,26.35974454
2020,Colima,6,25.98776884
2019,Colima,6,25.94553707
2018,Colima,6,25.76650943
2017,Colima,6,25.79952267
2016,Colima,6,23.10859496
2021,Chiapas,7,19.83943941
2020,Chiapas,7,19.72166154
2019,Chiapas,7,19.64946991
2018,Chiapas,7,19.50209551
2017,Chiapas,7,19.36140739
2016,Chiapas,7,15.24712409
2021,Chihuahua,8,26.67776881
2020,Chihuahua,8,26.15789928
2019,Chihuahua,8,26.00136776
2018,Chihuahua,8,25.24620825
2017,Chihuahua,8,24.63843503
2016,Chihuahua,8,19.98808751
2021,Ciudad de México,9,34.20967568
2020,Ciudad de México,9,34.13186576
2019,Ciudad de México,9,34.07887628
2018,Ciudad de México,9,33.77393333
2017,Ciudad de México,9,33.67526377
2016,Ciudad de México,9,22.90446374
2021,Durango,10,28.39491058
2020,Durango,10,28.02760988
2019,Durango,10,27.96822821
2018,Durango,10,26.823641
2017,Durango,10,26.61171697
2016,Durango,10,24.93996653
2021,Guanajuato,11,27.23710489
2020,Guanajuato,11,27.075522
2019,Guanajuato,11,26.99309372
2018,Guanajuato,11,26.66366611
2017,Guanajuato,11,26.38336211
2016,Guanajuato,11,24.31397694
2021,Guerrero,12,26.95224523
2020,Guerrero,12,26.93503165
2019,Guerrero,12,26.75544563
2018,Guerrero,12,26.8943509
2017,Guerrero,12,26.63782321
2016,Guerrero,12,20.86360889
2021,Hidalgo,13,21.37238204
2020,Hidalgo,13,21.20975666
2019,Hidalgo,13,21.1715984
2018,Hidalgo,13,20.94706317
2017,Hidalgo,13,20.34068396
2016,Hidalgo,13,16.75177439
2021,Jalisco,14,24.82238488
2020,Jalisco,14,24.61226097
2019,Jalisco,14,24.50931792
2018,Jalisco,14,23.81650174
2017,Jalisco,14,23.35654015
2016,Jalisco,14,20.13561731
2021,México,15,27.1639148
2020,México,15,26.98059214
2019,México,15,26.88928329
2018,México,15,27.07882297
2017,México,15,26.7715782
2016,México,15,22.08124833
2021,Michoacán de Ocampo,16,28.22751234
2020,Michoacán de Ocampo,16,28.11454147
2019,Michoacán de Ocampo,16,28.01865398
2018,Michoacán de Ocampo,16,28.0178055
2017,Michoacán de Ocampo,16,27.74871136
2016,Michoacán de Ocampo,16,24.02548954
2021,Morelos,17,29.54823715
2020,Morelos,17,29.06959829
2019,Morelos,17,28.96989897
2018,Morelos,17,28.52220877
2017,Morelos,17,28.27299033
2016,Morelos,17,23.50604843
2021,Nayarit,18,28.09228628
2020,Nayarit,18,27.85767517
2019,Nayarit,18,27.78660649
2018,Nayarit,18,26.66287201
2017,Nayarit,18,26.73598517
2016,Nayarit,18,20.6285418
2021,Nuevo León,19,21.86805807
2020,Nuevo León,19,21.7341818
2019,Nuevo León,19,21.56547032
2018,Nuevo León,19,20.82942684
2017,Nuevo León,19,20.69245165
2016,Nuevo León,19,17.02968477
2021,Oaxaca,20,26.72908688
2020,Oaxaca,20,26.65549036
2019,Oaxaca,20,26.48016733
2018,Oaxaca,20,26.60500075
2017,Oaxaca,20,26.48769225
2016,Oaxaca,20,22.66624546
2021,Puebla,21,29.02046864
2020,Puebla,21,28.8892543
2019,Puebla,21,28.77210641
2018,Puebla,21,28.73755057
2017,Puebla,21,28.52652884
2016,Puebla,21,24.55085456
2021,Querétaro,22,28.97084154
2020,Querétaro,22,28.75843164
2019,Querétaro,22,28.64621828
2018,Querétaro,22,28.54489164
2017,Querétaro,22,28.22768752
2016,Querétaro,22,26.23930244
2021,Quintana Roo,23,20.40037028
2020,Quintana Roo,23,19.58040335
2019,Quintana Roo,23,19.27021559
2018,Quintana Roo,23,19.0502226
2017,Quintana Roo,23,18.59963627
2016,Quintana Roo,23,15.02236322
2021,San Luis Potosí,24,21.95842116
2020,San Luis Potosí,24,21.7031366
2019,San Luis Potosí,24,21.6231102
2018,San Luis Potosí,24,21.64607461
2017,San Luis Potosí,24,21.29608343
2016,San Luis Potosí,24,17.47864485
2021,Sinaloa,25,30.44626604
2020,Sinaloa,25,30.34228341
2019,Sinaloa,25,30.29269219
2018,Sinaloa,25,29.89105529
2017,Sinaloa,25,29.71348647
2016,Sinaloa,25,26.00827491
2021,Sonora,26,31.15455101
2020,Sonora,26,31.07606568
2019,Sonora,26,31.04419411
2018,Sonora,26,30.79082335
2017,Sonora,26,30.58234616
2016,Sonora,26,27.61444087
2021,Tabasco,27,29.38608336
2020,Tabasco,27,29.35237552
2019,Tabasco,27,29.2481203
2018,Tabasco,27,29.44929701
2017,Tabasco,27,29.14994231
2016,Tabasco,27,24.27463793
2021,Tamaulipas,28,28.92973491
2020,Tamaulipas,28,28.66795577
2019,Tamaulipas,28,28.51408672
2018,Tamaulipas,28,28.32936599
2017,Tamaulipas,28,27.999245
2016,Tamaulipas,28,23.21671406
2021,Tlaxcala,29,27.46233099
2020,Tlaxcala,29,27.16228125
2019,Tlaxcala,29,27.08285131
2018,Tlaxcala,29,26.65044387
2017,Tlaxcala,29,26.44449934
2016,Tlaxcala,29,24.90146901
2021,Veracruz de Ignacio de la Llave,30,23.82356638
2020,Veracruz de Ignacio de la Llave,30,23.71117717
2019,Veracruz de Ignacio de la Llave,30,23.64721623
2018,Veracruz de Ignacio de la Llave,30,23.4921728
2017,Veracruz de Ignacio de la Llave,30,23.23044045
2016,Veracruz de Ignacio de la Llave,30,20.11093806
2021,Yucatán,31,12.38148205
2020,Yucatán,31,11.75819528
2019,Yucatán,31,11.67088448
2018,Yucatán,31,11.59145643
2017,Yucatán,31,11.40077088
2016,Yucatán,31,7.094847637
2021,Zacatecas,32,24.02158483
2020,Zacatecas,32,23.69442184
2019,Zacatecas,32,23.5676997
2018,Zacatecas,32,22.97285455
2017,Zacatecas,32,22.34026089
2016,Zacatecas,32,19.39354596
