Year,Entidad federativa,Población nacional,Población urbana,Población rural,GeoCode,Value
2020,Estados Unidos Mexicanos,Total,,,0,0.7470424341956529
2020,Aguascalientes,Total,,,1,0.803032255422269
2020,Baja California,Total,,,2,0.800840953328288
2020,Baja California Sur,Total,,,3,0.728826143565795
2020,Campeche,Total,,,4,0.77338134089197
2020,Coahuila de Zaragoza,Total,,,5,0.805224181880293
2020,Colima,Total,,,6,0.854836743843887
2020,Chiapas,Total,,,7,0.662429384803965
2020,Chihuahua,Total,,,8,0.73749355010458
2020,Ciudad de México,Total,,,9,0.776986359100018
2020,Durango,Total,,,10,0.7266107945923889
2020,Guanajuato,Total,,,11,0.7829371833548399
2020,Guerrero,Total,,,12,0.704589835712821
2020,Hidalgo,Total,,,13,0.699399910912546
2020,Jalisco,Total,,,14,0.823558889927785
2020,México,Total,,,15,0.712988447196877
2020,Michoacán de Ocampo,Total,,,16,0.756560210844306
2020,Morelos,Total,,,17,0.681570869754478
2020,Nayarit,Total,,,18,0.727436547553323
2020,Nuevo León,Total,,,19,0.853331542813633
2020,Oaxaca,Total,,,20,0.693397273829853
2020,Puebla,Total,,,21,0.695104140818405
2020,Querétaro,Total,,,22,0.728622597890563
2020,Quintana Roo,Total,,,23,0.789777221695063
2020,San Luis Potosí,Total,,,24,0.798008780868931
2020,Sinaloa,Total,,,25,0.7052650444234642
2020,Sonora,Total,,,26,0.7773629649977188
2020,Tabasco,Total,,,27,0.666389911672701
2020,Tamaulipas,Total,,,28,0.8175358415691779
2020,Tlaxcala,Total,,,29,0.737411974520347
2020,Veracruz de Ignacio de la Llave,Total,,,30,0.717209120124771
2020,Yucatán,Total,,,31,0.792343608776963
2020,Zacatecas,Total,,,32,0.7281184131608262
2020,Estados Unidos Mexicanos,Hombres,,,0,0.745485848552382
2020,Aguascalientes,Hombres,,,1,0.801384219974731
2020,Baja California,Hombres,,,2,0.79740121009806
2020,Baja California Sur,Hombres,,,3,0.7270603205642049
2020,Campeche,Hombres,,,4,0.768505044134367
2020,Coahuila de Zaragoza,Hombres,,,5,0.805217688040166
2020,Colima,Hombres,,,6,0.85490996035767
2020,Chiapas,Hombres,,,7,0.659298705234072
2020,Chihuahua,Hombres,,,8,0.733872136988818
2020,Ciudad de México,Hombres,,,9,0.7749264797618839
2020,Durango,Hombres,,,10,0.722949811022238
2020,Guanajuato,Hombres,,,11,0.783909108489123
2020,Guerrero,Hombres,,,12,0.7013357404935979
2020,Hidalgo,Hombres,,,13,0.6981095528887641
2020,Jalisco,Hombres,,,14,0.822334231224734
2020,México,Hombres,,,15,0.712129890427886
2020,Michoacán de Ocampo,Hombres,,,16,0.754005276965349
2020,Morelos,Hombres,,,17,0.679422898717982
2020,Nayarit,Hombres,,,18,0.7238882423042879
2020,Nuevo León,Hombres,,,19,0.851959042376475
2020,Oaxaca,Hombres,,,20,0.6919974737963152
2020,Puebla,Hombres,,,21,0.692702527375014
2020,Querétaro,Hombres,,,22,0.727413644141015
2020,Quintana Roo,Hombres,,,23,0.79519634623222
2020,San Luis Potosí,Hombres,,,24,0.797039916251849
2020,Sinaloa,Hombres,,,25,0.699982230998767
2020,Sonora,Hombres,,,26,0.7775768043163541
2020,Tabasco,Hombres,,,27,0.662648675118342
2020,Tamaulipas,Hombres,,,28,0.815381278865159
2020,Tlaxcala,Hombres,,,29,0.73662732814154
2020,Veracruz de Ignacio de la Llave,Hombres,,,30,0.713754352533804
2020,Yucatán,Hombres,,,31,0.78918598241007
2020,Zacatecas,Hombres,,,32,0.726909696227728
2020,Estados Unidos Mexicanos,Mujeres,,,0,0.748513444395209
2020,Aguascalientes,Mujeres,,,1,0.80458210575283
2020,Baja California,Mujeres,,,2,0.8042122603621541
2020,Baja California Sur,Mujeres,,,3,0.730584357249974
2020,Campeche,Mujeres,,,4,0.778073154437145
2020,Coahuila de Zaragoza,Mujeres,,,5,0.805230594205244
2020,Colima,Mujeres,,,6,0.8547664747280871
2020,Chiapas,Mujeres,,,7,0.665413972484971
2020,Chihuahua,Mujeres,,,8,0.740998916218152
2020,Ciudad de México,Mujeres,,,9,0.778831343072851
2020,Durango,Mujeres,,,10,0.730174112621543
2020,Guanajuato,Mujeres,,,11,0.78202500481621
2020,Guerrero,Mujeres,,,12,0.70760243186758
2020,Hidalgo,Mujeres,,,13,0.7006021601710609
2020,Jalisco,Mujeres,,,14,0.824719556899325
2020,México,Mujeres,,,15,0.713795239754993
2020,Michoacán de Ocampo,Mujeres,,,16,0.75895042170242
2020,Morelos,Mujeres,,,17,0.683574684011973
2020,Nayarit,Mujeres,,,18,0.730901863985335
2020,Nuevo León,Mujeres,,,19,0.854691462037866
2020,Oaxaca,Mujeres,,,20,0.69468007051533
2020,Puebla,Mujeres,,,21,0.6973331759962079
2020,Querétaro,Mujeres,,,22,0.7297612087602751
2020,Quintana Roo,Mujeres,,,23,0.784387812525123
2020,San Luis Potosí,Mujeres,,,24,0.798929168787725
2020,Sinaloa,Mujeres,,,25,0.710337200087067
2020,Sonora,Mujeres,,,26,0.777156194330492
2020,Tabasco,Mujeres,,,27,0.6699225352619201
2020,Tamaulipas,Mujeres,,,28,0.8196044562752641
2020,Tlaxcala,Mujeres,,,29,0.738151584054482
2020,Veracruz de Ignacio de la Llave,Mujeres,,,30,0.720389450106837
2020,Yucatán,Mujeres,,,31,0.7954012512088461
2020,Zacatecas,Mujeres,,,32,0.729263185992776
2020,Estados Unidos Mexicanos,,Total,,0,0.8193607969225501
2020,Aguascalientes,,Total,,1,0.871732670550324
2020,Baja California,,Total,,2,0.809525801424087
2020,Baja California Sur,,Total,,3,0.730312000458861
2020,Campeche,,Total,,4,0.818553158637448
2020,Coahuila de Zaragoza,,Total,,5,0.822705814937103
2020,Colima,,Total,,6,0.893187909667489
2020,Chiapas,,Total,,7,0.789918578066786
2020,Chihuahua,,Total,,8,0.767861754378688
2020,Ciudad de México,,Total,,9,0.786011210134825
2020,Durango,,Total,,10,0.842383031409757
2020,Guanajuato,,Total,,11,0.890432772271975
2020,Guerrero,,Total,,12,0.785683629943556
2020,Hidalgo,,Total,,13,0.84808741013934
2020,Jalisco,,Total,,14,0.851121716797662
2020,México,,Total,,15,0.769667468200084
2020,Michoacán de Ocampo,,Total,,16,0.86588973752325
2020,Morelos,,Total,,17,0.7156234922172601
2020,Nayarit,,Total,,18,0.837602900234342
2020,Nuevo León,,Total,,19,0.863293495554244
2020,Oaxaca,,Total,,20,0.847615840375488
2020,Puebla,,Total,,21,0.8063327285108851
2020,Querétaro,,Total,,22,0.881964332527969
2020,Quintana Roo,,Total,,23,0.7994941660709879
2020,San Luis Potosí,,Total,,24,0.8782436881247909
2020,Sinaloa,,Total,,25,0.8305479759879301
2020,Sonora,,Total,,26,0.822752047686847
2020,Tabasco,,Total,,27,0.80212116543036
2020,Tamaulipas,,Total,,28,0.842065914927341
2020,Tlaxcala,,Total,,29,0.728642926997641
2020,Veracruz de Ignacio de la Llave,,Total,,30,0.818546095716412
2020,Yucatán,,Total,,31,0.86656394350669
2020,Zacatecas,,Total,,32,0.8231707518362631
2020,Estados Unidos Mexicanos,,Hombres,,0,0.818217590294947
2020,Aguascalientes,,Hombres,,1,0.871458764130697
2020,Baja California,,Hombres,,2,0.804868347467385
2020,Baja California Sur,,Hombres,,3,0.72769537748604
2020,Campeche,,Hombres,,4,0.817894535450629
2020,Coahuila de Zaragoza,,Hombres,,5,0.8225836397533411
2020,Colima,,Hombres,,6,0.894513356166467
2020,Chiapas,,Hombres,,7,0.783549155647239
2020,Chihuahua,,Hombres,,8,0.7631600703322231
2020,Ciudad de México,,Hombres,,9,0.7842374457532552
2020,Durango,,Hombres,,10,0.84050998879242
2020,Guanajuato,,Hombres,,11,0.891414525296134
2020,Guerrero,,Hombres,,12,0.780262563448404
2020,Hidalgo,,Hombres,,13,0.843607656839458
2020,Jalisco,,Hombres,,14,0.849177767361799
2020,México,,Hombres,,15,0.770658775224569
2020,Michoacán de Ocampo,,Hombres,,16,0.862613295476028
2020,Morelos,,Hombres,,17,0.7150190487412121
2020,Nayarit,,Hombres,,18,0.8384118345787389
2020,Nuevo León,,Hombres,,19,0.861556468379797
2020,Oaxaca,,Hombres,,20,0.847291147397201
2020,Puebla,,Hombres,,21,0.803189294346519
2020,Querétaro,,Hombres,,22,0.8852775566758059
2020,Quintana Roo,,Hombres,,23,0.806038197812188
2020,San Luis Potosí,,Hombres,,24,0.877984003218239
2020,Sinaloa,,Hombres,,25,0.8293973407354901
2020,Sonora,,Hombres,,26,0.825405242922606
2020,Tabasco,,Hombres,,27,0.793152850124189
2020,Tamaulipas,,Hombres,,28,0.839349620468585
2020,Tlaxcala,,Hombres,,29,0.731622818056645
2020,Veracruz de Ignacio de la Llave,,Hombres,,30,0.815649959449523
2020,Yucatán,,Hombres,,31,0.8640524877281829
2020,Zacatecas,,Hombres,,32,0.823194950197215
2020,Estados Unidos Mexicanos,,Mujeres,,0,0.820426735683481
2020,Aguascalientes,,Mujeres,,1,0.871986300749291
2020,Baja California,,Mujeres,,2,0.8140665911171668
2020,Baja California Sur,,Mujeres,,3,0.732888849291201
2020,Campeche,,Mujeres,,4,0.819160125731865
2020,Coahuila de Zaragoza,,Mujeres,,5,0.822826418192249
2020,Colima,,Mujeres,,6,0.891941224265589
2020,Chiapas,,Mujeres,,7,0.7955318000624919
2020,Chihuahua,,Mujeres,,8,0.772374710043035
2020,Ciudad de México,,Mujeres,,9,0.7875936569106651
2020,Durango,,Mujeres,,10,0.844132908312511
2020,Guanajuato,,Mujeres,,11,0.889512396936912
2020,Guerrero,,Mujeres,,12,0.7905071327738721
2020,Hidalgo,,Mujeres,,13,0.852068214128296
2020,Jalisco,,Mujeres,,14,0.852926183780673
2020,México,,Mujeres,,15,0.768746943355297
2020,Michoacán de Ocampo,,Mujeres,,16,0.868865923932678
2020,Morelos,,Mujeres,,17,0.7161769942059321
2020,Nayarit,,Mujeres,,18,0.836869520056212
2020,Nuevo León,,Mujeres,,19,0.864999619483374
2020,Oaxaca,,Mujeres,,20,0.84790418209852
2020,Puebla,,Mujeres,,21,0.809223308745893
2020,Querétaro,,Mujeres,,22,0.878897605566546
2020,Quintana Roo,,Mujeres,,23,0.793065791858805
2020,San Luis Potosí,,Mujeres,,24,0.87848376519878
2020,Sinaloa,,Mujeres,,25,0.831624703080506
2020,Sonora,,Mujeres,,26,0.820237147265217
2020,Tabasco,,Mujeres,,27,0.810111478776023
2020,Tamaulipas,,Mujeres,,28,0.844645288009023
2020,Tlaxcala,,Mujeres,,29,0.725828777561835
2020,Veracruz de Ignacio de la Llave,,Mujeres,,30,0.821042338720645
2020,Yucatán,,Mujeres,,31,0.868923232813308
2020,Zacatecas,,Mujeres,,32,0.823148453555933
2020,Estados Unidos Mexicanos,,,Total,0,0.6774961314345121
2020,Aguascalientes,,,Total,1,0.6824688762424739
2020,Baja California,,,Total,2,0.7554483840683149
2020,Baja California Sur,,,Total,3,0.725021551036046
2020,Campeche,,,Total,4,0.736664652101791
2020,Coahuila de Zaragoza,,,Total,5,0.7470353792607339
2020,Colima,,,Total,6,0.746731496488385
2020,Chiapas,,,Total,7,0.635108079182836
2020,Chihuahua,,,Total,8,0.643328826835658
2020,Ciudad de México,,,Total,9,0.614150499622254
2020,Durango,,,Total,10,0.596654920918485
2020,Guanajuato,,,Total,11,0.676939145388264
2020,Guerrero,,,Total,12,0.670004754720968
2020,Hidalgo,,,Total,13,0.6777923047563729
2020,Jalisco,,,Total,14,0.78844200349011
2020,México,,,Total,15,0.656399226037767
2020,Michoacán de Ocampo,,,Total,16,0.695746532491615
2020,Morelos,,,Total,17,0.65908516145668
2020,Nayarit,,,Total,18,0.6831942317344689
2020,Nuevo León,,,Total,19,0.816914706642269
2020,Oaxaca,,,Total,20,0.6675922061685021
2020,Puebla,,,Total,21,0.641443643534974
2020,Querétaro,,,Total,22,0.620214550051995
2020,Quintana Roo,,,Total,23,0.7601527200280142
2020,San Luis Potosí,,,Total,24,0.726049382825218
2020,Sinaloa,,,Total,25,0.561557453561953
2020,Sonora,,,Total,26,0.6723961687770691
2020,Tabasco,,,Total,27,0.64354546021471
2020,Tamaulipas,,,Total,28,0.715098285062087
2020,Tlaxcala,,,Total,29,0.738754458584702
2020,Veracruz de Ignacio de la Llave,,,Total,30,0.687472886985239
2020,Yucatán,,,Total,31,0.720750752225713
2020,Zacatecas,,,Total,32,0.694799085833309
2020,Estados Unidos Mexicanos,,,Hombres,0,0.676483367189506
2020,Aguascalientes,,,Hombres,1,0.68107469439638
2020,Baja California,,,Hombres,2,0.75901125991072
2020,Baja California Sur,,,Hombres,3,0.725465697410268
2020,Campeche,,,Hombres,4,0.72993012902428
2020,Coahuila de Zaragoza,,,Hombres,5,0.747453892338107
2020,Colima,,,Hombres,6,0.747538387953357
2020,Chiapas,,,Hombres,7,0.633959481844396
2020,Chihuahua,,,Hombres,8,0.64462563633068
2020,Ciudad de México,,,Hombres,9,0.613359985462475
2020,Durango,,,Hombres,10,0.596668688881694
2020,Guanajuato,,,Hombres,11,0.678022424763792
2020,Guerrero,,,Hombres,12,0.668654712714508
2020,Hidalgo,,,Hombres,13,0.677556434088025
2020,Jalisco,,,Hombres,14,0.7889524918046199
2020,México,,,Hombres,15,0.65440532103786
2020,Michoacán de Ocampo,,,Hombres,16,0.6950116201457192
2020,Morelos,,,Hombres,17,0.656290439083904
2020,Nayarit,,,Hombres,18,0.680283804416161
2020,Nuevo León,,,Hombres,19,0.8175806661872741
2020,Oaxaca,,,Hombres,20,0.66650850963191
2020,Puebla,,,Hombres,21,0.639779539505055
2020,Querétaro,,,Hombres,22,0.617500964704144
2020,Quintana Roo,,,Hombres,23,0.762954486137044
2020,San Luis Potosí,,,Hombres,24,0.726339377750688
2020,Sinaloa,,,Hombres,25,0.555649778185939
2020,Sonora,,,Hombres,26,0.670593243977274
2020,Tabasco,,,Hombres,27,0.641446041008606
2020,Tamaulipas,,,Hombres,28,0.718133436366582
2020,Tlaxcala,,,Hombres,29,0.737394343026356
2020,Veracruz de Ignacio de la Llave,,,Hombres,30,0.685164180822476
2020,Yucatán,,,Hombres,31,0.719122990489511
2020,Zacatecas,,,Hombres,32,0.693796724602412
2020,Estados Unidos Mexicanos,,,Mujeres,0,0.678465659535974
2020,Aguascalientes,,,Mujeres,1,0.6838160892174
2020,Baja California,,,Mujeres,2,0.7518588512299399
2020,Baja California Sur,,,Mujeres,3,0.724566686915948
2020,Campeche,,,Mujeres,4,0.743375281752694
2020,Coahuila de Zaragoza,,,Mujeres,5,0.7466216826386459
2020,Colima,,,Mujeres,6,0.745911802158032
2020,Chiapas,,,Mujeres,7,0.636221646656707
2020,Chihuahua,,,Mujeres,8,0.642040460028324
2020,Ciudad de México,,,Mujeres,9,0.614910827268469
2020,Durango,,,Mujeres,10,0.596640889783
2020,Guanajuato,,,Mujeres,11,0.675921339261735
2020,Guerrero,,,Mujeres,12,0.6712759101580869
2020,Hidalgo,,,Mujeres,13,0.678013585565267
2020,Jalisco,,,Mujeres,14,0.787945211783113
2020,México,,,Mujeres,15,0.658295289095922
2020,Michoacán de Ocampo,,,Mujeres,16,0.696445417293122
2020,Morelos,,,Mujeres,17,0.661724472898282
2020,Nayarit,,,Mujeres,18,0.686122694000852
2020,Nuevo León,,,Mujeres,19,0.816233424032867
2020,Oaxaca,,,Mujeres,20,0.6685905559814579
2020,Puebla,,,Mujeres,21,0.642995099711009
2020,Querétaro,,,Mujeres,22,0.622801798875116
2020,Quintana Roo,,,Mujeres,23,0.757259546943458
2020,San Luis Potosí,,,Mujeres,24,0.725767104546787
2020,Sinaloa,,,Mujeres,25,0.567399129247117
2020,Sonora,,,Mujeres,26,0.6742216369036121
2020,Tabasco,,,Mujeres,27,0.645547267762199
2020,Tamaulipas,,,Mujeres,28,0.712047110906927
2020,Tlaxcala,,,Mujeres,29,0.740036136978393
2020,Veracruz de Ignacio de la Llave,,,Mujeres,30,0.689639556169724
2020,Yucatán,,,Mujeres,31,0.722373737912211
2020,Zacatecas,,,Mujeres,32,0.695757583989243
