Year,Entidad federativa,GeoCode,Value
2018,Estados Unidos Mexicanos,0,57.28965
2016,Estados Unidos Mexicanos,0,55.79952
2014,Estados Unidos Mexicanos,0,58.47237
2012,Estados Unidos Mexicanos,0,61.23479
2010,Estados Unidos Mexicanos,0,60.73996
2008,Estados Unidos Mexicanos,0,65.00023
2018,Aguascalientes,1,42.31875
2016,Aguascalientes,1,40.4117
2014,Aguascalientes,1,43.19124
2012,Aguascalientes,1,47.62941
2010,Aguascalientes,1,49.26119
2008,Aguascalientes,1,55.32064
2018,Baja California,2,45.24618
2016,Baja California,2,42.98018
2014,Baja California,2,51.84467
2012,Baja California,2,55.70677
2010,Baja California,2,54.65407
2008,Baja California,2,55.0985
2018,Baja California Sur,3,41.05862
2016,Baja California Sur,3,39.9617
2014,Baja California Sur,3,46.62686
2012,Baja California Sur,3,43.52246
2010,Baja California Sur,3,45.93793
2008,Baja California Sur,3,51.45037
2018,Campeche,4,61.54845
2016,Campeche,4,58.97705
2014,Campeche,4,60.14387
2012,Campeche,4,61.0416
2010,Campeche,4,59.97361
2008,Campeche,4,61.90089
2018,Coahuila de Zaragoza,5,30.36454
2016,Coahuila de Zaragoza,5,30.57305
2014,Coahuila de Zaragoza,5,34.1971
2012,Coahuila de Zaragoza,5,34.32879
2010,Coahuila de Zaragoza,5,34.30282
2008,Coahuila de Zaragoza,5,40.50943
2018,Colima,6,48.89113
2016,Colima,6,47.72846
2014,Colima,6,51.91039
2012,Colima,6,50.76972
2010,Colima,6,55.76276
2008,Colima,6,56.02769
2018,Chiapas,7,83.60277
2016,Chiapas,7,81.10035
2014,Chiapas,7,82.75841
2012,Chiapas,7,83.2876
2010,Chiapas,7,82.3702
2008,Chiapas,7,85.42256
2018,Chihuahua,8,42.09536
2016,Chihuahua,8,40.54121
2014,Chihuahua,8,43.36441
2012,Chihuahua,8,48.41763
2010,Chihuahua,8,48.40658
2008,Chihuahua,8,55.87016
2018,Ciudad de México,9,48.34745
2016,Ciudad de México,9,47.04486
2014,Ciudad de México,9,46.27843
2012,Ciudad de México,9,52.51063
2010,Ciudad de México,9,52.389
2008,Ciudad de México,9,52.92275
2018,Durango,10,48.09792
2016,Durango,10,49.0405
2014,Durango,10,51.25595
2012,Durango,10,57.9301
2010,Durango,10,58.66738
2008,Durango,10,58.95701
2018,Guanajuato,11,57.06156
2016,Guanajuato,11,54.49857
2014,Guanajuato,11,57.85304
2012,Guanajuato,11,62.09075
2010,Guanajuato,11,65.72995
2008,Guanajuato,11,66.66137
2018,Guerrero,12,75.58451
2016,Guerrero,12,73.94638
2014,Guerrero,12,78.09936
2012,Guerrero,12,78.53544
2010,Guerrero,12,78.49106
2008,Guerrero,12,81.17036
2018,Hidalgo,13,70.81316
2016,Hidalgo,13,72.09312
2014,Hidalgo,13,68.90018
2012,Hidalgo,13,71.33239
2010,Hidalgo,13,71.83097
2008,Hidalgo,13,77.19708
2018,Jalisco,14,49.78777
2016,Jalisco,14,49.10583
2014,Jalisco,14,49.57427
2012,Jalisco,14,53.50647
2010,Jalisco,14,55.36768
2008,Jalisco,14,57.99437
2018,México,15,59.21583
2016,México,15,55.46641
2014,México,15,60.62837
2012,México,15,64.75635
2010,México,15,59.01692
2008,México,15,68.26378
2018,Michoacán de Ocampo,16,69.47727
2016,Michoacán de Ocampo,16,68.86739
2014,Michoacán de Ocampo,16,71.26406
2012,Michoacán de Ocampo,16,71.64558
2010,Michoacán de Ocampo,16,72.24341
2008,Michoacán de Ocampo,16,77.36782
2018,Morelos,17,66.50474
2016,Morelos,17,62.13137
2014,Morelos,17,66.1953
2012,Morelos,17,64.37988
2010,Morelos,17,64.59216
2008,Morelos,17,72.33971
2018,Nayarit,18,56.07561
2016,Nayarit,18,55.78089
2014,Nayarit,18,54.35411
2012,Nayarit,18,62.55866
2010,Nayarit,18,61.7357
2008,Nayarit,18,66.19282
2018,Nuevo León,19,34.57305
2016,Nuevo León,19,33.63723
2014,Nuevo León,19,33.43607
2012,Nuevo León,19,36.99205
2010,Nuevo León,19,37.18505
2008,Nuevo León,19,44.29697
2018,Oaxaca,20,76.17547
2016,Oaxaca,20,77.92568
2014,Oaxaca,20,77.90832
2012,Oaxaca,20,75.68584
2010,Oaxaca,20,79.40874
2008,Oaxaca,20,80.41515
2018,Puebla,21,72.07366
2016,Puebla,21,69.1952
2014,Puebla,21,75.15373
2012,Puebla,21,77.09566
2010,Puebla,21,72.26573
2008,Puebla,21,78.04888
2018,Querétaro,22,52.6643
2016,Querétaro,22,48.43525
2014,Querétaro,22,54.31309
2012,Querétaro,22,56.73754
2010,Querétaro,22,60.60624
2008,Querétaro,22,57.67726
2018,Quintana Roo,23,51.73703
2016,Quintana Roo,23,48.98781
2014,Quintana Roo,23,51.48709
2012,Quintana Roo,23,54.88294
2010,Quintana Roo,23,53.76689
2008,Quintana Roo,23,58.43659
2018,San Luis Potosí,24,55.51806
2016,San Luis Potosí,24,55.63671
2014,San Luis Potosí,24,59.11518
2012,San Luis Potosí,24,61.58126
2010,San Luis Potosí,24,57.2999
2008,San Luis Potosí,24,64.40599
2018,Sinaloa,25,45.40364
2016,Sinaloa,25,44.70795
2014,Sinaloa,25,49.3346
2012,Sinaloa,25,52.70056
2010,Sinaloa,25,53.60988
2008,Sinaloa,25,58.80976
2018,Sonora,26,40.9888
2016,Sonora,26,41.19957
2014,Sonora,26,41.80258
2012,Sonora,26,46.79504
2010,Sonora,26,46.17514
2008,Sonora,26,48.99583
2018,Tabasco,27,69.05431
2016,Tabasco,27,67.00062
2014,Tabasco,27,72.74712
2012,Tabasco,27,71.165
2010,Tabasco,27,73.25112
2008,Tabasco,27,77.55239
2018,Tamaulipas,28,43.36244
2016,Tamaulipas,28,42.30504
2014,Tamaulipas,28,45.52188
2012,Tamaulipas,28,50.60139
2010,Tamaulipas,28,51.11055
2008,Tamaulipas,28,55.19482
2018,Tlaxcala,29,67.78491
2016,Tlaxcala,29,66.22739
2014,Tlaxcala,29,71.4676
2012,Tlaxcala,29,70.7797
2010,Tlaxcala,29,70.84085
2008,Tlaxcala,29,74.91874
2018,Veracruz de Ignacio de la Llave,30,67.51817
2016,Veracruz de Ignacio de la Llave,30,68.00305
2014,Veracruz de Ignacio de la Llave,30,68.45556
2012,Veracruz de Ignacio de la Llave,30,68.47036
2010,Veracruz de Ignacio de la Llave,30,69.23161
2008,Veracruz de Ignacio de la Llave,30,72.10013
2018,Yucatán,31,55.34276
2016,Yucatán,31,54.17501
2014,Yucatán,31,54.44954
2012,Yucatán,31,58.77244
2010,Yucatán,31,56.86027
2008,Yucatán,31,61.02475
2018,Zacatecas,32,62.63975
2016,Zacatecas,32,60.44157
2014,Zacatecas,32,63.36922
2012,Zacatecas,32,62.94785
2010,Zacatecas,32,66.55739
2008,Zacatecas,32,67.84275
