Year,Entidad federativa,Sexo,GeoCode,Value
2021,Estados Unidos Mexicanos,Total,0,6.443657280000016
2020,Estados Unidos Mexicanos,Total,0,6.590297933999985
2019,Estados Unidos Mexicanos,Total,0,7.980362756588216
2018,Estados Unidos Mexicanos,Total,0,9.248042367520236
2017,Estados Unidos Mexicanos,Total,0,9.72099857525486
2016,Estados Unidos Mexicanos,Total,0,8.856306395533592
2015,Estados Unidos Mexicanos,Total,0,9.034259442189498
2021,Estados Unidos Mexicanos,Hombres,0,7.530007584000008
2020,Estados Unidos Mexicanos,Hombres,0,7.610244605000018
2019,Estados Unidos Mexicanos,Hombres,0,9.12060164372602
2018,Estados Unidos Mexicanos,Hombres,0,10.3677200824728
2017,Estados Unidos Mexicanos,Hombres,0,11.238093719333005
2016,Estados Unidos Mexicanos,Hombres,0,10.413943402759513
2015,Estados Unidos Mexicanos,Hombres,0,10.675468905403015
2021,Estados Unidos Mexicanos,Mujeres,0,5.510980336999989
2020,Estados Unidos Mexicanos,Mujeres,0,5.7041466990000025
2019,Estados Unidos Mexicanos,Mujeres,0,6.993094412827994
2018,Estados Unidos Mexicanos,Mujeres,0,8.256198456802501
2017,Estados Unidos Mexicanos,Mujeres,0,8.391225038069054
2016,Estados Unidos Mexicanos,Mujeres,0,7.481483285163198
2015,Estados Unidos Mexicanos,Mujeres,0,7.595574521055458
2021,Aguascalientes,Total,1,4.1075599609999935
2020,Aguascalientes,Total,1,4.456512282000001
2019,Aguascalientes,Total,1,5.906645122412972
2018,Aguascalientes,Total,1,4.892604878829158
2017,Aguascalientes,Total,1,6.332191652778048
2016,Aguascalientes,Total,1,5.11498003063666
2015,Aguascalientes,Total,1,5.211498622876845
2021,Aguascalientes,Hombres,1,5.553741711000003
2020,Aguascalientes,Hombres,1,5.88968581100001
2019,Aguascalientes,Hombres,1,6.398602514925833
2018,Aguascalientes,Hombres,1,4.882759431017908
2017,Aguascalientes,Hombres,1,9.191878792997638
2016,Aguascalientes,Hombres,1,6.042079592709191
2015,Aguascalientes,Hombres,1,6.000932153963308
2021,Aguascalientes,Mujeres,1,2.988540993
2020,Aguascalientes,Mujeres,1,3.2468925530000057
2019,Aguascalientes,Mujeres,1,5.474421111473973
2018,Aguascalientes,Mujeres,1,4.900786184310891
2017,Aguascalientes,Mujeres,1,3.934250707194439
2016,Aguascalientes,Mujeres,1,4.271719822900932
2015,Aguascalientes,Mujeres,1,4.524447577186255
2021,Baja California,Total,2,4.192246635999994
2020,Baja California,Total,2,3.6699817489999913
2019,Baja California,Total,2,5.251130497321239
2018,Baja California,Total,2,6.207382365610112
2017,Baja California,Total,2,5.998765027405731
2016,Baja California,Total,2,5.910886221166047
2015,Baja California,Total,2,4.044123425153043
2021,Baja California,Hombres,2,5.650489966000007
2020,Baja California,Hombres,2,3.309393361999995
2019,Baja California,Hombres,2,6.480377635222309
2018,Baja California,Hombres,2,7.490908972500189
2017,Baja California,Hombres,2,6.005166956876305
2016,Baja California,Hombres,2,6.7875334783823
2015,Baja California,Hombres,2,4.833680016612638
2021,Baja California,Mujeres,2,2.8769918849999967
2020,Baja California,Mujeres,2,4.012159055999987
2019,Baja California,Mujeres,2,4.0659817041882285
2018,Baja California,Mujeres,2,5.034143597322097
2017,Baja California,Mujeres,2,5.992850785819203
2016,Baja California,Mujeres,2,5.043538081455304
2015,Baja California,Mujeres,2,3.3438429181266964
2021,Baja California Sur,Total,3,1.9956080700000025
2020,Baja California Sur,Total,3,2.158938559999998
2019,Baja California Sur,Total,3,2.185156677749297
2018,Baja California Sur,Total,3,3.252036594389906
2017,Baja California Sur,Total,3,2.2151708760344797
2016,Baja California Sur,Total,3,2.2652706616172877
2015,Baja California Sur,Total,3,2.767803876667001
2021,Baja California Sur,Hombres,3,2.412617078999997
2020,Baja California Sur,Hombres,3,2.425639561000001
2019,Baja California Sur,Hombres,3,2.754420824490616
2018,Baja California Sur,Hombres,3,4.507174496922929
2017,Baja California Sur,Hombres,3,2.383693584280474
2016,Baja California Sur,Hombres,3,2.575400316734124
2015,Baja California Sur,Hombres,3,3.6375690127374622
2021,Baja California Sur,Mujeres,3,1.5811283189999965
2020,Baja California Sur,Mujeres,3,1.888393365000005
2019,Baja California Sur,Mujeres,3,1.6320604763513915
2018,Baja California Sur,Mujeres,3,1.8756916525417768
2017,Baja California Sur,Mujeres,3,2.0541305667642646
2016,Baja California Sur,Mujeres,3,1.947107139633543
2015,Baja California Sur,Mujeres,3,1.85737146670914
2021,Campeche,Total,4,2.179394519
2020,Campeche,Total,4,2.9837414799999955
2019,Campeche,Total,4,2.895397098469195
2018,Campeche,Total,4,4.585023506212099
2017,Campeche,Total,4,5.190188133185608
2016,Campeche,Total,4,4.112440701789623
2015,Campeche,Total,4,4.001676128336211
2021,Campeche,Hombres,4,2.192651256999997
2020,Campeche,Hombres,4,3.312414229000008
2019,Campeche,Hombres,4,3.05044209084042
2018,Campeche,Hombres,4,4.272702839908007
2017,Campeche,Hombres,4,6.486634489257911
2016,Campeche,Hombres,4,4.400442183817507
2015,Campeche,Hombres,4,5.138745482705199
2021,Campeche,Mujeres,4,2.1669860730000017
2020,Campeche,Mujeres,4,2.664682848999996
2019,Campeche,Mujeres,4,2.753701369303997
2018,Campeche,Mujeres,4,4.900067776187975
2017,Campeche,Mujeres,4,3.940434647834592
2016,Campeche,Mujeres,4,3.8424010675194
2015,Campeche,Mujeres,4,2.8755943555396475
2021,Coahuila de Zaragoza,Total,5,2.5004659440000023
2020,Coahuila de Zaragoza,Total,5,3.673423345999994
2019,Coahuila de Zaragoza,Total,5,3.409456931923404
2018,Coahuila de Zaragoza,Total,5,3.5688383756933044
2017,Coahuila de Zaragoza,Total,5,4.532870991053362
2016,Coahuila de Zaragoza,Total,5,3.8433454474839017
2015,Coahuila de Zaragoza,Total,5,3.5512880533397038
2021,Coahuila de Zaragoza,Hombres,5,2.488216684999998
2020,Coahuila de Zaragoza,Hombres,5,3.948173369000005
2019,Coahuila de Zaragoza,Hombres,5,3.631229915817399
2018,Coahuila de Zaragoza,Hombres,5,3.78194945138176
2017,Coahuila de Zaragoza,Hombres,5,5.18920336804554
2016,Coahuila de Zaragoza,Hombres,5,4.56793340762681
2015,Coahuila de Zaragoza,Hombres,5,3.5463003746548774
2021,Coahuila de Zaragoza,Mujeres,5,2.511846868000001
2020,Coahuila de Zaragoza,Mujeres,5,3.4282657699999968
2019,Coahuila de Zaragoza,Mujeres,5,3.211444179917787
2018,Coahuila de Zaragoza,Mujeres,5,3.3725879515103947
2017,Coahuila de Zaragoza,Mujeres,5,3.960123168428152
2016,Coahuila de Zaragoza,Mujeres,5,3.164760112209096
2015,Coahuila de Zaragoza,Mujeres,5,3.556031373469863
2021,Colima,Total,6,2.478054516999998
2020,Colima,Total,6,2.123737973000003
2019,Colima,Total,6,3.3482649528997834
2018,Colima,Total,6,2.50226684291598
2017,Colima,Total,6,2.976323791230263
2016,Colima,Total,6,3.041979509703352
2015,Colima,Total,6,2.334353426802357
2021,Colima,Hombres,6,3.265988445000004
2020,Colima,Hombres,6,2.469780082
2019,Colima,Hombres,6,3.843596322830535
2018,Colima,Hombres,6,2.5889221205945363
2017,Colima,Hombres,6,3.7164167134493487
2016,Colima,Hombres,6,3.9554807554063247
2015,Colima,Hombres,6,2.9536769783031027
2021,Colima,Mujeres,6,1.7739447970000044
2020,Colima,Mujeres,6,1.799714768000001
2019,Colima,Mujeres,6,2.9054047245575663
2018,Colima,Mujeres,6,2.4217819904547477
2017,Colima,Mujeres,6,2.3111742192173783
2016,Colima,Mujeres,6,2.2788530491272856
2015,Colima,Mujeres,6,1.804752282070944
2021,Chiapas,Total,7,3.2541417279999942
2020,Chiapas,Total,7,4.08611675700001
2019,Chiapas,Total,7,2.7670550094874984
2018,Chiapas,Total,7,4.470886735261997
2017,Chiapas,Total,7,4.831611633364775
2016,Chiapas,Total,7,4.399912165909654
2015,Chiapas,Total,7,3.762466793145222
2021,Chiapas,Hombres,7,3.969569906000003
2020,Chiapas,Hombres,7,5.647672787
2019,Chiapas,Hombres,7,2.713003621246624
2018,Chiapas,Hombres,7,5.766968284386889
2017,Chiapas,Hombres,7,5.446012666859257
2016,Chiapas,Hombres,7,5.392746113989646
2015,Chiapas,Hombres,7,4.821482845314637
2021,Chiapas,Mujeres,7,2.683480776000006
2020,Chiapas,Mujeres,7,2.842479213999997
2019,Chiapas,Mujeres,7,2.815871655854896
2018,Chiapas,Mujeres,7,3.394002916267295
2017,Chiapas,Mujeres,7,4.301075868935643
2016,Chiapas,Mujeres,7,3.5606728917878865
2015,Chiapas,Mujeres,7,2.7889144628793985
2021,Chihuahua,Total,8,3.096877500000004
2020,Chihuahua,Total,8,3.339500095999996
2019,Chihuahua,Total,8,2.978073388994422
2018,Chihuahua,Total,8,3.980593590558161
2017,Chihuahua,Total,8,4.422993732262271
2016,Chihuahua,Total,8,4.135297146782832
2015,Chihuahua,Total,8,4.25632919523002
2021,Chihuahua,Hombres,8,4.046108507999989
2020,Chihuahua,Hombres,8,4.441898560000014
2019,Chihuahua,Hombres,8,3.8254581186070142
2018,Chihuahua,Hombres,8,4.362330541021255
2017,Chihuahua,Hombres,8,4.53667523377174
2016,Chihuahua,Hombres,8,5.028173432393703
2015,Chihuahua,Hombres,8,4.57034000148053
2021,Chihuahua,Mujeres,8,2.236221239999999
2020,Chihuahua,Mujeres,8,2.419447278999997
2019,Chihuahua,Mujeres,8,2.1888903874249137
2018,Chihuahua,Mujeres,8,3.628969897219533
2017,Chihuahua,Mujeres,8,4.318610757195075
2016,Chihuahua,Mujeres,8,3.261526791834608
2015,Chihuahua,Mujeres,8,3.9398929437299977
2021,Ciudad de México,Total,9,10.867963919999982
2020,Ciudad de México,Total,9,12.88180985000002
2019,Ciudad de México,Total,9,16.515124509138378
2018,Ciudad de México,Total,9,20.359142046828776
2017,Ciudad de México,Total,9,20.508362015400973
2016,Ciudad de México,Total,9,16.628146985079354
2015,Ciudad de México,Total,9,18.913086668222405
2021,Ciudad de México,Hombres,9,12.843848929999982
2020,Ciudad de México,Hombres,9,14.396349030000009
2019,Ciudad de México,Hombres,9,18.467976176844736
2018,Ciudad de México,Hombres,9,22.88819576902386
2017,Ciudad de México,Hombres,9,23.69364272688956
2016,Ciudad de México,Hombres,9,17.222328221296433
2015,Ciudad de México,Hombres,9,20.55674925674093
2021,Ciudad de México,Mujeres,9,9.141286712000008
2020,Ciudad de México,Mujeres,9,11.569996610000011
2019,Ciudad de México,Mujeres,9,14.805062199125874
2018,Ciudad de México,Mujeres,9,18.227437246525326
2017,Ciudad de México,Mujeres,9,17.81519227630749
2016,Ciudad de México,Mujeres,9,16.102999120281307
2015,Ciudad de México,Mujeres,9,17.53743329221317
2021,Durango,Total,10,2.7643444419999983
2020,Durango,Total,10,2.1654377160000062
2019,Durango,Total,10,2.5097175352092576
2018,Durango,Total,10,3.5496207673588143
2017,Durango,Total,10,3.0766262311035053
2016,Durango,Total,10,3.435617070592404
2015,Durango,Total,10,5.042419507897571
2021,Durango,Hombres,10,2.3821450440000014
2020,Durango,Hombres,10,2.1436521340000048
2019,Durango,Hombres,10,3.4930657457226046
2018,Durango,Hombres,10,4.29114379140914
2017,Durango,Hombres,10,3.856858636527192
2016,Durango,Hombres,10,3.9331256110341393
2015,Durango,Hombres,10,6.269494417068615
2021,Durango,Mujeres,10,3.0832209920000047
2020,Durango,Mujeres,10,2.1840134519999945
2019,Durango,Mujeres,10,1.6016218493401744
2018,Durango,Mujeres,10,2.881463392811687
2017,Durango,Mujeres,10,2.368907745865973
2016,Durango,Mujeres,10,2.971766009698777
2015,Durango,Mujeres,10,3.9162142986783697
2021,Guanajuato,Total,11,5.931942658000015
2020,Guanajuato,Total,11,6.481150469
2019,Guanajuato,Total,11,9.09070791724003
2018,Guanajuato,Total,11,7.343684493518563
2017,Guanajuato,Total,11,6.845918701451436
2016,Guanajuato,Total,11,8.31886606323158
2015,Guanajuato,Total,11,7.730263669273883
2021,Guanajuato,Hombres,11,7.512632227000014
2020,Guanajuato,Hombres,11,8.488878406000017
2019,Guanajuato,Hombres,11,8.86826853188574
2018,Guanajuato,Hombres,11,8.119171806795208
2017,Guanajuato,Hombres,11,7.067517338149743
2016,Guanajuato,Hombres,11,11.281167878964492
2015,Guanajuato,Hombres,11,8.053640075301239
2021,Guanajuato,Mujeres,11,4.664737955000003
2020,Guanajuato,Mujeres,11,4.861014608000004
2019,Guanajuato,Mujeres,11,9.26002256207006
2018,Guanajuato,Mujeres,11,6.690759083857872
2017,Guanajuato,Mujeres,11,6.659127515448658
2016,Guanajuato,Mujeres,11,5.761950822815039
2015,Guanajuato,Mujeres,11,7.463846807432789
2021,Guerrero,Total,12,3.363965598999996
2020,Guerrero,Total,12,3.522019820000009
2019,Guerrero,Total,12,4.665529716488022
2018,Guerrero,Total,12,5.271815989903977
2017,Guerrero,Total,12,6.94380266520241
2016,Guerrero,Total,12,7.523849239462948
2015,Guerrero,Total,12,6.803055914401311
2021,Guerrero,Hombres,12,4.045671760000004
2020,Guerrero,Hombres,12,3.905208362999989
2019,Guerrero,Hombres,12,5.372725393345369
2018,Guerrero,Hombres,12,5.871400323665202
2017,Guerrero,Hombres,12,8.844215815558757
2016,Guerrero,Hombres,12,8.024523894822526
2015,Guerrero,Hombres,12,8.7037160457389
2021,Guerrero,Mujeres,12,2.808377334
2020,Guerrero,Mujeres,12,3.185428951999996
2019,Guerrero,Mujeres,12,4.0495844776875884
2018,Guerrero,Mujeres,12,4.768057003689704
2017,Guerrero,Mujeres,12,5.392816788289236
2016,Guerrero,Mujeres,12,7.09230836916831
2015,Guerrero,Mujeres,12,5.171016928783351
2021,Hidalgo,Total,13,2.6939035639999998
2020,Hidalgo,Total,13,3.885601732999991
2019,Hidalgo,Total,13,4.488594415791216
2018,Hidalgo,Total,13,5.484316944190182
2017,Hidalgo,Total,13,4.8319454440910485
2016,Hidalgo,Total,13,5.417218238998533
2015,Hidalgo,Total,13,3.5513046179333267
2021,Hidalgo,Hombres,13,3.335335772000004
2020,Hidalgo,Hombres,13,4.406393967999989
2019,Hidalgo,Hombres,13,5.680471114145927
2018,Hidalgo,Hombres,13,5.704918942512212
2017,Hidalgo,Hombres,13,6.785444724326374
2016,Hidalgo,Hombres,13,6.784565989928977
2015,Hidalgo,Hombres,13,4.011498698315037
2021,Hidalgo,Mujeres,13,2.153558903999996
2020,Hidalgo,Mujeres,13,3.462496547
2019,Hidalgo,Mujeres,13,3.531067310305117
2018,Hidalgo,Mujeres,13,5.297952942746222
2017,Hidalgo,Mujeres,13,3.2834890292073875
2016,Hidalgo,Mujeres,13,4.315765526375671
2015,Hidalgo,Mujeres,13,3.1771657053824174
2021,Jalisco,Total,14,4.817339296
2020,Jalisco,Total,14,6.038498581999991
2019,Jalisco,Total,14,5.970719483464458
2018,Jalisco,Total,14,7.216287411197615
2017,Jalisco,Total,14,7.495050338546776
2016,Jalisco,Total,14,5.75740188597922
2015,Jalisco,Total,14,8.51449150552528
2021,Jalisco,Hombres,14,5.728588546999992
2020,Jalisco,Hombres,14,7.402267971000008
2019,Jalisco,Hombres,14,6.765877550655772
2018,Jalisco,Hombres,14,8.300189987055804
2017,Jalisco,Hombres,14,8.85991400094486
2016,Jalisco,Hombres,14,6.654231217332266
2015,Jalisco,Hombres,14,9.94718546066017
2021,Jalisco,Mujeres,14,4.018845199999991
2020,Jalisco,Mujeres,14,4.897288690999984
2019,Jalisco,Mujeres,14,5.2920954994124285
2018,Jalisco,Mujeres,14,6.230285222238392
2017,Jalisco,Mujeres,14,6.282888970501508
2016,Jalisco,Mujeres,14,4.939157887369779
2015,Jalisco,Mujeres,14,7.198289413513186
2021,México,Total,15,17.06213094999999
2020,México,Total,15,14.840355750000022
2019,México,Total,15,20.052274853861675
2018,México,Total,15,23.54658830991896
2017,México,Total,15,24.010181051043094
2016,México,Total,15,23.946813521686185
2015,México,Total,15,23.75735871317723
2021,México,Hombres,15,18.96162174000002
2020,México,Hombres,15,16.921389339999962
2019,México,Hombres,15,24.715072467889843
2018,México,Hombres,15,26.186979384005543
2017,México,Hombres,15,27.861571747109014
2016,México,Hombres,15,29.633870003418
2015,México,Hombres,15,29.80730037656203
2021,México,Mujeres,15,15.39924678000005
2020,México,Mujeres,15,13.018424939999989
2019,México,Mujeres,15,16.35195908445918
2018,México,Mujeres,15,21.136871356590465
2017,México,Mujeres,15,20.595608694879942
2016,México,Mujeres,15,18.88388004398716
2015,México,Mujeres,15,18.356498080462657
2021,Michoacán de Ocampo,Total,16,2.109711921000006
2020,Michoacán de Ocampo,Total,16,3.695365862000005
2019,Michoacán de Ocampo,Total,16,3.39940687367914
2018,Michoacán de Ocampo,Total,16,3.2774857260043144
2017,Michoacán de Ocampo,Total,16,3.99351762832238
2016,Michoacán de Ocampo,Total,16,3.2754338091239847
2015,Michoacán de Ocampo,Total,16,3.583275732923032
2021,Michoacán de Ocampo,Hombres,16,2.5814612579999947
2020,Michoacán de Ocampo,Hombres,16,3.769014618000013
2019,Michoacán de Ocampo,Hombres,16,3.9827007401573833
2018,Michoacán de Ocampo,Hombres,16,3.123013146474041
2017,Michoacán de Ocampo,Hombres,16,4.279695086391033
2016,Michoacán de Ocampo,Hombres,16,3.021828237748496
2015,Michoacán de Ocampo,Hombres,16,3.690675274185253
2021,Michoacán de Ocampo,Mujeres,16,1.7404521210000026
2020,Michoacán de Ocampo,Mujeres,16,3.632764366000003
2019,Michoacán de Ocampo,Mujeres,16,2.898515838846777
2018,Michoacán de Ocampo,Mujeres,16,3.410765136471368
2017,Michoacán de Ocampo,Mujeres,16,3.748792316150233
2016,Michoacán de Ocampo,Mujeres,16,3.478781603466062
2015,Michoacán de Ocampo,Mujeres,16,3.492976308498227
2021,Morelos,Total,17,6.611099384999991
2020,Morelos,Total,17,7.100639452999991
2019,Morelos,Total,17,8.585056823740159
2018,Morelos,Total,17,7.921332738478093
2017,Morelos,Total,17,11.431327790531292
2016,Morelos,Total,17,9.189207459053328
2015,Morelos,Total,17,10.729842956862202
2021,Morelos,Hombres,17,7.647665779000015
2020,Morelos,Hombres,17,8.075933917000015
2019,Morelos,Hombres,17,9.76676107742317
2018,Morelos,Hombres,17,8.681503891386676
2017,Morelos,Hombres,17,12.76752756721771
2016,Morelos,Hombres,17,10.348632271384217
2015,Morelos,Hombres,17,13.414171361763916
2021,Morelos,Mujeres,17,5.730755150000009
2020,Morelos,Mujeres,17,6.233899385999993
2019,Morelos,Mujeres,17,7.572739890069694
2018,Morelos,Mujeres,17,7.293889153642706
2017,Morelos,Mujeres,17,10.1406661914622
2016,Morelos,Mujeres,17,8.221893961652796
2015,Morelos,Mujeres,17,8.437264250476824
2021,Nayarit,Total,18,2.060280030000001
2020,Nayarit,Total,18,1.4676797920000026
2019,Nayarit,Total,18,1.7348708085009636
2018,Nayarit,Total,18,3.126900113754406
2017,Nayarit,Total,18,3.4438074339463878
2016,Nayarit,Total,18,1.8997575726284657
2015,Nayarit,Total,18,3.1211197448974035
2021,Nayarit,Hombres,18,2.514683326000005
2020,Nayarit,Hombres,18,0.7406868749999992
2019,Nayarit,Hombres,18,1.7015654869301573
2018,Nayarit,Hombres,18,2.925254037712952
2017,Nayarit,Hombres,18,3.1250598120466258
2016,Nayarit,Hombres,18,1.759124541441273
2015,Nayarit,Hombres,18,4.07393615558982
2021,Nayarit,Mujeres,18,1.6778608010000018
2020,Nayarit,Mujeres,18,2.0724190900000043
2019,Nayarit,Mujeres,18,1.7622353482663369
2018,Nayarit,Mujeres,18,3.308254014928266
2017,Nayarit,Mujeres,18,3.728525237587421
2016,Nayarit,Mujeres,18,2.0253743843568355
2015,Nayarit,Mujeres,18,2.241485125214006
2021,Nuevo León,Total,19,4.969740501999998
2020,Nuevo León,Total,19,4.397488796999998
2019,Nuevo León,Total,19,4.603668620920631
2018,Nuevo León,Total,19,5.01234897277527
2017,Nuevo León,Total,19,6.838062840521308
2016,Nuevo León,Total,19,6.537557649447222
2015,Nuevo León,Total,19,5.511639433207281
2021,Nuevo León,Hombres,19,5.552911392000013
2020,Nuevo León,Hombres,19,5.704967484000005
2019,Nuevo León,Hombres,19,4.306794723898407
2018,Nuevo León,Hombres,19,5.8584522095502525
2017,Nuevo León,Hombres,19,7.382150627431176
2016,Nuevo León,Hombres,19,6.639148788580996
2015,Nuevo León,Hombres,19,6.517712875517001
2021,Nuevo León,Mujeres,19,4.402382257999992
2020,Nuevo León,Mujeres,19,3.1067420480000005
2019,Nuevo León,Mujeres,19,4.903892226139496
2018,Nuevo León,Mujeres,19,4.211424353290922
2017,Nuevo León,Mujeres,19,6.3245640234290565
2016,Nuevo León,Mujeres,19,6.446012033800351
2015,Nuevo León,Mujeres,19,4.625758271503502
2021,Oaxaca,Total,20,4.026617589000008
2020,Oaxaca,Total,20,4.995353266000006
2019,Oaxaca,Total,20,4.400416974707977
2018,Oaxaca,Total,20,5.678576310347395
2017,Oaxaca,Total,20,5.800691409026473
2016,Oaxaca,Total,20,5.615220688320043
2015,Oaxaca,Total,20,5.8317335536498005
2021,Oaxaca,Hombres,20,5.432986946000017
2020,Oaxaca,Hombres,20,5.661515980999988
2019,Oaxaca,Hombres,20,5.335986727646289
2018,Oaxaca,Hombres,20,6.157357626772058
2017,Oaxaca,Hombres,20,7.081839401304244
2016,Oaxaca,Hombres,20,5.474536935184122
2015,Oaxaca,Hombres,20,5.9953147761722985
2021,Oaxaca,Mujeres,20,2.9607698909999995
2020,Oaxaca,Mujeres,20,4.383537600000006
2019,Oaxaca,Mujeres,20,3.660094726903136
2018,Oaxaca,Mujeres,20,5.293737125223027
2017,Oaxaca,Mujeres,20,4.653214575979643
2016,Oaxaca,Mujeres,20,5.738566740104944
2015,Oaxaca,Mujeres,20,5.692895263369679
2021,Puebla,Total,21,8.330355693
2020,Puebla,Total,21,8.971325396999996
2019,Puebla,Total,21,9.19039193895732
2018,Puebla,Total,21,10.488201894951777
2017,Puebla,Total,21,10.68129612317511
2016,Puebla,Total,21,8.174311035881237
2015,Puebla,Total,21,7.175516504462702
2021,Puebla,Hombres,21,9.398570681000006
2020,Puebla,Hombres,21,10.477500269999997
2019,Puebla,Hombres,21,10.850066827401184
2018,Puebla,Hombres,21,11.460515351096094
2017,Puebla,Hombres,21,12.411804231932669
2016,Puebla,Hombres,21,9.452917070637472
2015,Puebla,Hombres,21,7.974580396638915
2021,Puebla,Mujeres,21,7.494852247000014
2020,Puebla,Mujeres,21,7.7540792510000065
2019,Puebla,Mujeres,21,7.7760204896765135
2018,Puebla,Mujeres,21,9.616929720623828
2017,Puebla,Mujeres,21,9.2451481621797
2016,Puebla,Mujeres,21,7.084260714290506
2015,Puebla,Mujeres,21,6.493687094438011
2021,Querétaro,Total,22,4.239171982000005
2020,Querétaro,Total,22,4.388374172
2019,Querétaro,Total,22,5.201900299805856
2018,Querétaro,Total,22,5.389979034812008
2017,Querétaro,Total,22,4.88962359584225
2016,Querétaro,Total,22,3.712136744758239
2015,Querétaro,Total,22,4.725251229420565
2021,Querétaro,Hombres,22,5.687318295999986
2020,Querétaro,Hombres,22,4.900010810000014
2019,Querétaro,Hombres,22,6.437254819005566
2018,Querétaro,Hombres,22,7.136959204413448
2017,Querétaro,Hombres,22,5.249427742042724
2016,Querétaro,Hombres,22,4.781568109410209
2015,Querétaro,Hombres,22,5.726968664745147
2021,Querétaro,Mujeres,22,3.135276927999997
2020,Querétaro,Mujeres,22,3.980267873000002
2019,Querétaro,Mujeres,22,4.194046353745761
2018,Querétaro,Mujeres,22,3.960877412842023
2017,Querétaro,Mujeres,22,4.605763446718191
2016,Querétaro,Mujeres,22,2.7904391328515845
2015,Querétaro,Mujeres,22,3.818695650960945
2021,Quintana Roo,Total,23,4.631047202999991
2020,Quintana Roo,Total,23,6.962082108000003
2019,Quintana Roo,Total,23,6.309948492606507
2018,Quintana Roo,Total,23,6.533238191884494
2017,Quintana Roo,Total,23,7.073768053307277
2016,Quintana Roo,Total,23,5.460970153830017
2015,Quintana Roo,Total,23,6.793959787942218
2021,Quintana Roo,Hombres,23,5.006389389999992
2020,Quintana Roo,Hombres,23,7.477951586000011
2019,Quintana Roo,Hombres,23,6.55527614669719
2018,Quintana Roo,Hombres,23,7.171148772407752
2017,Quintana Roo,Hombres,23,8.221507700993499
2016,Quintana Roo,Hombres,23,7.076485975231295
2015,Quintana Roo,Hombres,23,7.529052561816313
2021,Quintana Roo,Mujeres,23,4.269616457999987
2020,Quintana Roo,Mujeres,23,6.472785951999988
2019,Quintana Roo,Mujeres,23,6.080078641914619
2018,Quintana Roo,Mujeres,23,5.900748882576719
2017,Quintana Roo,Mujeres,23,5.947726877409617
2016,Quintana Roo,Mujeres,23,3.963177049882245
2015,Quintana Roo,Mujeres,23,6.123881443973991
2021,San Luis Potosí,Total,24,4.833340854000008
2020,San Luis Potosí,Total,24,4.275545168000005
2019,San Luis Potosí,Total,24,5.630932079264384
2018,San Luis Potosí,Total,24,5.660879151803589
2017,San Luis Potosí,Total,24,6.220935765265645
2016,San Luis Potosí,Total,24,4.472502618567547
2015,San Luis Potosí,Total,24,3.9667132329465753
2021,San Luis Potosí,Hombres,24,5.407905573999991
2020,San Luis Potosí,Hombres,24,4.204667626000002
2019,San Luis Potosí,Hombres,24,6.216309040088359
2018,San Luis Potosí,Hombres,24,7.356491868584468
2017,San Luis Potosí,Hombres,24,8.607809417529433
2016,San Luis Potosí,Hombres,24,5.4368669208383125
2015,San Luis Potosí,Hombres,24,4.458615097457244
2021,San Luis Potosí,Mujeres,24,4.334365325000008
2020,San Luis Potosí,Mujeres,24,4.336983536999994
2019,San Luis Potosí,Mujeres,24,5.118723652540426
2018,San Luis Potosí,Mujeres,24,4.225019632106236
2017,San Luis Potosí,Mujeres,24,4.355438929949614
2016,San Luis Potosí,Mujeres,24,3.6728356469060377
2015,San Luis Potosí,Mujeres,24,3.568420072028419
2021,Sinaloa,Total,25,2.556766453000001
2020,Sinaloa,Total,25,2.6839793440000013
2019,Sinaloa,Total,25,3.784383641391345
2018,Sinaloa,Total,25,4.368465297487536
2017,Sinaloa,Total,25,5.473238441195243
2016,Sinaloa,Total,25,4.191665144846968
2015,Sinaloa,Total,25,3.7654474211449993
2021,Sinaloa,Hombres,25,2.38668281
2020,Sinaloa,Hombres,25,2.659716554
2019,Sinaloa,Hombres,25,3.71758705013383
2018,Sinaloa,Hombres,25,3.721516326805783
2017,Sinaloa,Hombres,25,5.879090294024461
2016,Sinaloa,Hombres,25,3.914434345850278
2015,Sinaloa,Hombres,25,4.24449056739816
2021,Sinaloa,Mujeres,25,2.706294634
2020,Sinaloa,Mujeres,25,2.707777627999995
2019,Sinaloa,Mujeres,25,3.844148636852084
2018,Sinaloa,Mujeres,25,4.956371712111844
2017,Sinaloa,Mujeres,25,5.1056457547541285
2016,Sinaloa,Mujeres,25,4.447266238742158
2015,Sinaloa,Mujeres,25,3.3265351769203626
2021,Sonora,Total,26,2.538702449000004
2020,Sonora,Total,26,2.244142861
2019,Sonora,Total,26,2.3748379834148827
2018,Sonora,Total,26,3.4722044793737283
2017,Sonora,Total,26,3.835560125308802
2016,Sonora,Total,26,3.91877403680644
2015,Sonora,Total,26,4.908550961393749
2021,Sonora,Hombres,26,2.5915800239999967
2020,Sonora,Hombres,26,3.4522048260000093
2019,Sonora,Hombres,26,3.210104880777025
2018,Sonora,Hombres,26,4.011877924488987
2017,Sonora,Hombres,26,5.4593465338690415
2016,Sonora,Hombres,26,5.3909050613479295
2015,Sonora,Hombres,26,6.102316922467899
2021,Sonora,Mujeres,26,2.487867010999996
2020,Sonora,Mujeres,26,1.1415738909999975
2019,Sonora,Mujeres,26,1.5852464765999537
2018,Sonora,Mujeres,26,2.95279448860316
2017,Sonora,Mujeres,26,2.4425536633833413
2016,Sonora,Mujeres,26,2.616797138909152
2015,Sonora,Mujeres,26,3.861109337859504
2021,Tabasco,Total,27,6.180556181000006
2020,Tabasco,Total,27,6.829054176
2019,Tabasco,Total,27,8.162590216519668
2018,Tabasco,Total,27,9.879774294610597
2017,Tabasco,Total,27,11.428806541905711
2016,Tabasco,Total,27,10.19277259547639
2015,Tabasco,Total,27,7.846946403779528
2021,Tabasco,Hombres,27,7.631760807999991
2020,Tabasco,Hombres,27,8.66115003300001
2019,Tabasco,Hombres,27,8.668570864757246
2018,Tabasco,Hombres,27,11.730444178947971
2017,Tabasco,Hombres,27,13.489400640536813
2016,Tabasco,Hombres,27,11.948253242768564
2015,Tabasco,Hombres,27,8.954055551547095
2021,Tabasco,Mujeres,27,4.879873298000006
2020,Tabasco,Mujeres,27,5.303714621999996
2019,Tabasco,Mujeres,27,7.720795329284986
2018,Tabasco,Mujeres,27,8.285130179254248
2017,Tabasco,Mujeres,27,9.622693257062258
2016,Tabasco,Mujeres,27,8.667611899826733
2015,Tabasco,Mujeres,27,6.87711306027776
2021,Tamaulipas,Total,28,2.147239264000005
2020,Tamaulipas,Total,28,2.717929808999998
2019,Tamaulipas,Total,28,2.4540730202544982
2018,Tamaulipas,Total,28,3.670549670166965
2017,Tamaulipas,Total,28,3.6676367790996074
2016,Tamaulipas,Total,28,3.3515690546662027
2015,Tamaulipas,Total,28,2.722876981118496
2021,Tamaulipas,Hombres,28,2.407828676000003
2020,Tamaulipas,Hombres,28,3.3811880480000087
2019,Tamaulipas,Hombres,28,3.2407615824646565
2018,Tamaulipas,Hombres,28,4.108771751475504
2017,Tamaulipas,Hombres,28,4.252535023175128
2016,Tamaulipas,Hombres,28,3.976138690417767
2015,Tamaulipas,Hombres,28,2.4872305983791363
2021,Tamaulipas,Mujeres,28,1.9162308589999968
2020,Tamaulipas,Mujeres,28,2.1180153679999947
2019,Tamaulipas,Mujeres,28,1.727328720909136
2018,Tamaulipas,Mujeres,28,3.29133329103043
2017,Tamaulipas,Mujeres,28,3.174356751183385
2016,Tamaulipas,Mujeres,28,2.7955921116673204
2015,Tamaulipas,Mujeres,28,2.9275340626713326
2021,Tlaxcala,Total,29,5.922464812000006
2020,Tlaxcala,Total,29,6.38248879399999
2019,Tlaxcala,Total,29,8.237289531797705
2018,Tlaxcala,Total,29,7.500352771016316
2017,Tlaxcala,Total,29,8.238983604922398
2016,Tlaxcala,Total,29,5.870310950285595
2015,Tlaxcala,Total,29,6.6201959924903
2021,Tlaxcala,Hombres,29,7.277527780000011
2020,Tlaxcala,Hombres,29,7.19847342000002
2019,Tlaxcala,Hombres,29,10.259945318795191
2018,Tlaxcala,Hombres,29,10.254043663456512
2017,Tlaxcala,Hombres,29,9.41659732530171
2016,Tlaxcala,Hombres,29,6.419373915982081
2015,Tlaxcala,Hombres,29,7.9652848714392785
2021,Tlaxcala,Mujeres,29,4.778090159999995
2020,Tlaxcala,Mujeres,29,5.669976187999997
2019,Tlaxcala,Mujeres,29,6.558913501803922
2018,Tlaxcala,Mujeres,29,5.133393193195659
2017,Tlaxcala,Mujeres,29,7.22723770360085
2016,Tlaxcala,Mujeres,29,5.39373534721309
2015,Tlaxcala,Mujeres,29,5.495115667955814
2021,Veracruz de Ignacio de la Llave,Total,30,3.548403936999993
2020,Veracruz de Ignacio de la Llave,Total,30,2.921519118999998
2019,Veracruz de Ignacio de la Llave,Total,30,3.801358154558117
2018,Veracruz de Ignacio de la Llave,Total,30,3.4904664587093053
2017,Veracruz de Ignacio de la Llave,Total,30,4.334420265352205
2016,Veracruz de Ignacio de la Llave,Total,30,3.2218288162789044
2015,Veracruz de Ignacio de la Llave,Total,30,4.170446305535404
2021,Veracruz de Ignacio de la Llave,Hombres,30,4.933643892999998
2020,Veracruz de Ignacio de la Llave,Hombres,30,3.355518293999995
2019,Veracruz de Ignacio de la Llave,Hombres,30,4.140318576270093
2018,Veracruz de Ignacio de la Llave,Hombres,30,3.706828393289126
2017,Veracruz de Ignacio de la Llave,Hombres,30,4.934278049239955
2016,Veracruz de Ignacio de la Llave,Hombres,30,4.026280954581227
2015,Veracruz de Ignacio de la Llave,Hombres,30,5.298522710324957
2021,Veracruz de Ignacio de la Llave,Mujeres,30,2.412534074000005
2020,Veracruz de Ignacio de la Llave,Mujeres,30,2.5625631760000034
2019,Veracruz de Ignacio de la Llave,Mujeres,30,3.4963957090037807
2018,Veracruz de Ignacio de la Llave,Mujeres,30,3.2972471856718344
2017,Veracruz de Ignacio de la Llave,Mujeres,30,3.801332242140704
2016,Veracruz de Ignacio de la Llave,Mujeres,30,2.544788587880624
2015,Veracruz de Ignacio de la Llave,Mujeres,30,3.2416017519964853
2021,Yucatán,Total,31,2.498634981999999
2020,Yucatán,Total,31,2.059207705999997
2019,Yucatán,Total,31,1.934300298050624
2018,Yucatán,Total,31,3.072613614919573
2017,Yucatán,Total,31,3.499661205977034
2016,Yucatán,Total,31,3.2768950834315023
2015,Yucatán,Total,31,3.300023002366927
2021,Yucatán,Hombres,31,3.472717133000003
2020,Yucatán,Hombres,31,2.2360385700000034
2019,Yucatán,Hombres,31,2.4101648662787123
2018,Yucatán,Hombres,31,3.632703805181548
2017,Yucatán,Hombres,31,4.04766088410382
2016,Yucatán,Hombres,31,4.582261477830013
2015,Yucatán,Hombres,31,4.7776554872471015
2021,Yucatán,Mujeres,31,1.5468695509999957
2020,Yucatán,Mujeres,31,1.897548927999998
2019,Yucatán,Mujeres,31,1.5314659295055428
2018,Yucatán,Mujeres,31,2.575949524306334
2017,Yucatán,Mujeres,31,2.979225320507551
2016,Yucatán,Mujeres,31,2.1164690052257744
2015,Yucatán,Mujeres,31,1.9965211064828243
2021,Zacatecas,Total,32,1.8554374119999943
2020,Zacatecas,Total,32,1.7933136499999958
2019,Zacatecas,Total,32,2.394303963444207
2018,Zacatecas,Total,32,2.0530362250028413
2017,Zacatecas,Total,32,3.3938274040796563
2016,Zacatecas,Total,32,3.119906534001131
2015,Zacatecas,Total,32,2.335383846556568
2021,Zacatecas,Hombres,32,2.247504894
2020,Zacatecas,Hombres,32,1.8836442120000048
2019,Zacatecas,Hombres,32,2.9570663833943622
2018,Zacatecas,Hombres,32,2.304865109899247
2017,Zacatecas,Hombres,32,4.134014001462844
2016,Zacatecas,Hombres,32,4.439484276199821
2015,Zacatecas,Hombres,32,2.9607375945302006
2021,Zacatecas,Mujeres,32,1.5365781099999958
2020,Zacatecas,Mujeres,32,1.711614577000004
2019,Zacatecas,Mujeres,32,1.8900118349240875
2018,Zacatecas,Mujeres,32,1.822984997367178
2017,Zacatecas,Mujeres,32,2.6283901640862624
2016,Zacatecas,Mujeres,32,1.9138878757164268
2015,Zacatecas,Mujeres,32,1.7614351617675634
