Year,Entidad federativa,Cobertura geografica,GeoCode,Value
2021,Estados Unidos Mexicanos,Nacional,0,8.700000000000001
2020,Estados Unidos Mexicanos,Nacional,0,9.63
2018,Estados Unidos Mexicanos,Nacional,0,7.689999999999999
2012,Estados Unidos Mexicanos,Nacional,0,10.6
2006,Estados Unidos Mexicanos,Nacional,0,9.5
2021,Estados Unidos Mexicanos,Urbana,0,9.840000000000002
2020,Estados Unidos Mexicanos,Urbana,0,9.71
2018,Estados Unidos Mexicanos,Urbana,0,7.46
2012,Estados Unidos Mexicanos,Urbana,0,11.099999999999998
2006,Estados Unidos Mexicanos,Urbana,0,9.8
2021,Estados Unidos Mexicanos,Rural,0,5.61
2020,Estados Unidos Mexicanos,Rural,0,9.42
2018,Estados Unidos Mexicanos,Rural,0,8.269999999999998
2012,Estados Unidos Mexicanos,Rural,0,9.3
2006,Estados Unidos Mexicanos,Rural,0,8.700000000000001
2021,Aguascalientes,Nacional,1,
2020,Aguascalientes,Nacional,1,
2018,Aguascalientes,Nacional,1,8.549999999999999
2012,Aguascalientes,Nacional,1,
2006,Aguascalientes,Nacional,1,
2021,Aguascalientes,Urbana,1,
2020,Aguascalientes,Urbana,1,
2018,Aguascalientes,Urbana,1,
2012,Aguascalientes,Urbana,1,
2006,Aguascalientes,Urbana,1,
2021,Aguascalientes,Rural,1,
2020,Aguascalientes,Rural,1,
2018,Aguascalientes,Rural,1,
2012,Aguascalientes,Rural,1,
2006,Aguascalientes,Rural,1,
2021,Baja California,Nacional,2,
2020,Baja California,Nacional,2,
2018,Baja California,Nacional,2,1.67
2012,Baja California,Nacional,2,
2006,Baja California,Nacional,2,
2021,Baja California,Urbana,2,
2020,Baja California,Urbana,2,
2018,Baja California,Urbana,2,
2012,Baja California,Urbana,2,
2006,Baja California,Urbana,2,
2021,Baja California,Rural,2,
2020,Baja California,Rural,2,
2018,Baja California,Rural,2,
2012,Baja California,Rural,2,
2006,Baja California,Rural,2,
2021,Baja California Sur,Nacional,3,
2020,Baja California Sur,Nacional,3,
2018,Baja California Sur,Nacional,3,9.230000000000002
2012,Baja California Sur,Nacional,3,
2006,Baja California Sur,Nacional,3,
2021,Baja California Sur,Urbana,3,
2020,Baja California Sur,Urbana,3,
2018,Baja California Sur,Urbana,3,
2012,Baja California Sur,Urbana,3,
2006,Baja California Sur,Urbana,3,
2021,Baja California Sur,Rural,3,
2020,Baja California Sur,Rural,3,
2018,Baja California Sur,Rural,3,
2012,Baja California Sur,Rural,3,
2006,Baja California Sur,Rural,3,
2021,Campeche,Nacional,4,
2020,Campeche,Nacional,4,
2018,Campeche,Nacional,4,8.659999999999998
2012,Campeche,Nacional,4,
2006,Campeche,Nacional,4,
2021,Campeche,Urbana,4,
2020,Campeche,Urbana,4,
2018,Campeche,Urbana,4,
2012,Campeche,Urbana,4,
2006,Campeche,Urbana,4,
2021,Campeche,Rural,4,
2020,Campeche,Rural,4,
2018,Campeche,Rural,4,
2012,Campeche,Rural,4,
2006,Campeche,Rural,4,
2021,Coahuila de Zaragoza,Nacional,5,
2020,Coahuila de Zaragoza,Nacional,5,
2018,Coahuila de Zaragoza,Nacional,5,11.22
2012,Coahuila de Zaragoza,Nacional,5,
2006,Coahuila de Zaragoza,Nacional,5,
2021,Coahuila de Zaragoza,Urbana,5,
2020,Coahuila de Zaragoza,Urbana,5,
2018,Coahuila de Zaragoza,Urbana,5,
2012,Coahuila de Zaragoza,Urbana,5,
2006,Coahuila de Zaragoza,Urbana,5,
2021,Coahuila de Zaragoza,Rural,5,
2020,Coahuila de Zaragoza,Rural,5,
2018,Coahuila de Zaragoza,Rural,5,
2012,Coahuila de Zaragoza,Rural,5,
2006,Coahuila de Zaragoza,Rural,5,
2021,Colima,Nacional,6,
2020,Colima,Nacional,6,
2018,Colima,Nacional,6,9.58
2012,Colima,Nacional,6,
2006,Colima,Nacional,6,
2021,Colima,Urbana,6,
2020,Colima,Urbana,6,
2018,Colima,Urbana,6,
2012,Colima,Urbana,6,
2006,Colima,Urbana,6,
2021,Colima,Rural,6,
2020,Colima,Rural,6,
2018,Colima,Rural,6,
2012,Colima,Rural,6,
2006,Colima,Rural,6,
2021,Chiapas,Nacional,7,
2020,Chiapas,Nacional,7,
2018,Chiapas,Nacional,7,8.659999999999998
2012,Chiapas,Nacional,7,
2006,Chiapas,Nacional,7,
2021,Chiapas,Urbana,7,
2020,Chiapas,Urbana,7,
2018,Chiapas,Urbana,7,
2012,Chiapas,Urbana,7,
2006,Chiapas,Urbana,7,
2021,Chiapas,Rural,7,
2020,Chiapas,Rural,7,
2018,Chiapas,Rural,7,
2012,Chiapas,Rural,7,
2006,Chiapas,Rural,7,
2021,Chihuahua,Nacional,8,
2020,Chihuahua,Nacional,8,
2018,Chihuahua,Nacional,8,9.72
2012,Chihuahua,Nacional,8,
2006,Chihuahua,Nacional,8,
2021,Chihuahua,Urbana,8,
2020,Chihuahua,Urbana,8,
2018,Chihuahua,Urbana,8,
2012,Chihuahua,Urbana,8,
2006,Chihuahua,Urbana,8,
2021,Chihuahua,Rural,8,
2020,Chihuahua,Rural,8,
2018,Chihuahua,Rural,8,
2012,Chihuahua,Rural,8,
2006,Chihuahua,Rural,8,
2021,Ciudad de México,Nacional,9,
2020,Ciudad de México,Nacional,9,
2018,Ciudad de México,Nacional,9,4.55
2012,Ciudad de México,Nacional,9,
2006,Ciudad de México,Nacional,9,
2021,Ciudad de México,Urbana,9,
2020,Ciudad de México,Urbana,9,
2018,Ciudad de México,Urbana,9,
2012,Ciudad de México,Urbana,9,
2006,Ciudad de México,Urbana,9,
2021,Ciudad de México,Rural,9,
2020,Ciudad de México,Rural,9,
2018,Ciudad de México,Rural,9,
2012,Ciudad de México,Rural,9,
2006,Ciudad de México,Rural,9,
2021,Durango,Nacional,10,
2020,Durango,Nacional,10,
2018,Durango,Nacional,10,5.6000000000000005
2012,Durango,Nacional,10,
2006,Durango,Nacional,10,
2021,Durango,Urbana,10,
2020,Durango,Urbana,10,
2018,Durango,Urbana,10,
2012,Durango,Urbana,10,
2006,Durango,Urbana,10,
2021,Durango,Rural,10,
2020,Durango,Rural,10,
2018,Durango,Rural,10,
2012,Durango,Rural,10,
2006,Durango,Rural,10,
2021,Guanajuato,Nacional,11,
2020,Guanajuato,Nacional,11,
2018,Guanajuato,Nacional,11,11.090000000000002
2012,Guanajuato,Nacional,11,
2006,Guanajuato,Nacional,11,
2021,Guanajuato,Urbana,11,
2020,Guanajuato,Urbana,11,
2018,Guanajuato,Urbana,11,
2012,Guanajuato,Urbana,11,
2006,Guanajuato,Urbana,11,
2021,Guanajuato,Rural,11,
2020,Guanajuato,Rural,11,
2018,Guanajuato,Rural,11,
2012,Guanajuato,Rural,11,
2006,Guanajuato,Rural,11,
2021,Guerrero,Nacional,12,
2020,Guerrero,Nacional,12,
2018,Guerrero,Nacional,12,7.0
2012,Guerrero,Nacional,12,
2006,Guerrero,Nacional,12,
2021,Guerrero,Urbana,12,
2020,Guerrero,Urbana,12,
2018,Guerrero,Urbana,12,
2012,Guerrero,Urbana,12,
2006,Guerrero,Urbana,12,
2021,Guerrero,Rural,12,
2020,Guerrero,Rural,12,
2018,Guerrero,Rural,12,
2012,Guerrero,Rural,12,
2006,Guerrero,Rural,12,
2021,Hidalgo,Nacional,13,
2020,Hidalgo,Nacional,13,
2018,Hidalgo,Nacional,13,3.65
2012,Hidalgo,Nacional,13,
2006,Hidalgo,Nacional,13,
2021,Hidalgo,Urbana,13,
2020,Hidalgo,Urbana,13,
2018,Hidalgo,Urbana,13,
2012,Hidalgo,Urbana,13,
2006,Hidalgo,Urbana,13,
2021,Hidalgo,Rural,13,
2020,Hidalgo,Rural,13,
2018,Hidalgo,Rural,13,
2012,Hidalgo,Rural,13,
2006,Hidalgo,Rural,13,
2021,Jalisco,Nacional,14,
2020,Jalisco,Nacional,14,
2018,Jalisco,Nacional,14,10.56
2012,Jalisco,Nacional,14,
2006,Jalisco,Nacional,14,
2021,Jalisco,Urbana,14,
2020,Jalisco,Urbana,14,
2018,Jalisco,Urbana,14,
2012,Jalisco,Urbana,14,
2006,Jalisco,Urbana,14,
2021,Jalisco,Rural,14,
2020,Jalisco,Rural,14,
2018,Jalisco,Rural,14,
2012,Jalisco,Rural,14,
2006,Jalisco,Rural,14,
2021,México,Nacional,15,
2020,México,Nacional,15,
2018,México,Nacional,15,3.45
2012,México,Nacional,15,
2006,México,Nacional,15,
2021,México,Urbana,15,
2020,México,Urbana,15,
2018,México,Urbana,15,
2012,México,Urbana,15,
2006,México,Urbana,15,
2021,México,Rural,15,
2020,México,Rural,15,
2018,México,Rural,15,
2012,México,Rural,15,
2006,México,Rural,15,
2021,Michoacán de Ocampo,Nacional,16,
2020,Michoacán de Ocampo,Nacional,16,
2018,Michoacán de Ocampo,Nacional,16,9.840000000000002
2012,Michoacán de Ocampo,Nacional,16,
2006,Michoacán de Ocampo,Nacional,16,
2021,Michoacán de Ocampo,Urbana,16,
2020,Michoacán de Ocampo,Urbana,16,
2018,Michoacán de Ocampo,Urbana,16,
2012,Michoacán de Ocampo,Urbana,16,
2006,Michoacán de Ocampo,Urbana,16,
2021,Michoacán de Ocampo,Rural,16,
2020,Michoacán de Ocampo,Rural,16,
2018,Michoacán de Ocampo,Rural,16,
2012,Michoacán de Ocampo,Rural,16,
2006,Michoacán de Ocampo,Rural,16,
2021,Morelos,Nacional,17,
2020,Morelos,Nacional,17,
2018,Morelos,Nacional,17,7.139999999999999
2012,Morelos,Nacional,17,
2006,Morelos,Nacional,17,
2021,Morelos,Urbana,17,
2020,Morelos,Urbana,17,
2018,Morelos,Urbana,17,
2012,Morelos,Urbana,17,
2006,Morelos,Urbana,17,
2021,Morelos,Rural,17,
2020,Morelos,Rural,17,
2018,Morelos,Rural,17,
2012,Morelos,Rural,17,
2006,Morelos,Rural,17,
2021,Nayarit,Nacional,18,
2020,Nayarit,Nacional,18,
2018,Nayarit,Nacional,18,10.46
2012,Nayarit,Nacional,18,
2006,Nayarit,Nacional,18,
2021,Nayarit,Urbana,18,
2020,Nayarit,Urbana,18,
2018,Nayarit,Urbana,18,
2012,Nayarit,Urbana,18,
2006,Nayarit,Urbana,18,
2021,Nayarit,Rural,18,
2020,Nayarit,Rural,18,
2018,Nayarit,Rural,18,
2012,Nayarit,Rural,18,
2006,Nayarit,Rural,18,
2021,Nuevo León,Nacional,19,
2020,Nuevo León,Nacional,19,
2018,Nuevo León,Nacional,19,9.07
2012,Nuevo León,Nacional,19,
2006,Nuevo León,Nacional,19,
2021,Nuevo León,Urbana,19,
2020,Nuevo León,Urbana,19,
2018,Nuevo León,Urbana,19,
2012,Nuevo León,Urbana,19,
2006,Nuevo León,Urbana,19,
2021,Nuevo León,Rural,19,
2020,Nuevo León,Rural,19,
2018,Nuevo León,Rural,19,
2012,Nuevo León,Rural,19,
2006,Nuevo León,Rural,19,
2021,Oaxaca,Nacional,20,
2020,Oaxaca,Nacional,20,
2018,Oaxaca,Nacional,20,4.21
2012,Oaxaca,Nacional,20,
2006,Oaxaca,Nacional,20,
2021,Oaxaca,Urbana,20,
2020,Oaxaca,Urbana,20,
2018,Oaxaca,Urbana,20,
2012,Oaxaca,Urbana,20,
2006,Oaxaca,Urbana,20,
2021,Oaxaca,Rural,20,
2020,Oaxaca,Rural,20,
2018,Oaxaca,Rural,20,
2012,Oaxaca,Rural,20,
2006,Oaxaca,Rural,20,
2021,Puebla,Nacional,21,
2020,Puebla,Nacional,21,
2018,Puebla,Nacional,21,6.44
2012,Puebla,Nacional,21,
2006,Puebla,Nacional,21,
2021,Puebla,Urbana,21,
2020,Puebla,Urbana,21,
2018,Puebla,Urbana,21,
2012,Puebla,Urbana,21,
2006,Puebla,Urbana,21,
2021,Puebla,Rural,21,
2020,Puebla,Rural,21,
2018,Puebla,Rural,21,
2012,Puebla,Rural,21,
2006,Puebla,Rural,21,
2021,Querétaro,Nacional,22,
2020,Querétaro,Nacional,22,
2018,Querétaro,Nacional,22,1.4399999999999995
2012,Querétaro,Nacional,22,
2006,Querétaro,Nacional,22,
2021,Querétaro,Urbana,22,
2020,Querétaro,Urbana,22,
2018,Querétaro,Urbana,22,
2012,Querétaro,Urbana,22,
2006,Querétaro,Urbana,22,
2021,Querétaro,Rural,22,
2020,Querétaro,Rural,22,
2018,Querétaro,Rural,22,
2012,Querétaro,Rural,22,
2006,Querétaro,Rural,22,
2021,Quintana Roo,Nacional,23,
2020,Quintana Roo,Nacional,23,
2018,Quintana Roo,Nacional,23,2.76
2012,Quintana Roo,Nacional,23,
2006,Quintana Roo,Nacional,23,
2021,Quintana Roo,Urbana,23,
2020,Quintana Roo,Urbana,23,
2018,Quintana Roo,Urbana,23,
2012,Quintana Roo,Urbana,23,
2006,Quintana Roo,Urbana,23,
2021,Quintana Roo,Rural,23,
2020,Quintana Roo,Rural,23,
2018,Quintana Roo,Rural,23,
2012,Quintana Roo,Rural,23,
2006,Quintana Roo,Rural,23,
2021,San Luis Potosí,Nacional,24,
2020,San Luis Potosí,Nacional,24,
2018,San Luis Potosí,Nacional,24,12.21
2012,San Luis Potosí,Nacional,24,
2006,San Luis Potosí,Nacional,24,
2021,San Luis Potosí,Urbana,24,
2020,San Luis Potosí,Urbana,24,
2018,San Luis Potosí,Urbana,24,
2012,San Luis Potosí,Urbana,24,
2006,San Luis Potosí,Urbana,24,
2021,San Luis Potosí,Rural,24,
2020,San Luis Potosí,Rural,24,
2018,San Luis Potosí,Rural,24,
2012,San Luis Potosí,Rural,24,
2006,San Luis Potosí,Rural,24,
2021,Sinaloa,Nacional,25,
2020,Sinaloa,Nacional,25,
2018,Sinaloa,Nacional,25,7.42
2012,Sinaloa,Nacional,25,
2006,Sinaloa,Nacional,25,
2021,Sinaloa,Urbana,25,
2020,Sinaloa,Urbana,25,
2018,Sinaloa,Urbana,25,
2012,Sinaloa,Urbana,25,
2006,Sinaloa,Urbana,25,
2021,Sinaloa,Rural,25,
2020,Sinaloa,Rural,25,
2018,Sinaloa,Rural,25,
2012,Sinaloa,Rural,25,
2006,Sinaloa,Rural,25,
2021,Sonora,Nacional,26,
2020,Sonora,Nacional,26,
2018,Sonora,Nacional,26,8.019999999999998
2012,Sonora,Nacional,26,
2006,Sonora,Nacional,26,
2021,Sonora,Urbana,26,
2020,Sonora,Urbana,26,
2018,Sonora,Urbana,26,
2012,Sonora,Urbana,26,
2006,Sonora,Urbana,26,
2021,Sonora,Rural,26,
2020,Sonora,Rural,26,
2018,Sonora,Rural,26,
2012,Sonora,Rural,26,
2006,Sonora,Rural,26,
2021,Tabasco,Nacional,27,
2020,Tabasco,Nacional,27,
2018,Tabasco,Nacional,27,10.54
2012,Tabasco,Nacional,27,
2006,Tabasco,Nacional,27,
2021,Tabasco,Urbana,27,
2020,Tabasco,Urbana,27,
2018,Tabasco,Urbana,27,
2012,Tabasco,Urbana,27,
2006,Tabasco,Urbana,27,
2021,Tabasco,Rural,27,
2020,Tabasco,Rural,27,
2018,Tabasco,Rural,27,
2012,Tabasco,Rural,27,
2006,Tabasco,Rural,27,
2021,Tamaulipas,Nacional,28,
2020,Tamaulipas,Nacional,28,
2018,Tamaulipas,Nacional,28,11.150000000000002
2012,Tamaulipas,Nacional,28,
2006,Tamaulipas,Nacional,28,
2021,Tamaulipas,Urbana,28,
2020,Tamaulipas,Urbana,28,
2018,Tamaulipas,Urbana,28,
2012,Tamaulipas,Urbana,28,
2006,Tamaulipas,Urbana,28,
2021,Tamaulipas,Rural,28,
2020,Tamaulipas,Rural,28,
2018,Tamaulipas,Rural,28,
2012,Tamaulipas,Rural,28,
2006,Tamaulipas,Rural,28,
2021,Tlaxcala,Nacional,29,
2020,Tlaxcala,Nacional,29,
2018,Tlaxcala,Nacional,29,4.19
2012,Tlaxcala,Nacional,29,
2006,Tlaxcala,Nacional,29,
2021,Tlaxcala,Urbana,29,
2020,Tlaxcala,Urbana,29,
2018,Tlaxcala,Urbana,29,
2012,Tlaxcala,Urbana,29,
2006,Tlaxcala,Urbana,29,
2021,Tlaxcala,Rural,29,
2020,Tlaxcala,Rural,29,
2018,Tlaxcala,Rural,29,
2012,Tlaxcala,Rural,29,
2006,Tlaxcala,Rural,29,
2021,Veracruz de Ignacio de la Llave,Nacional,30,
2020,Veracruz de Ignacio de la Llave,Nacional,30,
2018,Veracruz de Ignacio de la Llave,Nacional,30,13.11
2012,Veracruz de Ignacio de la Llave,Nacional,30,
2006,Veracruz de Ignacio de la Llave,Nacional,30,
2021,Veracruz de Ignacio de la Llave,Urbana,30,
2020,Veracruz de Ignacio de la Llave,Urbana,30,
2018,Veracruz de Ignacio de la Llave,Urbana,30,
2012,Veracruz de Ignacio de la Llave,Urbana,30,
2006,Veracruz de Ignacio de la Llave,Urbana,30,
2021,Veracruz de Ignacio de la Llave,Rural,30,
2020,Veracruz de Ignacio de la Llave,Rural,30,
2018,Veracruz de Ignacio de la Llave,Rural,30,
2012,Veracruz de Ignacio de la Llave,Rural,30,
2006,Veracruz de Ignacio de la Llave,Rural,30,
2021,Yucatán,Nacional,31,
2020,Yucatán,Nacional,31,
2018,Yucatán,Nacional,31,10.28
2012,Yucatán,Nacional,31,
2006,Yucatán,Nacional,31,
2021,Yucatán,Urbana,31,
2020,Yucatán,Urbana,31,
2018,Yucatán,Urbana,31,
2012,Yucatán,Urbana,31,
2006,Yucatán,Urbana,31,
2021,Yucatán,Rural,31,
2020,Yucatán,Rural,31,
2018,Yucatán,Rural,31,
2012,Yucatán,Rural,31,
2006,Yucatán,Rural,31,
2021,Zacatecas,Nacional,32,
2020,Zacatecas,Nacional,32,
2018,Zacatecas,Nacional,32,5.369999999999999
2012,Zacatecas,Nacional,32,
2006,Zacatecas,Nacional,32,
2021,Zacatecas,Urbana,32,
2020,Zacatecas,Urbana,32,
2018,Zacatecas,Urbana,32,
2012,Zacatecas,Urbana,32,
2006,Zacatecas,Urbana,32,
2021,Zacatecas,Rural,32,
2020,Zacatecas,Rural,32,
2018,Zacatecas,Rural,32,
2012,Zacatecas,Rural,32,
2006,Zacatecas,Rural,32,
