Year,Entidad federativa,Sexo,GeoCode,Value
2021/2022,Estados Unidos Mexicanos,Total,0,91.74568663305284
2020/2021,Estados Unidos Mexicanos,Total,0,93.3335721283426
2019/2020,Estados Unidos Mexicanos,Total,0,91.90215119592044
2018/2019,Estados Unidos Mexicanos,Total,0,91.4256136091668
2017/2018,Estados Unidos Mexicanos,Total,0,92.15455581714927
2016/2017,Estados Unidos Mexicanos,Total,0,91.6468960232358
2015/2016,Estados Unidos Mexicanos,Total,0,91.92369586192758
2014/2015,Estados Unidos Mexicanos,Total,0,88.68633829992291
2013/2014,Estados Unidos Mexicanos,Total,0,88.03708749030194
2012/2013,Estados Unidos Mexicanos,Total,0,88.46681026042695
2021/2022,Estados Unidos Mexicanos,Hombres,0,91.65053531449468
2020/2021,Estados Unidos Mexicanos,Hombres,0,93.2795777745197
2019/2020,Estados Unidos Mexicanos,Hombres,0,91.7903562485626
2018/2019,Estados Unidos Mexicanos,Hombres,0,91.3454500477801
2017/2018,Estados Unidos Mexicanos,Hombres,0,91.88500828445224
2016/2017,Estados Unidos Mexicanos,Hombres,0,91.56393977016644
2015/2016,Estados Unidos Mexicanos,Hombres,0,91.77909829308204
2014/2015,Estados Unidos Mexicanos,Hombres,0,88.50914570603364
2013/2014,Estados Unidos Mexicanos,Hombres,0,87.92494284611516
2012/2013,Estados Unidos Mexicanos,Hombres,0,88.26059940930593
2021/2022,Estados Unidos Mexicanos,Mujeres,0,91.84376089279483
2020/2021,Estados Unidos Mexicanos,Mujeres,0,93.38925204238394
2019/2020,Estados Unidos Mexicanos,Mujeres,0,92.0178331501158
2018/2019,Estados Unidos Mexicanos,Mujeres,0,91.50842017200904
2017/2018,Estados Unidos Mexicanos,Mujeres,0,92.43337384679646
2016/2017,Estados Unidos Mexicanos,Mujeres,0,91.7327985334784
2015/2016,Estados Unidos Mexicanos,Mujeres,0,92.07364779559232
2014/2015,Estados Unidos Mexicanos,Mujeres,0,88.8693978934346
2013/2014,Estados Unidos Mexicanos,Mujeres,0,88.1534938469771
2012/2013,Estados Unidos Mexicanos,Mujeres,0,88.68309552788067
2021/2022,Aguascalientes,Total,1,97.77922177203604
2020/2021,Aguascalientes,Total,1,98.5443631588822
2019/2020,Aguascalientes,Total,1,98.42941611234298
2018/2019,Aguascalientes,Total,1,98.4889448538943
2017/2018,Aguascalientes,Total,1,98.09438067371909
2016/2017,Aguascalientes,Total,1,97.85460247045754
2015/2016,Aguascalientes,Total,1,98.28697094795294
2014/2015,Aguascalientes,Total,1,98.34103477009327
2013/2014,Aguascalientes,Total,1,98.11069211137752
2012/2013,Aguascalientes,Total,1,96.12729918292706
2021/2022,Aguascalientes,Hombres,1,97.55750355885192
2020/2021,Aguascalientes,Hombres,1,98.53982300884977
2019/2020,Aguascalientes,Hombres,1,98.3106625713031
2018/2019,Aguascalientes,Hombres,1,98.31321797295324
2017/2018,Aguascalientes,Hombres,1,98.14429928741085
2016/2017,Aguascalientes,Hombres,1,97.90277160219372
2015/2016,Aguascalientes,Hombres,1,98.1591358588163
2014/2015,Aguascalientes,Hombres,1,98.27228236689912
2013/2014,Aguascalientes,Hombres,1,97.95720569596648
2012/2013,Aguascalientes,Hombres,1,95.86806814063078
2021/2022,Aguascalientes,Mujeres,1,98.01014436207564
2020/2021,Aguascalientes,Mujeres,1,98.54906452844614
2019/2020,Aguascalientes,Mujeres,1,98.55072463768134
2018/2019,Aguascalientes,Mujeres,1,98.67139729750126
2017/2018,Aguascalientes,Mujeres,1,98.0433793417263
2016/2017,Aguascalientes,Mujeres,1,97.80323982615543
2015/2016,Aguascalientes,Mujeres,1,98.41853910592675
2014/2015,Aguascalientes,Mujeres,1,98.41282130690644
2013/2014,Aguascalientes,Mujeres,1,98.2710280373831
2012/2013,Aguascalientes,Mujeres,1,96.40221402214036
2021/2022,Baja California,Total,2,88.9226781857451
2020/2021,Baja California,Total,2,91.24332216212628
2019/2020,Baja California,Total,2,89.09309515630395
2018/2019,Baja California,Total,2,89.54795319841533
2017/2018,Baja California,Total,2,90.31937830585233
2016/2017,Baja California,Total,2,89.51130087715252
2015/2016,Baja California,Total,2,89.52989787167662
2014/2015,Baja California,Total,2,88.93844916784273
2013/2014,Baja California,Total,2,91.40324647586512
2012/2013,Baja California,Total,2,89.27018180141694
2021/2022,Baja California,Hombres,2,88.95814781834385
2020/2021,Baja California,Hombres,2,91.0458052864886
2019/2020,Baja California,Hombres,2,89.06384549145032
2018/2019,Baja California,Hombres,2,89.39817738879357
2017/2018,Baja California,Hombres,2,89.97657652176544
2016/2017,Baja California,Hombres,2,89.313023425173
2015/2016,Baja California,Hombres,2,89.44614443084474
2014/2015,Baja California,Hombres,2,89.11678526580177
2013/2014,Baja California,Hombres,2,91.27557160048131
2012/2013,Baja California,Hombres,2,89.20375416288216
2021/2022,Baja California,Mujeres,2,88.8865641454825
2020/2021,Baja California,Mujeres,2,91.44505181260269
2019/2020,Baja California,Mujeres,2,89.12326333819694
2018/2019,Baja California,Mujeres,2,89.70417542428727
2017/2018,Baja California,Mujeres,2,90.6760349411319
2016/2017,Baja California,Mujeres,2,89.71753195518379
2015/2016,Baja California,Mujeres,2,89.61691305038947
2014/2015,Baja California,Mujeres,2,88.75473557766354
2013/2014,Baja California,Mujeres,2,91.53460443233844
2012/2013,Baja California,Mujeres,2,89.33865984207723
2021/2022,Baja California Sur,Total,3,91.32270168855558
2020/2021,Baja California Sur,Total,3,97.3338397265476
2019/2020,Baja California Sur,Total,3,93.39289574176824
2018/2019,Baja California Sur,Total,3,95.35434766999364
2017/2018,Baja California Sur,Total,3,94.7781444811148
2016/2017,Baja California Sur,Total,3,93.3033120278906
2015/2016,Baja California Sur,Total,3,95.36778740273078
2014/2015,Baja California Sur,Total,3,95.7783830275227
2013/2014,Baja California Sur,Total,3,94.46960136589718
2012/2013,Baja California Sur,Total,3,94.55619531892624
2021/2022,Baja California Sur,Hombres,3,91.47226942684992
2020/2021,Baja California Sur,Hombres,3,97.30330419321396
2019/2020,Baja California Sur,Hombres,3,93.22419928825607
2018/2019,Baja California Sur,Hombres,3,95.48094630967546
2017/2018,Baja California Sur,Hombres,3,94.3941354031909
2016/2017,Baja California Sur,Hombres,3,93.37757695566204
2015/2016,Baja California Sur,Hombres,3,95.04465571881325
2014/2015,Baja California Sur,Hombres,3,95.4318344039971
2013/2014,Baja California Sur,Hombres,3,94.20651217365788
2012/2013,Baja California Sur,Hombres,3,94.69453376205809
2021/2022,Baja California Sur,Mujeres,3,91.16948884317144
2020/2021,Baja California Sur,Mujeres,3,97.36596009975072
2019/2020,Baja California Sur,Mujeres,3,93.56580099212132
2018/2019,Baja California Sur,Mujeres,3,95.22422830518369
2017/2018,Baja California Sur,Mujeres,3,95.17819706498976
2016/2017,Baja California Sur,Mujeres,3,93.2246485192938
2015/2016,Baja California Sur,Mujeres,3,95.70359281437108
2014/2015,Baja California Sur,Mujeres,3,96.1278249604147
2013/2014,Baja California Sur,Mujeres,3,94.73921539155285
2012/2013,Baja California Sur,Mujeres,3,94.41126933088346
2021/2022,Campeche,Total,4,93.40767666810444
2020/2021,Campeche,Total,4,96.711834908006
2019/2020,Campeche,Total,4,93.35351017743766
2018/2019,Campeche,Total,4,94.86397608370685
2017/2018,Campeche,Total,4,95.32944120100063
2016/2017,Campeche,Total,4,93.99380080706456
2015/2016,Campeche,Total,4,93.86273266870258
2014/2015,Campeche,Total,4,93.49706787435392
2013/2014,Campeche,Total,4,93.74410377358488
2012/2013,Campeche,Total,4,92.43468690262424
2021/2022,Campeche,Hombres,4,93.67119901112513
2020/2021,Campeche,Hombres,4,96.7491508976224
2019/2020,Campeche,Hombres,4,93.18472077092764
2018/2019,Campeche,Hombres,4,94.9771689497719
2017/2018,Campeche,Hombres,4,95.07383343177769
2016/2017,Campeche,Hombres,4,93.96984924623094
2015/2016,Campeche,Hombres,4,93.6679016503875
2014/2015,Campeche,Hombres,4,93.16973877643314
2013/2014,Campeche,Hombres,4,93.44545559267368
2012/2013,Campeche,Hombres,4,91.98931909212293
2021/2022,Campeche,Mujeres,4,93.14580518363816
2020/2021,Campeche,Mujeres,4,96.6726160122385
2019/2020,Campeche,Mujeres,4,93.52998300558404
2018/2019,Campeche,Mujeres,4,94.74584555229735
2017/2018,Campeche,Mujeres,4,95.58947241918032
2016/2017,Campeche,Mujeres,4,94.018938031883
2015/2016,Campeche,Mujeres,4,94.06819796353314
2014/2015,Campeche,Mujeres,4,93.84248210023893
2013/2014,Campeche,Mujeres,4,94.05725329146053
2012/2013,Campeche,Mujeres,4,92.91842900302088
2021/2022,Coahuila de Zaragoza,Total,5,94.49341750712124
2020/2021,Coahuila de Zaragoza,Total,5,95.80030994022552
2019/2020,Coahuila de Zaragoza,Total,5,96.01347756694472
2018/2019,Coahuila de Zaragoza,Total,5,92.4077210812338
2017/2018,Coahuila de Zaragoza,Total,5,93.87553738811764
2016/2017,Coahuila de Zaragoza,Total,5,87.86726955017913
2015/2016,Coahuila de Zaragoza,Total,5,95.78423671118075
2014/2015,Coahuila de Zaragoza,Total,5,0.0906792222512902
2013/2014,Coahuila de Zaragoza,Total,5,9.847564151533032
2012/2013,Coahuila de Zaragoza,Total,5,10.580368624089193
2021/2022,Coahuila de Zaragoza,Hombres,5,94.39663271825334
2020/2021,Coahuila de Zaragoza,Hombres,5,95.4992845683561
2019/2020,Coahuila de Zaragoza,Hombres,5,95.92279180362264
2018/2019,Coahuila de Zaragoza,Hombres,5,92.39023705989597
2017/2018,Coahuila de Zaragoza,Hombres,5,93.80143944350688
2016/2017,Coahuila de Zaragoza,Hombres,5,87.95663111646535
2015/2016,Coahuila de Zaragoza,Hombres,5,95.72462029005378
2014/2015,Coahuila de Zaragoza,Hombres,5,0.1161202185792401
2013/2014,Coahuila de Zaragoza,Hombres,5,9.965823650034189
2012/2013,Coahuila de Zaragoza,Hombres,5,10.44039101078299
2021/2022,Coahuila de Zaragoza,Mujeres,5,94.59502110703414
2020/2021,Coahuila de Zaragoza,Mujeres,5,96.11435291988953
2019/2020,Coahuila de Zaragoza,Mujeres,5,96.10679332181944
2018/2019,Coahuila de Zaragoza,Mujeres,5,92.4254261363638
2017/2018,Coahuila de Zaragoza,Mujeres,5,93.95316953494266
2016/2017,Coahuila de Zaragoza,Mujeres,5,87.77484608619143
2015/2016,Coahuila de Zaragoza,Mujeres,5,95.84607724589245
2014/2015,Coahuila de Zaragoza,Mujeres,5,0.0641368252271501
2013/2014,Coahuila de Zaragoza,Mujeres,5,9.725456983555658
2012/2013,Coahuila de Zaragoza,Mujeres,5,10.726292197786805
2021/2022,Colima,Total,6,93.11762602788684
2020/2021,Colima,Total,6,97.4058007995239
2019/2020,Colima,Total,6,96.55967078189312
2018/2019,Colima,Total,6,94.69339622641516
2017/2018,Colima,Total,6,94.57979953739412
2016/2017,Colima,Total,6,96.52375434530715
2015/2016,Colima,Total,6,94.9544764795143
2014/2015,Colima,Total,6,94.54670434583382
2013/2014,Colima,Total,6,96.66253678178704
2012/2013,Colima,Total,6,92.2412486740414
2021/2022,Colima,Hombres,6,92.33069481090574
2020/2021,Colima,Hombres,6,97.47130261187834
2019/2020,Colima,Hombres,6,96.33617226418149
2018/2019,Colima,Hombres,6,94.17068241877844
2017/2018,Colima,Hombres,6,94.509505703422
2016/2017,Colima,Hombres,6,96.19500594530302
2015/2016,Colima,Hombres,6,95.25733093955732
2014/2015,Colima,Hombres,6,94.73606387697752
2013/2014,Colima,Hombres,6,96.58646616541358
2012/2013,Colima,Hombres,6,92.30882569618376
2021/2022,Colima,Mujeres,6,93.93058331818987
2020/2021,Colima,Mujeres,6,97.33727810650876
2019/2020,Colima,Mujeres,6,96.79433102750107
2018/2019,Colima,Mujeres,6,95.22824876729769
2017/2018,Colima,Mujeres,6,94.65207193119618
2016/2017,Colima,Mujeres,6,96.87952388611852
2015/2016,Colima,Mujeres,6,94.64285714285693
2014/2015,Colima,Mujeres,6,94.34439178515032
2013/2014,Colima,Mujeres,6,96.74329501915722
2012/2013,Colima,Mujeres,6,92.16970831383532
2021/2022,Chiapas,Total,7,85.14632499592572
2020/2021,Chiapas,Total,7,85.60144315652111
2019/2020,Chiapas,Total,7,83.58414340694507
2018/2019,Chiapas,Total,7,84.45826194836631
2017/2018,Chiapas,Total,7,82.95765684431731
2016/2017,Chiapas,Total,7,78.81394979945449
2015/2016,Chiapas,Total,7,78.91239974405897
2014/2015,Chiapas,Total,7,78.9921018419016
2013/2014,Chiapas,Total,7,78.56740554428252
2012/2013,Chiapas,Total,7,76.1943398919666
2021/2022,Chiapas,Hombres,7,85.03239475542738
2020/2021,Chiapas,Hombres,7,85.56554590102004
2019/2020,Chiapas,Hombres,7,83.24228768492871
2018/2019,Chiapas,Hombres,7,84.18407481863487
2017/2018,Chiapas,Hombres,7,81.8846193197598
2016/2017,Chiapas,Hombres,7,78.65764173829685
2015/2016,Chiapas,Hombres,7,78.65495357856402
2014/2015,Chiapas,Hombres,7,78.77381497849454
2013/2014,Chiapas,Hombres,7,78.33178643701591
2012/2013,Chiapas,Hombres,7,75.82046119251636
2021/2022,Chiapas,Mujeres,7,85.26277796086175
2020/2021,Chiapas,Mujeres,7,85.6385053436304
2019/2020,Chiapas,Mujeres,7,83.93690191387573
2018/2019,Chiapas,Mujeres,7,84.74015276321715
2017/2018,Chiapas,Mujeres,7,84.05803618268205
2016/2017,Chiapas,Mujeres,7,78.97303805764277
2015/2016,Chiapas,Mujeres,7,79.17659119003837
2014/2015,Chiapas,Mujeres,7,79.21788051122108
2013/2014,Chiapas,Mujeres,7,78.80979213623854
2012/2013,Chiapas,Mujeres,7,76.58531337411235
2021/2022,Chihuahua,Total,8,91.79767803002306
2020/2021,Chihuahua,Total,8,94.4277626599105
2019/2020,Chihuahua,Total,8,94.12109919453012
2018/2019,Chihuahua,Total,8,94.27888956858624
2017/2018,Chihuahua,Total,8,94.37297414103573
2016/2017,Chihuahua,Total,8,92.08635186639908
2015/2016,Chihuahua,Total,8,94.90751313085156
2014/2015,Chihuahua,Total,8,93.20908462915708
2013/2014,Chihuahua,Total,8,91.75795369884936
2012/2013,Chihuahua,Total,8,91.26435500055764
2021/2022,Chihuahua,Hombres,8,91.45125767937864
2020/2021,Chihuahua,Hombres,8,94.35573025426856
2019/2020,Chihuahua,Hombres,8,94.03347498048738
2018/2019,Chihuahua,Hombres,8,94.29624128870093
2017/2018,Chihuahua,Hombres,8,94.13764769217714
2016/2017,Chihuahua,Hombres,8,91.9733683849584
2015/2016,Chihuahua,Hombres,8,94.73743236044534
2014/2015,Chihuahua,Hombres,8,93.0287264072618
2013/2014,Chihuahua,Hombres,8,91.5514801915542
2012/2013,Chihuahua,Hombres,8,90.92073004630896
2021/2022,Chihuahua,Mujeres,8,92.1587579665933
2020/2021,Chihuahua,Mujeres,8,94.50251768755165
2019/2020,Chihuahua,Mujeres,8,94.21140439730694
2018/2019,Chihuahua,Mujeres,8,94.26083338286855
2017/2018,Chihuahua,Mujeres,8,94.61637653127023
2016/2017,Chihuahua,Mujeres,8,92.20352041723471
2015/2016,Chihuahua,Mujeres,8,95.0838735936273
2014/2015,Chihuahua,Mujeres,8,93.39636196442424
2013/2014,Chihuahua,Mujeres,8,91.9703330534564
2012/2013,Chihuahua,Mujeres,8,91.624336510473
2021/2022,Ciudad de México,Total,9,89.00304890782287
2020/2021,Ciudad de México,Total,9,93.3810448002587
2019/2020,Ciudad de México,Total,9,91.61690027971946
2018/2019,Ciudad de México,Total,9,92.37251800050268
2017/2018,Ciudad de México,Total,9,92.45774396159922
2016/2017,Ciudad de México,Total,9,90.24262021186952
2015/2016,Ciudad de México,Total,9,94.62940971009444
2014/2015,Ciudad de México,Total,9,92.5045841429705
2013/2014,Ciudad de México,Total,9,90.59715704278044
2012/2013,Ciudad de México,Total,9,99.75120647817444
2021/2022,Ciudad de México,Hombres,9,89.00987009574483
2020/2021,Ciudad de México,Hombres,9,93.45637315320216
2019/2020,Ciudad de México,Hombres,9,91.71968732957625
2018/2019,Ciudad de México,Hombres,9,92.39093922974692
2017/2018,Ciudad de México,Hombres,9,92.47390666781696
2016/2017,Ciudad de México,Hombres,9,90.35704644587476
2015/2016,Ciudad de México,Hombres,9,94.58491159457964
2014/2015,Ciudad de México,Hombres,9,92.37575479217048
2013/2014,Ciudad de México,Hombres,9,90.72766020185207
2012/2013,Ciudad de México,Hombres,9,99.82120051085576
2021/2022,Ciudad de México,Mujeres,9,88.99598803209551
2020/2021,Ciudad de México,Mujeres,9,93.30413323091491
2019/2020,Ciudad de México,Mujeres,9,91.51048446542536
2018/2019,Ciudad de México,Mujeres,9,92.3536368127182
2017/2018,Ciudad de México,Mujeres,9,92.44109414569851
2016/2017,Ciudad de México,Mujeres,9,90.12500730182848
2015/2016,Ciudad de México,Mujeres,9,94.675882949401
2014/2015,Ciudad de México,Mujeres,9,92.63680350483143
2013/2014,Ciudad de México,Mujeres,9,90.46271109208652
2012/2013,Ciudad de México,Mujeres,9,99.67921684664604
2021/2022,Durango,Total,10,96.06973058637062
2020/2021,Durango,Total,10,96.6358404672604
2019/2020,Durango,Total,10,94.64681573113675
2018/2019,Durango,Total,10,95.6078930617441
2017/2018,Durango,Total,10,91.87965921192752
2016/2017,Durango,Total,10,87.47422266263143
2015/2016,Durango,Total,10,87.55645161290336
2014/2015,Durango,Total,10,86.95805811519742
2013/2014,Durango,Total,10,87.85985952638725
2012/2013,Durango,Total,10,87.65455950540971
2021/2022,Durango,Hombres,10,95.951990035668
2020/2021,Durango,Hombres,10,96.83932287272914
2019/2020,Durango,Hombres,10,94.35820575955456
2018/2019,Durango,Hombres,10,95.65420318415153
2017/2018,Durango,Hombres,10,91.26294862404524
2016/2017,Durango,Hombres,10,87.28237791932047
2015/2016,Durango,Hombres,10,87.36499947572588
2014/2015,Durango,Hombres,10,86.40580019191826
2013/2014,Durango,Hombres,10,87.53960450125656
2012/2013,Durango,Hombres,10,87.51288310279361
2021/2022,Durango,Mujeres,10,96.19176153033683
2020/2021,Durango,Mujeres,10,96.4248221159452
2019/2020,Durango,Mujeres,10,94.9487595900768
2018/2019,Durango,Mujeres,10,95.55941588404542
2017/2018,Durango,Mujeres,10,92.51870324189504
2016/2017,Durango,Mujeres,10,87.66960376236548
2015/2016,Durango,Mujeres,10,87.75791680459028
2014/2015,Durango,Mujeres,10,87.53258277411132
2013/2014,Durango,Mujeres,10,88.19079875811444
2012/2013,Durango,Mujeres,10,87.80131482834193
2021/2022,Guanajuato,Total,11,94.4073433312116
2020/2021,Guanajuato,Total,11,96.68524100426652
2019/2020,Guanajuato,Total,11,95.5701604643223
2018/2019,Guanajuato,Total,11,95.14703667129712
2017/2018,Guanajuato,Total,11,94.05091127178224
2016/2017,Guanajuato,Total,11,93.75423849431915
2015/2016,Guanajuato,Total,11,94.1174013300806
2014/2015,Guanajuato,Total,11,93.65605159477008
2013/2014,Guanajuato,Total,11,94.6048613144794
2012/2013,Guanajuato,Total,11,92.86742189722402
2021/2022,Guanajuato,Hombres,11,94.3310176592246
2020/2021,Guanajuato,Hombres,11,96.56763369451252
2019/2020,Guanajuato,Hombres,11,95.39679865206384
2018/2019,Guanajuato,Hombres,11,95.04624600901856
2017/2018,Guanajuato,Hombres,11,93.80289514099952
2016/2017,Guanajuato,Hombres,11,93.5896587109801
2015/2016,Guanajuato,Hombres,11,94.0864353208981
2014/2015,Guanajuato,Hombres,11,93.48224154143098
2013/2014,Guanajuato,Hombres,11,94.44910169797966
2012/2013,Guanajuato,Hombres,11,92.65431997506612
2021/2022,Guanajuato,Mujeres,11,94.48586913032402
2020/2021,Guanajuato,Mujeres,11,96.8085301284282
2019/2020,Guanajuato,Mujeres,11,95.74814046012776
2018/2019,Guanajuato,Mujeres,11,95.25131103997823
2017/2018,Guanajuato,Mujeres,11,94.30887401012828
2016/2017,Guanajuato,Mujeres,11,93.92270809684356
2015/2016,Guanajuato,Mujeres,11,94.14965290214737
2014/2015,Guanajuato,Mujeres,11,93.83484930762992
2013/2014,Guanajuato,Mujeres,11,94.7663519547362
2012/2013,Guanajuato,Mujeres,11,93.08925735557769
2021/2022,Guerrero,Total,12,93.34320190194208
2020/2021,Guerrero,Total,12,94.39125895207444
2019/2020,Guerrero,Total,12,92.912170468515
2018/2019,Guerrero,Total,12,92.30657301215632
2017/2018,Guerrero,Total,12,91.88731506885284
2016/2017,Guerrero,Total,12,87.67110834047642
2015/2016,Guerrero,Total,12,87.54197964467915
2014/2015,Guerrero,Total,12,86.44138612106391
2013/2014,Guerrero,Total,12,84.93975130570905
2012/2013,Guerrero,Total,12,82.8010540821506
2021/2022,Guerrero,Hombres,12,93.1953534996168
2020/2021,Guerrero,Hombres,12,94.40231548480436
2019/2020,Guerrero,Hombres,12,92.90695788506248
2018/2019,Guerrero,Hombres,12,92.28157241739603
2017/2018,Guerrero,Hombres,12,91.62893000388132
2016/2017,Guerrero,Hombres,12,87.2432377465937
2015/2016,Guerrero,Hombres,12,87.42025069428803
2014/2015,Guerrero,Hombres,12,86.18247119269712
2013/2014,Guerrero,Hombres,12,84.69787793712207
2012/2013,Guerrero,Hombres,12,82.6188730995673
2021/2022,Guerrero,Mujeres,12,93.49534298109889
2020/2021,Guerrero,Mujeres,12,94.37983916773788
2019/2020,Guerrero,Mujeres,12,92.91749502982086
2018/2019,Guerrero,Mujeres,12,92.33222555746153
2017/2018,Guerrero,Mujeres,12,92.15336246403062
2016/2017,Guerrero,Mujeres,12,88.11799691997241
2015/2016,Guerrero,Mujeres,12,87.66986463398626
2014/2015,Guerrero,Mujeres,12,86.70832369050369
2013/2014,Guerrero,Mujeres,12,85.18885126334986
2012/2013,Guerrero,Mujeres,12,82.99161575940455
2021/2022,Hidalgo,Total,13,97.22142707200264
2020/2021,Hidalgo,Total,13,98.15148782687116
2019/2020,Hidalgo,Total,13,97.568738873204
2018/2019,Hidalgo,Total,13,96.77549234135648
2017/2018,Hidalgo,Total,13,97.2790874000549
2016/2017,Hidalgo,Total,13,95.46913835956911
2015/2016,Hidalgo,Total,13,95.89803691766788
2014/2015,Hidalgo,Total,13,97.48866232482028
2013/2014,Hidalgo,Total,13,96.90981998123048
2012/2013,Hidalgo,Total,13,96.1820652173914
2021/2022,Hidalgo,Hombres,13,97.18510734123996
2020/2021,Hidalgo,Hombres,13,98.1260395490664
2019/2020,Hidalgo,Hombres,13,97.4839419425813
2018/2019,Hidalgo,Hombres,13,96.8722909948336
2017/2018,Hidalgo,Hombres,13,97.08288263926444
2016/2017,Hidalgo,Hombres,13,95.57149169017433
2015/2016,Hidalgo,Hombres,13,95.90953986580828
2014/2015,Hidalgo,Hombres,13,97.4000268384328
2013/2014,Hidalgo,Hombres,13,96.83789192795182
2012/2013,Hidalgo,Hombres,13,95.88137287570812
2021/2022,Hidalgo,Mujeres,13,97.25899755406311
2020/2021,Hidalgo,Mujeres,13,98.1777896626809
2019/2020,Hidalgo,Mujeres,13,97.65585125774682
2018/2019,Hidalgo,Mujeres,13,96.6768012444318
2017/2018,Hidalgo,Mujeres,13,97.48312710911156
2016/2017,Hidalgo,Mujeres,13,95.36351839511788
2015/2016,Hidalgo,Mujeres,13,95.88625261688745
2014/2015,Hidalgo,Mujeres,13,97.58025376135323
2013/2014,Hidalgo,Mujeres,13,96.98515283842792
2012/2013,Hidalgo,Mujeres,13,96.49463110495331
2021/2022,Jalisco,Total,14,93.18539084988684
2020/2021,Jalisco,Total,14,94.9866820146964
2019/2020,Jalisco,Total,14,94.2781361453382
2018/2019,Jalisco,Total,14,94.22877166635396
2017/2018,Jalisco,Total,14,93.73246258163284
2016/2017,Jalisco,Total,14,93.77530491638386
2015/2016,Jalisco,Total,14,93.98002322284282
2014/2015,Jalisco,Total,14,94.0268026460162
2013/2014,Jalisco,Total,14,94.06625478527845
2012/2013,Jalisco,Total,14,92.26542402642434
2021/2022,Jalisco,Hombres,14,93.00590654005332
2020/2021,Jalisco,Hombres,14,94.87738491623048
2019/2020,Jalisco,Hombres,14,94.1001756802871
2018/2019,Jalisco,Hombres,14,94.0981757551981
2017/2018,Jalisco,Hombres,14,93.6047084318361
2016/2017,Jalisco,Hombres,14,93.6455590283761
2015/2016,Jalisco,Hombres,14,93.80287009063431
2014/2015,Jalisco,Hombres,14,93.84613477770472
2013/2014,Jalisco,Hombres,14,94.01637623346636
2012/2013,Jalisco,Hombres,14,92.12668926985329
2021/2022,Jalisco,Mujeres,14,93.3707771906041
2020/2021,Jalisco,Mujeres,14,95.09886354389889
2019/2020,Jalisco,Mujeres,14,94.4628869090575
2018/2019,Jalisco,Mujeres,14,94.36491909716032
2017/2018,Jalisco,Mujeres,14,93.86413533166689
2016/2017,Jalisco,Mujeres,14,93.91084145306858
2015/2016,Jalisco,Mujeres,14,94.164126581285
2014/2015,Jalisco,Mujeres,14,94.21613196519016
2013/2014,Jalisco,Mujeres,14,94.11848384134892
2012/2013,Jalisco,Mujeres,14,92.41231119256751
2021/2022,México,Total,15,93.7815051407506
2020/2021,México,Total,15,96.52974401941532
2019/2020,México,Total,15,95.3437517927468
2018/2019,México,Total,15,94.74192319365632
2017/2018,México,Total,15,94.6268051456506
2016/2017,México,Total,15,95.09544324079089
2015/2016,México,Total,15,95.12526600586337
2014/2015,México,Total,15,94.47162169270436
2013/2014,México,Total,15,94.0757086561007
2012/2013,México,Total,15,93.45317273759844
2021/2022,México,Hombres,15,93.58537817710516
2020/2021,México,Hombres,15,96.46307983028478
2019/2020,México,Hombres,15,95.24230245457872
2018/2019,México,Hombres,15,94.64880604226528
2017/2018,México,Hombres,15,94.41860169545366
2016/2017,México,Hombres,15,94.96434768291574
2015/2016,México,Hombres,15,95.04040397804783
2014/2015,México,Hombres,15,94.35295988063858
2013/2014,México,Hombres,15,93.89672213451392
2012/2013,México,Hombres,15,93.14368376063253
2021/2022,México,Mujeres,15,93.98193532937708
2020/2021,México,Mujeres,15,96.59815163067714
2019/2020,México,Mujeres,15,95.4484972359018
2018/2019,México,Mujeres,15,94.83801550957226
2017/2018,México,Mujeres,15,94.84045987205486
2016/2017,México,Mujeres,15,95.23083865819903
2015/2016,México,Mujeres,15,95.2130410630022
2014/2015,México,Mujeres,15,94.59317256498603
2013/2014,México,Mujeres,15,94.26006342402496
2012/2013,México,Mujeres,15,93.77280331886683
2021/2022,Michoacán de Ocampo,Total,16,89.2411490737607
2020/2021,Michoacán de Ocampo,Total,16,91.82584044900132
2019/2020,Michoacán de Ocampo,Total,16,89.99588177527166
2018/2019,Michoacán de Ocampo,Total,16,90.48956010541237
2017/2018,Michoacán de Ocampo,Total,16,90.93080675271466
2016/2017,Michoacán de Ocampo,Total,16,86.02877697841724
2015/2016,Michoacán de Ocampo,Total,16,86.45505512598724
2014/2015,Michoacán de Ocampo,Total,16,86.8323643816135
2013/2014,Michoacán de Ocampo,Total,16,86.49302325581394
2012/2013,Michoacán de Ocampo,Total,16,85.93536351398622
2021/2022,Michoacán de Ocampo,Hombres,16,89.25627467731881
2020/2021,Michoacán de Ocampo,Hombres,16,91.66930773758332
2019/2020,Michoacán de Ocampo,Hombres,16,89.69973079312508
2018/2019,Michoacán de Ocampo,Hombres,16,90.31302792407824
2017/2018,Michoacán de Ocampo,Hombres,16,90.3955359255463
2016/2017,Michoacán de Ocampo,Hombres,16,85.64872589670281
2015/2016,Michoacán de Ocampo,Hombres,16,85.84996417971537
2014/2015,Michoacán de Ocampo,Hombres,16,86.56040199349249
2013/2014,Michoacán de Ocampo,Hombres,16,86.3171923589514
2012/2013,Michoacán de Ocampo,Hombres,16,85.31039610094572
2021/2022,Michoacán de Ocampo,Mujeres,16,89.22568460812113
2020/2021,Michoacán de Ocampo,Mujeres,16,91.9854995497474
2019/2020,Michoacán de Ocampo,Mujeres,16,90.30402275322676
2018/2019,Michoacán de Ocampo,Mujeres,16,90.67328575861016
2017/2018,Michoacán de Ocampo,Mujeres,16,91.48575166605352
2016/2017,Michoacán de Ocampo,Mujeres,16,86.42530135662983
2015/2016,Michoacán de Ocampo,Mujeres,16,87.08259918908024
2014/2015,Michoacán de Ocampo,Mujeres,16,87.11287650282497
2013/2014,Michoacán de Ocampo,Mujeres,16,86.67739476581677
2012/2013,Michoacán de Ocampo,Mujeres,16,86.59436858953435
2021/2022,Morelos,Total,17,94.29856284788848
2020/2021,Morelos,Total,17,95.34586489603802
2019/2020,Morelos,Total,17,92.9048316251829
2018/2019,Morelos,Total,17,93.9400028706762
2017/2018,Morelos,Total,17,93.12523439979245
2016/2017,Morelos,Total,17,92.99734897625368
2015/2016,Morelos,Total,17,93.61919927206526
2014/2015,Morelos,Total,17,91.7657642461557
2013/2014,Morelos,Total,17,89.90835909863212
2012/2013,Morelos,Total,17,90.9428704133769
2021/2022,Morelos,Hombres,17,94.42184418145932
2020/2021,Morelos,Hombres,17,95.46710889994452
2019/2020,Morelos,Hombres,17,93.23822778937588
2018/2019,Morelos,Hombres,17,93.89195650936394
2017/2018,Morelos,Hombres,17,93.12222783673003
2016/2017,Morelos,Hombres,17,93.10671496238504
2015/2016,Morelos,Hombres,17,93.43253524278356
2014/2015,Morelos,Hombres,17,91.09442648106544
2013/2014,Morelos,Hombres,17,89.91711200785242
2012/2013,Morelos,Hombres,17,90.61329958339944
2021/2022,Morelos,Mujeres,17,94.17014446227944
2020/2021,Morelos,Mujeres,17,95.22091403975178
2019/2020,Morelos,Mujeres,17,92.564769904176
2018/2019,Morelos,Mujeres,17,93.98888116747732
2017/2018,Morelos,Mujeres,17,93.12841205791612
2016/2017,Morelos,Mujeres,17,92.88528521669636
2015/2016,Morelos,Mujeres,17,93.81216747628967
2014/2015,Morelos,Mujeres,17,92.4728700069268
2013/2014,Morelos,Mujeres,17,89.89921995103343
2012/2013,Morelos,Mujeres,17,91.29719922893736
2021/2022,Nayarit,Total,18,98.0628246832062
2020/2021,Nayarit,Total,18,96.8534583821803
2019/2020,Nayarit,Total,18,95.38908649258276
2018/2019,Nayarit,Total,18,94.9040741539125
2017/2018,Nayarit,Total,18,93.4726292096657
2016/2017,Nayarit,Total,18,93.06222183436576
2015/2016,Nayarit,Total,18,93.17083692838622
2014/2015,Nayarit,Total,18,94.77811288237838
2013/2014,Nayarit,Total,18,91.59389115938926
2012/2013,Nayarit,Total,18,92.5027418293485
2021/2022,Nayarit,Hombres,18,98.03325415676956
2020/2021,Nayarit,Hombres,18,96.73499675354816
2019/2020,Nayarit,Hombres,18,95.57733276523204
2018/2019,Nayarit,Hombres,18,94.971737112967
2017/2018,Nayarit,Hombres,18,93.33444425928988
2016/2017,Nayarit,Hombres,18,93.20903181662656
2015/2016,Nayarit,Hombres,18,93.39981407926994
2014/2015,Nayarit,Hombres,18,94.82948294829475
2013/2014,Nayarit,Hombres,18,91.39919759277836
2012/2013,Nayarit,Hombres,18,92.61825335728334
2021/2022,Nayarit,Mujeres,18,98.0937251787132
2020/2021,Nayarit,Mujeres,18,96.9745827010623
2019/2020,Nayarit,Mujeres,18,95.19392172453428
2018/2019,Nayarit,Mujeres,18,94.83336272262387
2017/2018,Nayarit,Mujeres,18,93.61628410567374
2016/2017,Nayarit,Mujeres,18,92.90931765544283
2015/2016,Nayarit,Mujeres,18,92.93205252489662
2014/2015,Nayarit,Mujeres,18,94.72483103660127
2013/2014,Nayarit,Mujeres,18,91.80037230741978
2012/2013,Nayarit,Mujeres,18,92.38112391930856
2021/2022,Nuevo León,Total,19,74.15270723576961
2020/2021,Nuevo León,Total,19,76.40381493937073
2019/2020,Nuevo León,Total,19,74.3250491686037
2018/2019,Nuevo León,Total,19,75.3274129420727
2017/2018,Nuevo León,Total,19,77.89621230347615
2016/2017,Nuevo León,Total,19,95.60745183376656
2015/2016,Nuevo León,Total,19,85.19888014367989
2014/2015,Nuevo León,Total,19,84.4037482349922
2013/2014,Nuevo León,Total,19,84.02878476355365
2012/2013,Nuevo León,Total,19,94.6719177190468
2021/2022,Nuevo León,Hombres,19,74.13789532547702
2020/2021,Nuevo León,Hombres,19,76.38147845918864
2019/2020,Nuevo León,Hombres,19,74.10546523976801
2018/2019,Nuevo León,Hombres,19,75.21536622562961
2017/2018,Nuevo León,Hombres,19,77.87054658563038
2016/2017,Nuevo León,Hombres,19,95.76916673603591
2015/2016,Nuevo León,Hombres,19,85.09957031895536
2014/2015,Nuevo León,Hombres,19,84.18346922866236
2013/2014,Nuevo León,Hombres,19,84.33153260453419
2012/2013,Nuevo León,Hombres,19,94.52625788159636
2021/2022,Nuevo León,Mujeres,19,74.16798393642947
2020/2021,Nuevo León,Mujeres,19,76.4267883274513
2019/2020,Nuevo León,Mujeres,19,74.55818895418189
2018/2019,Nuevo León,Mujeres,19,75.44234224711985
2017/2018,Nuevo León,Mujeres,19,77.92305058632175
2016/2017,Nuevo León,Mujeres,19,95.43908304985597
2015/2016,Nuevo León,Mujeres,19,85.30283045386746
2014/2015,Nuevo León,Mujeres,19,84.6309293583363
2013/2014,Nuevo León,Mujeres,19,83.71519210433563
2012/2013,Nuevo León,Mujeres,19,94.82520596749052
2021/2022,Oaxaca,Total,20,77.43941966352831
2020/2021,Oaxaca,Total,20,66.7685168542996
2019/2020,Oaxaca,Total,20,59.39442781487463
2018/2019,Oaxaca,Total,20,51.75961243979168
2017/2018,Oaxaca,Total,20,86.34518477043653
2016/2017,Oaxaca,Total,20,87.61860302269943
2015/2016,Oaxaca,Total,20,86.92413024810249
2014/2015,Oaxaca,Total,20,85.97555371748913
2013/2014,Oaxaca,Total,20,84.7456672150729
2012/2013,Oaxaca,Total,20,82.50550729456756
2021/2022,Oaxaca,Hombres,20,77.31171963244498
2020/2021,Oaxaca,Hombres,20,66.76228847703447
2019/2020,Oaxaca,Hombres,20,59.17449139280138
2018/2019,Oaxaca,Hombres,20,51.71477917591899
2017/2018,Oaxaca,Hombres,20,85.83773071871309
2016/2017,Oaxaca,Hombres,20,87.25431530494824
2015/2016,Oaxaca,Hombres,20,86.52378558698543
2014/2015,Oaxaca,Hombres,20,85.5882219500023
2013/2014,Oaxaca,Hombres,20,84.55628964639256
2012/2013,Oaxaca,Hombres,20,81.84826424402856
2021/2022,Oaxaca,Mujeres,20,77.57000593138328
2020/2021,Oaxaca,Mujeres,20,66.77492046659607
2019/2020,Oaxaca,Mujeres,20,59.61832061068706
2018/2019,Oaxaca,Mujeres,20,51.80586588228647
2017/2018,Oaxaca,Mujeres,20,86.86541777893271
2016/2017,Oaxaca,Mujeres,20,87.99337042737056
2015/2016,Oaxaca,Mujeres,20,87.33729485002846
2014/2015,Oaxaca,Mujeres,20,86.37294605036548
2013/2014,Oaxaca,Mujeres,20,84.94546465044128
2012/2013,Oaxaca,Mujeres,20,83.21221400383843
2021/2022,Puebla,Total,21,96.83667793063964
2020/2021,Puebla,Total,21,98.2693911592996
2019/2020,Puebla,Total,21,98.0377839231895
2018/2019,Puebla,Total,21,96.68030542711128
2017/2018,Puebla,Total,21,96.34877467224274
2016/2017,Puebla,Total,21,95.50135291843812
2015/2016,Puebla,Total,21,95.09649331969328
2014/2015,Puebla,Total,21,94.36153076881966
2013/2014,Puebla,Total,21,94.67382927257316
2012/2013,Puebla,Total,21,93.58631222403696
2021/2022,Puebla,Hombres,21,96.69432307264292
2020/2021,Puebla,Hombres,21,98.21249114482949
2019/2020,Puebla,Hombres,21,97.96417435960151
2018/2019,Puebla,Hombres,21,96.67931688804543
2017/2018,Puebla,Hombres,21,96.2772688923706
2016/2017,Puebla,Hombres,21,95.5088178855349
2015/2016,Puebla,Hombres,21,95.1599460532495
2014/2015,Puebla,Hombres,21,94.191397232993
2013/2014,Puebla,Hombres,21,94.56565808243847
2012/2013,Puebla,Hombres,21,93.4076809453472
2021/2022,Puebla,Mujeres,21,96.98328165026274
2020/2021,Puebla,Mujeres,21,98.32773095049065
2019/2020,Puebla,Mujeres,21,98.113863262985
2018/2019,Puebla,Mujeres,21,96.68131395384576
2017/2018,Puebla,Mujeres,21,96.42191231990164
2016/2017,Puebla,Mujeres,21,95.4936565758071
2015/2016,Puebla,Mujeres,21,95.03108500734184
2014/2015,Puebla,Mujeres,21,94.53578934355326
2013/2014,Puebla,Mujeres,21,94.7855901700386
2012/2013,Puebla,Mujeres,21,93.7736199739793
2021/2022,Querétaro,Total,22,93.2227969256055
2020/2021,Querétaro,Total,22,93.60296563851507
2019/2020,Querétaro,Total,22,93.91251290716224
2018/2019,Querétaro,Total,22,95.61096563390724
2017/2018,Querétaro,Total,22,95.10292831651348
2016/2017,Querétaro,Total,22,94.3298969072166
2015/2016,Querétaro,Total,22,94.48126280274715
2014/2015,Querétaro,Total,22,96.20035795482012
2013/2014,Querétaro,Total,22,94.9677078581548
2012/2013,Querétaro,Total,22,94.97556207233656
2021/2022,Querétaro,Hombres,22,93.39154499475131
2020/2021,Querétaro,Hombres,22,93.925364758698
2019/2020,Querétaro,Hombres,22,93.91059648475324
2018/2019,Querétaro,Hombres,22,95.5513013355212
2017/2018,Querétaro,Hombres,22,94.91161792826826
2016/2017,Querétaro,Hombres,22,94.38370947309156
2015/2016,Querétaro,Hombres,22,94.19065596979696
2014/2015,Querétaro,Hombres,22,96.12655800575276
2013/2014,Querétaro,Hombres,22,95.0087030154773
2012/2013,Querétaro,Hombres,22,94.747819491847
2021/2022,Querétaro,Mujeres,22,93.04956896551695
2020/2021,Querétaro,Mujeres,22,93.26988114793689
2019/2020,Querétaro,Mujeres,22,93.9144972534032
2018/2019,Querétaro,Mujeres,22,95.67266899217488
2017/2018,Querétaro,Mujeres,22,95.29947292764712
2016/2017,Querétaro,Mujeres,22,94.27366769622988
2015/2016,Querétaro,Mujeres,22,94.78453582861384
2014/2015,Querétaro,Mujeres,22,96.27550522307916
2013/2014,Querétaro,Mujeres,22,94.92497793468652
2012/2013,Querétaro,Mujeres,22,95.21791767554484
2021/2022,Quintana Roo,Total,23,92.0388901164808
2020/2021,Quintana Roo,Total,23,94.11209958819263
2019/2020,Quintana Roo,Total,23,90.42031470951044
2018/2019,Quintana Roo,Total,23,90.25516328603535
2017/2018,Quintana Roo,Total,23,90.56639635073472
2016/2017,Quintana Roo,Total,23,89.87292656901745
2015/2016,Quintana Roo,Total,23,91.23361952101205
2014/2015,Quintana Roo,Total,23,90.50599377442214
2013/2014,Quintana Roo,Total,23,91.06741767165424
2012/2013,Quintana Roo,Total,23,91.4938992413384
2021/2022,Quintana Roo,Hombres,23,91.97249140356342
2020/2021,Quintana Roo,Hombres,23,94.1121320082506
2019/2020,Quintana Roo,Hombres,23,90.28129975821192
2018/2019,Quintana Roo,Hombres,23,89.92784125075183
2017/2018,Quintana Roo,Hombres,23,90.32579580140754
2016/2017,Quintana Roo,Hombres,23,89.84642721157498
2015/2016,Quintana Roo,Hombres,23,91.1581333837143
2014/2015,Quintana Roo,Hombres,23,90.38050171776742
2013/2014,Quintana Roo,Hombres,23,90.8602516150968
2012/2013,Quintana Roo,Hombres,23,91.36591737127918
2021/2022,Quintana Roo,Mujeres,23,92.1066054577914
2020/2021,Quintana Roo,Mujeres,23,94.11206678472068
2019/2020,Quintana Roo,Mujeres,23,90.56511056511049
2018/2019,Quintana Roo,Mujeres,23,90.59839838577484
2017/2018,Quintana Roo,Mujeres,23,90.81533999355452
2016/2017,Quintana Roo,Mujeres,23,89.90045487507437
2015/2016,Quintana Roo,Mujeres,23,91.3129841753294
2014/2015,Quintana Roo,Mujeres,23,90.63705910229508
2013/2014,Quintana Roo,Mujeres,23,91.28143880848673
2012/2013,Quintana Roo,Mujeres,23,91.62635173591347
2021/2022,San Luis Potosí,Total,24,96.7039349499058
2020/2021,San Luis Potosí,Total,24,97.6411240911692
2019/2020,San Luis Potosí,Total,24,97.31089762714558
2018/2019,San Luis Potosí,Total,24,96.1380395241375
2017/2018,San Luis Potosí,Total,24,96.0151393328494
2016/2017,San Luis Potosí,Total,24,94.60602549246818
2015/2016,San Luis Potosí,Total,24,95.34718215041356
2014/2015,San Luis Potosí,Total,24,94.9270779075826
2013/2014,San Luis Potosí,Total,24,93.4801565949868
2012/2013,San Luis Potosí,Total,24,93.91630862548298
2021/2022,San Luis Potosí,Hombres,24,96.8372321684624
2020/2021,San Luis Potosí,Hombres,24,97.6501618510973
2019/2020,San Luis Potosí,Hombres,24,97.27222702617706
2018/2019,San Luis Potosí,Hombres,24,96.02340994535126
2017/2018,San Luis Potosí,Hombres,24,95.82612706099404
2016/2017,San Luis Potosí,Hombres,24,94.5919258668491
2015/2016,San Luis Potosí,Hombres,24,95.23340406183702
2014/2015,San Luis Potosí,Hombres,24,94.95016124303748
2013/2014,San Luis Potosí,Hombres,24,93.46856725146228
2012/2013,San Luis Potosí,Hombres,24,93.76604198164618
2021/2022,San Luis Potosí,Mujeres,24,96.56722689075646
2020/2021,San Luis Potosí,Mujeres,24,97.63167787477522
2019/2020,San Luis Potosí,Mujeres,24,97.35051338836293
2018/2019,San Luis Potosí,Mujeres,24,96.25608685239904
2017/2018,San Luis Potosí,Mujeres,24,96.21206054296458
2016/2017,San Luis Potosí,Mujeres,24,94.62061377657297
2015/2016,San Luis Potosí,Mujeres,24,95.46448941323555
2014/2015,San Luis Potosí,Mujeres,24,94.90327943176648
2013/2014,San Luis Potosí,Mujeres,24,93.49210536232404
2012/2013,San Luis Potosí,Mujeres,24,94.07487107186552
2021/2022,Sinaloa,Total,25,96.9917958067455
2020/2021,Sinaloa,Total,25,97.77547748076891
2019/2020,Sinaloa,Total,25,96.3637068480936
2018/2019,Sinaloa,Total,25,96.92684873710036
2017/2018,Sinaloa,Total,25,96.53545656268048
2016/2017,Sinaloa,Total,25,96.23182969145638
2015/2016,Sinaloa,Total,25,96.02415423253098
2014/2015,Sinaloa,Total,25,96.68438824628188
2013/2014,Sinaloa,Total,25,95.89778930378463
2012/2013,Sinaloa,Total,25,95.81297258371508
2021/2022,Sinaloa,Hombres,25,97.060728744939
2020/2021,Sinaloa,Hombres,25,97.71846579675744
2019/2020,Sinaloa,Hombres,25,96.40822486323316
2018/2019,Sinaloa,Hombres,25,96.8983557548581
2017/2018,Sinaloa,Hombres,25,96.2162359202418
2016/2017,Sinaloa,Hombres,25,96.27789750520486
2015/2016,Sinaloa,Hombres,25,95.81674034562108
2014/2015,Sinaloa,Hombres,25,96.53998666526292
2013/2014,Sinaloa,Hombres,25,95.77680447245638
2012/2013,Sinaloa,Hombres,25,95.91086683001112
2021/2022,Sinaloa,Mujeres,25,96.91955193482684
2020/2021,Sinaloa,Mujeres,25,97.83560615538592
2019/2020,Sinaloa,Mujeres,25,96.3166706529537
2018/2019,Sinaloa,Mujeres,25,96.95633677534153
2017/2018,Sinaloa,Mujeres,25,96.86975110703912
2016/2017,Sinaloa,Mujeres,25,96.18320610687029
2015/2016,Sinaloa,Mujeres,25,96.23613756021044
2014/2015,Sinaloa,Mujeres,25,96.83579233967416
2013/2014,Sinaloa,Mujeres,25,96.0233572326112
2012/2013,Sinaloa,Mujeres,25,95.70783400305834
2021/2022,Sonora,Total,26,93.4933481389738
2020/2021,Sonora,Total,26,96.63245867387724
2019/2020,Sonora,Total,26,95.02298147673234
2018/2019,Sonora,Total,26,93.25919422495345
2017/2018,Sonora,Total,26,93.13477749271809
2016/2017,Sonora,Total,26,90.99657288903524
2015/2016,Sonora,Total,26,93.34006054490418
2014/2015,Sonora,Total,26,94.49275362318818
2013/2014,Sonora,Total,26,93.14692683635816
2012/2013,Sonora,Total,26,93.12115363606593
2021/2022,Sonora,Hombres,26,93.36866705617234
2020/2021,Sonora,Hombres,26,96.4642396907219
2019/2020,Sonora,Hombres,26,94.8698942769085
2018/2019,Sonora,Hombres,26,93.1349853895487
2017/2018,Sonora,Hombres,26,93.10685514515896
2016/2017,Sonora,Hombres,26,90.76124042762916
2015/2016,Sonora,Hombres,26,93.1443762168638
2014/2015,Sonora,Hombres,26,94.2943496369467
2013/2014,Sonora,Hombres,26,92.9539678057045
2012/2013,Sonora,Hombres,26,92.98437444887333
2021/2022,Sonora,Mujeres,26,93.6239996501511
2020/2021,Sonora,Mujeres,26,96.80660357693722
2019/2020,Sonora,Mujeres,26,95.17956903431748
2018/2019,Sonora,Mujeres,26,93.3906199807261
2017/2018,Sonora,Mujeres,26,93.16356513222313
2016/2017,Sonora,Mujeres,26,91.24223356682106
2015/2016,Sonora,Mujeres,26,93.54251404222322
2014/2015,Sonora,Mujeres,26,94.69708472517463
2013/2014,Sonora,Mujeres,26,93.35155167895768
2012/2013,Sonora,Mujeres,26,93.26709570584482
2021/2022,Tabasco,Total,27,92.51700680272126
2020/2021,Tabasco,Total,27,93.00392365498428
2019/2020,Tabasco,Total,27,91.269693778521
2018/2019,Tabasco,Total,27,91.524215030308
2017/2018,Tabasco,Total,27,89.64824944174693
2016/2017,Tabasco,Total,27,84.7234540030639
2015/2016,Tabasco,Total,27,87.40442013216484
2014/2015,Tabasco,Total,27,60.433560494226434
2013/2014,Tabasco,Total,27,45.76191737827868
2012/2013,Tabasco,Total,27,58.33753250156219
2021/2022,Tabasco,Hombres,27,92.30341880341864
2020/2021,Tabasco,Hombres,27,93.01166168118964
2019/2020,Tabasco,Hombres,27,91.25979751796204
2018/2019,Tabasco,Hombres,27,91.64867109634544
2017/2018,Tabasco,Hombres,27,89.61330394710477
2016/2017,Tabasco,Hombres,27,84.52366898831313
2015/2016,Tabasco,Hombres,27,87.26533166458088
2014/2015,Tabasco,Hombres,27,60.29376831103031
2013/2014,Tabasco,Hombres,27,45.45381847261096
2012/2013,Tabasco,Hombres,27,58.41783389228652
2021/2022,Tabasco,Mujeres,27,92.73949430199416
2020/2021,Tabasco,Mujeres,27,92.99582652876056
2019/2020,Tabasco,Mujeres,27,91.27982283875824
2018/2019,Tabasco,Mujeres,27,91.39721150993748
2017/2018,Tabasco,Mujeres,27,89.68480174364971
2016/2017,Tabasco,Mujeres,27,84.93326170502932
2015/2016,Tabasco,Mujeres,27,87.54944741242198
2014/2015,Tabasco,Mujeres,27,60.57950646881344
2013/2014,Tabasco,Mujeres,27,46.08222139086328
2012/2013,Tabasco,Mujeres,27,58.253667380912965
2021/2022,Tamaulipas,Total,28,92.4202941639414
2020/2021,Tamaulipas,Total,28,94.41784623924484
2019/2020,Tamaulipas,Total,28,92.8776764472641
2018/2019,Tamaulipas,Total,28,93.08942428136838
2017/2018,Tamaulipas,Total,28,92.31061806656116
2016/2017,Tamaulipas,Total,28,91.23052741335584
2015/2016,Tamaulipas,Total,28,92.44351797921576
2014/2015,Tamaulipas,Total,28,91.70217234757553
2013/2014,Tamaulipas,Total,28,87.15957991032467
2012/2013,Tamaulipas,Total,28,86.33796570076876
2021/2022,Tamaulipas,Hombres,28,92.318860619469
2020/2021,Tamaulipas,Hombres,28,94.25310919775852
2019/2020,Tamaulipas,Hombres,28,92.8695596188516
2018/2019,Tamaulipas,Hombres,28,92.94338781101642
2017/2018,Tamaulipas,Hombres,28,92.15204059396687
2016/2017,Tamaulipas,Hombres,28,91.22662517921955
2015/2016,Tamaulipas,Hombres,28,92.31790477339928
2014/2015,Tamaulipas,Hombres,28,91.41672547635844
2013/2014,Tamaulipas,Hombres,28,87.03540602430857
2012/2013,Tamaulipas,Hombres,28,86.3326792104351
2021/2022,Tamaulipas,Mujeres,28,92.52415843686931
2020/2021,Tamaulipas,Mujeres,28,94.58773784355192
2019/2020,Tamaulipas,Mujeres,28,92.88623404833017
2018/2019,Tamaulipas,Mujeres,28,93.24180573100188
2017/2018,Tamaulipas,Mujeres,28,92.47506214287998
2016/2017,Tamaulipas,Mujeres,28,91.23459143474412
2015/2016,Tamaulipas,Mujeres,28,92.57320872274128
2014/2015,Tamaulipas,Mujeres,28,91.99950992403848
2013/2014,Tamaulipas,Mujeres,28,87.29012345679018
2012/2013,Tamaulipas,Mujeres,28,86.34351885534126
2021/2022,Tlaxcala,Total,29,98.894476538797
2020/2021,Tlaxcala,Total,29,99.07766395951514
2019/2020,Tlaxcala,Total,29,99.34874116432368
2018/2019,Tlaxcala,Total,29,99.4844369204728
2017/2018,Tlaxcala,Total,29,99.41790445604188
2016/2017,Tlaxcala,Total,29,98.5082386818108
2015/2016,Tlaxcala,Total,29,98.44420812162753
2014/2015,Tlaxcala,Total,29,97.79936790354672
2013/2014,Tlaxcala,Total,29,98.89231249268715
2012/2013,Tlaxcala,Total,29,98.18919025312
2021/2022,Tlaxcala,Hombres,29,98.9339893398936
2020/2021,Tlaxcala,Hombres,29,99.11032028469722
2019/2020,Tlaxcala,Hombres,29,99.29044834307982
2018/2019,Tlaxcala,Hombres,29,99.5524199666214
2017/2018,Tlaxcala,Hombres,29,99.34366598133788
2016/2017,Tlaxcala,Hombres,29,98.4809130263675
2015/2016,Tlaxcala,Hombres,29,98.3444983444983
2014/2015,Tlaxcala,Hombres,29,97.83993783993768
2013/2014,Tlaxcala,Hombres,29,98.86223862238636
2012/2013,Tlaxcala,Hombres,29,98.22270303685949
2021/2022,Tlaxcala,Mujeres,29,98.85386819484252
2020/2021,Tlaxcala,Mujeres,29,99.04440233956667
2019/2020,Tlaxcala,Mujeres,29,99.4092417253378
2018/2019,Tlaxcala,Mujeres,29,99.41447419782948
2017/2018,Tlaxcala,Mujeres,29,99.4944553163732
2016/2017,Tlaxcala,Mujeres,29,98.5364663793806
2015/2016,Tlaxcala,Mujeres,29,98.5486211901304
2014/2015,Tlaxcala,Mujeres,29,97.75844501920238
2013/2014,Tlaxcala,Mujeres,29,98.92328398384949
2012/2013,Tlaxcala,Mujeres,29,98.1543893436046
2021/2022,Veracruz de Ignacio de la Llave,Total,30,93.5065553096817
2020/2021,Veracruz de Ignacio de la Llave,Total,30,95.27514101500329
2019/2020,Veracruz de Ignacio de la Llave,Total,30,93.86298029249105
2018/2019,Veracruz de Ignacio de la Llave,Total,30,93.81128149583856
2017/2018,Veracruz de Ignacio de la Llave,Total,30,93.09450909778803
2016/2017,Veracruz de Ignacio de la Llave,Total,30,92.27082503685398
2015/2016,Veracruz de Ignacio de la Llave,Total,30,92.08279968153992
2014/2015,Veracruz de Ignacio de la Llave,Total,30,91.65629144450162
2013/2014,Veracruz de Ignacio de la Llave,Total,30,90.89406765370468
2012/2013,Veracruz de Ignacio de la Llave,Total,30,90.67739214884502
2021/2022,Veracruz de Ignacio de la Llave,Hombres,30,93.35699165732812
2020/2021,Veracruz de Ignacio de la Llave,Hombres,30,95.10170505533956
2019/2020,Veracruz de Ignacio de la Llave,Hombres,30,93.70195491319475
2018/2019,Veracruz de Ignacio de la Llave,Hombres,30,93.71651582760984
2017/2018,Veracruz de Ignacio de la Llave,Hombres,30,92.65065675273031
2016/2017,Veracruz de Ignacio de la Llave,Hombres,30,92.21629352549644
2015/2016,Veracruz de Ignacio de la Llave,Hombres,30,91.8621571267322
2014/2015,Veracruz de Ignacio de la Llave,Hombres,30,91.5522069609282
2013/2014,Veracruz de Ignacio de la Llave,Hombres,30,90.55879745411715
2012/2013,Veracruz de Ignacio de la Llave,Hombres,30,90.54504454273972
2021/2022,Veracruz de Ignacio de la Llave,Mujeres,30,93.66196044183548
2020/2021,Veracruz de Ignacio de la Llave,Mujeres,30,95.4548977662034
2019/2020,Veracruz de Ignacio de la Llave,Mujeres,30,94.03074615673012
2018/2019,Veracruz de Ignacio de la Llave,Mujeres,30,93.90968379159612
2017/2018,Veracruz de Ignacio de la Llave,Mujeres,30,93.5613248231844
2016/2017,Veracruz de Ignacio de la Llave,Mujeres,30,92.32713691296154
2015/2016,Veracruz de Ignacio de la Llave,Mujeres,30,92.31159747292436
2014/2015,Veracruz de Ignacio de la Llave,Mujeres,30,91.7635099865382
2013/2014,Veracruz de Ignacio de la Llave,Mujeres,30,91.24267356429364
2012/2013,Veracruz de Ignacio de la Llave,Mujeres,30,90.81830534411546
2021/2022,Yucatán,Total,31,94.8799370161396
2020/2021,Yucatán,Total,31,96.90821516023983
2019/2020,Yucatán,Total,31,91.1754928785127
2018/2019,Yucatán,Total,31,89.97868371969098
2017/2018,Yucatán,Total,31,85.92154319987036
2016/2017,Yucatán,Total,31,91.25827814569544
2015/2016,Yucatán,Total,31,89.05764584052481
2014/2015,Yucatán,Total,31,90.98260034158857
2013/2014,Yucatán,Total,31,88.48004300497264
2012/2013,Yucatán,Total,31,90.38519637462213
2021/2022,Yucatán,Hombres,31,94.38707012289574
2020/2021,Yucatán,Hombres,31,96.6872274805914
2019/2020,Yucatán,Hombres,31,91.20857312958898
2018/2019,Yucatán,Hombres,31,89.5645371577575
2017/2018,Yucatán,Hombres,31,85.56744504770428
2016/2017,Yucatán,Hombres,31,91.38077085980514
2015/2016,Yucatán,Hombres,31,88.69948186528508
2014/2015,Yucatán,Hombres,31,90.95287958115168
2013/2014,Yucatán,Hombres,31,88.7084056142563
2012/2013,Yucatán,Hombres,31,90.1664145234494
2021/2022,Yucatán,Mujeres,31,95.38929505309768
2020/2021,Yucatán,Mujeres,31,97.13460805142478
2019/2020,Yucatán,Mujeres,31,91.14030921851074
2018/2019,Yucatán,Mujeres,31,90.41133206210851
2017/2018,Yucatán,Mujeres,31,86.29385357202231
2016/2017,Yucatán,Mujeres,31,91.13050201579487
2015/2016,Yucatán,Mujeres,31,89.43412668155348
2014/2015,Yucatán,Mujeres,31,91.01349880252565
2013/2014,Yucatán,Mujeres,31,88.24111758882411
2012/2013,Yucatán,Mujeres,31,90.61833688699348
2021/2022,Zacatecas,Total,32,96.77978617523344
2020/2021,Zacatecas,Total,32,97.1716721812167
2019/2020,Zacatecas,Total,32,96.47788794938847
2018/2019,Zacatecas,Total,32,96.11347087378635
2017/2018,Zacatecas,Total,32,95.47571327517105
2016/2017,Zacatecas,Total,32,95.94602662845516
2015/2016,Zacatecas,Total,32,95.34540859309168
2014/2015,Zacatecas,Total,32,94.1286563830108
2013/2014,Zacatecas,Total,32,92.4933702989395
2012/2013,Zacatecas,Total,32,92.32075913776924
2021/2022,Zacatecas,Hombres,32,96.85656920567212
2020/2021,Zacatecas,Hombres,32,97.13117332494522
2019/2020,Zacatecas,Hombres,32,96.45265140010946
2018/2019,Zacatecas,Hombres,32,96.25432422760365
2017/2018,Zacatecas,Hombres,32,94.98657639780554
2016/2017,Zacatecas,Hombres,32,95.8597030815637
2015/2016,Zacatecas,Hombres,32,95.46131395556596
2014/2015,Zacatecas,Hombres,32,93.96263980792897
2013/2014,Zacatecas,Hombres,32,92.30588373596646
2012/2013,Zacatecas,Hombres,32,92.2261078942842
2021/2022,Zacatecas,Mujeres,32,96.69932276941287
2020/2021,Zacatecas,Mujeres,32,97.21310420287048
2019/2020,Zacatecas,Mujeres,32,96.5031982942432
2018/2019,Zacatecas,Mujeres,32,95.9676423366678
2017/2018,Zacatecas,Mujeres,32,95.97475288793612
2016/2017,Zacatecas,Mujeres,32,96.03399433427748
2015/2016,Zacatecas,Mujeres,32,95.22709308688523
2014/2015,Zacatecas,Mujeres,32,94.3052959501559
2013/2014,Zacatecas,Mujeres,32,92.69061900933774
2012/2013,Zacatecas,Mujeres,32,92.4196155918805
