Year,Entidad federativa,Usuarios,GeoCode,Value
2020/4,Estados Unidos Mexicanos,Hombres,0,
2020/3,Estados Unidos Mexicanos,Hombres,0,
2020/2,Estados Unidos Mexicanos,Hombres,0,
2020/1,Estados Unidos Mexicanos,Hombres,0,4836.89
2020/4,Estados Unidos Mexicanos,Mujeres,0,
2020/3,Estados Unidos Mexicanos,Mujeres,0,
2020/2,Estados Unidos Mexicanos,Mujeres,0,
2020/1,Estados Unidos Mexicanos,Mujeres,0,3773.05
2020/4,Aguascalientes,Hombres,1,
2020/3,Aguascalientes,Hombres,1,
2020/2,Aguascalientes,Hombres,1,
2020/1,Aguascalientes,Hombres,1,5440.79
2020/4,Aguascalientes,Mujeres,1,
2020/3,Aguascalientes,Mujeres,1,
2020/2,Aguascalientes,Mujeres,1,
2020/1,Aguascalientes,Mujeres,1,4036.5700000000006
2020/4,Baja California,Hombres,2,
2020/3,Baja California,Hombres,2,
2020/2,Baja California,Hombres,2,
2020/1,Baja California,Hombres,2,6281.37
2020/4,Baja California,Mujeres,2,
2020/3,Baja California,Mujeres,2,
2020/2,Baja California,Mujeres,2,
2020/1,Baja California,Mujeres,2,5354.26
2020/4,Baja California Sur,Hombres,3,
2020/3,Baja California Sur,Hombres,3,
2020/2,Baja California Sur,Hombres,3,
2020/1,Baja California Sur,Hombres,3,6787.45
2020/4,Baja California Sur,Mujeres,3,
2020/3,Baja California Sur,Mujeres,3,
2020/2,Baja California Sur,Mujeres,3,
2020/1,Baja California Sur,Mujeres,3,5345.26
2020/4,Campeche,Hombres,4,
2020/3,Campeche,Hombres,4,
2020/2,Campeche,Hombres,4,
2020/1,Campeche,Hombres,4,4488.74
2020/4,Campeche,Mujeres,4,
2020/3,Campeche,Mujeres,4,
2020/2,Campeche,Mujeres,4,
2020/1,Campeche,Mujeres,4,3256.61
2020/4,Coahuila de Zaragoza,Hombres,5,
2020/3,Coahuila de Zaragoza,Hombres,5,
2020/2,Coahuila de Zaragoza,Hombres,5,
2020/1,Coahuila de Zaragoza,Hombres,5,6083.27
2020/4,Coahuila de Zaragoza,Mujeres,5,
2020/3,Coahuila de Zaragoza,Mujeres,5,
2020/2,Coahuila de Zaragoza,Mujeres,5,
2020/1,Coahuila de Zaragoza,Mujeres,5,4640.57
2020/4,Colima,Hombres,6,
2020/3,Colima,Hombres,6,
2020/2,Colima,Hombres,6,
2020/1,Colima,Hombres,6,5598.96
2020/4,Colima,Mujeres,6,
2020/3,Colima,Mujeres,6,
2020/2,Colima,Mujeres,6,
2020/1,Colima,Mujeres,6,3890.2600000000007
2020/4,Chiapas,Hombres,7,
2020/3,Chiapas,Hombres,7,
2020/2,Chiapas,Hombres,7,
2020/1,Chiapas,Hombres,7,2522.05
2020/4,Chiapas,Mujeres,7,
2020/3,Chiapas,Mujeres,7,
2020/2,Chiapas,Mujeres,7,
2020/1,Chiapas,Mujeres,7,2821.78
2020/4,Chihuahua,Hombres,8,
2020/3,Chihuahua,Hombres,8,
2020/2,Chihuahua,Hombres,8,
2020/1,Chihuahua,Hombres,8,6330.7
2020/4,Chihuahua,Mujeres,8,
2020/3,Chihuahua,Mujeres,8,
2020/2,Chihuahua,Mujeres,8,
2020/1,Chihuahua,Mujeres,8,4949.08
2020/4,Ciudad de México,Hombres,9,
2020/3,Ciudad de México,Hombres,9,
2020/2,Ciudad de México,Hombres,9,
2020/1,Ciudad de México,Hombres,9,6282.71
2020/4,Ciudad de México,Mujeres,9,
2020/3,Ciudad de México,Mujeres,9,
2020/2,Ciudad de México,Mujeres,9,
2020/1,Ciudad de México,Mujeres,9,5028.67
2020/4,Durango,Hombres,10,
2020/3,Durango,Hombres,10,
2020/2,Durango,Hombres,10,
2020/1,Durango,Hombres,10,4697.44
2020/4,Durango,Mujeres,10,
2020/3,Durango,Mujeres,10,
2020/2,Durango,Mujeres,10,
2020/1,Durango,Mujeres,10,3612.3
2020/4,Guanajuato,Hombres,11,
2020/3,Guanajuato,Hombres,11,
2020/2,Guanajuato,Hombres,11,
2020/1,Guanajuato,Hombres,11,4797.84
2020/4,Guanajuato,Mujeres,11,
2020/3,Guanajuato,Mujeres,11,
2020/2,Guanajuato,Mujeres,11,
2020/1,Guanajuato,Mujeres,11,3583.79
2020/4,Guerrero,Hombres,12,
2020/3,Guerrero,Hombres,12,
2020/2,Guerrero,Hombres,12,
2020/1,Guerrero,Hombres,12,2936.77
2020/4,Guerrero,Mujeres,12,
2020/3,Guerrero,Mujeres,12,
2020/2,Guerrero,Mujeres,12,
2020/1,Guerrero,Mujeres,12,2474.49
2020/4,Hidalgo,Hombres,13,
2020/3,Hidalgo,Hombres,13,
2020/2,Hidalgo,Hombres,13,
2020/1,Hidalgo,Hombres,13,3758.05
2020/4,Hidalgo,Mujeres,13,
2020/3,Hidalgo,Mujeres,13,
2020/2,Hidalgo,Mujeres,13,
2020/1,Hidalgo,Mujeres,13,2783.02
2020/4,Jalisco,Hombres,14,
2020/3,Jalisco,Hombres,14,
2020/2,Jalisco,Hombres,14,
2020/1,Jalisco,Hombres,14,5891.14
2020/4,Jalisco,Mujeres,14,
2020/3,Jalisco,Mujeres,14,
2020/2,Jalisco,Mujeres,14,
2020/1,Jalisco,Mujeres,14,4250.36
2020/4,México,Hombres,15,
2020/3,México,Hombres,15,
2020/2,México,Hombres,15,
2020/1,México,Hombres,15,4573.2
2020/4,México,Mujeres,15,
2020/3,México,Mujeres,15,
2020/2,México,Mujeres,15,
2020/1,México,Mujeres,15,3561.53
2020/4,Michoacán de Ocampo,Hombres,16,
2020/3,Michoacán de Ocampo,Hombres,16,
2020/2,Michoacán de Ocampo,Hombres,16,
2020/1,Michoacán de Ocampo,Hombres,16,4525.41
2020/4,Michoacán de Ocampo,Mujeres,16,
2020/3,Michoacán de Ocampo,Mujeres,16,
2020/2,Michoacán de Ocampo,Mujeres,16,
2020/1,Michoacán de Ocampo,Mujeres,16,3418.0800000000004
2020/4,Morelos,Hombres,17,
2020/3,Morelos,Hombres,17,
2020/2,Morelos,Hombres,17,
2020/1,Morelos,Hombres,17,3752.37
2020/4,Morelos,Mujeres,17,
2020/3,Morelos,Mujeres,17,
2020/2,Morelos,Mujeres,17,
2020/1,Morelos,Mujeres,17,2805.6
2020/4,Nayarit,Hombres,18,
2020/3,Nayarit,Hombres,18,
2020/2,Nayarit,Hombres,18,
2020/1,Nayarit,Hombres,18,4790.21
2020/4,Nayarit,Mujeres,18,
2020/3,Nayarit,Mujeres,18,
2020/2,Nayarit,Mujeres,18,
2020/1,Nayarit,Mujeres,18,3593.16
2020/4,Nuevo León,Hombres,19,
2020/3,Nuevo León,Hombres,19,
2020/2,Nuevo León,Hombres,19,
2020/1,Nuevo León,Hombres,19,7194.12
2020/4,Nuevo León,Mujeres,19,
2020/3,Nuevo León,Mujeres,19,
2020/2,Nuevo León,Mujeres,19,
2020/1,Nuevo León,Mujeres,19,5231.95
2020/4,Oaxaca,Hombres,20,
2020/3,Oaxaca,Hombres,20,
2020/2,Oaxaca,Hombres,20,
2020/1,Oaxaca,Hombres,20,2856.38
2020/4,Oaxaca,Mujeres,20,
2020/3,Oaxaca,Mujeres,20,
2020/2,Oaxaca,Mujeres,20,
2020/1,Oaxaca,Mujeres,20,2205.14
2020/4,Puebla,Hombres,21,
2020/3,Puebla,Hombres,21,
2020/2,Puebla,Hombres,21,
2020/1,Puebla,Hombres,21,4129.74
2020/4,Puebla,Mujeres,21,
2020/3,Puebla,Mujeres,21,
2020/2,Puebla,Mujeres,21,
2020/1,Puebla,Mujeres,21,2835.05
2020/4,Querétaro,Hombres,22,
2020/3,Querétaro,Hombres,22,
2020/2,Querétaro,Hombres,22,
2020/1,Querétaro,Hombres,22,5683.83
2020/4,Querétaro,Mujeres,22,
2020/3,Querétaro,Mujeres,22,
2020/2,Querétaro,Mujeres,22,
2020/1,Querétaro,Mujeres,22,4437.25
2020/4,Quintana Roo,Hombres,23,
2020/3,Quintana Roo,Hombres,23,
2020/2,Quintana Roo,Hombres,23,
2020/1,Quintana Roo,Hombres,23,5315.64
2020/4,Quintana Roo,Mujeres,23,
2020/3,Quintana Roo,Mujeres,23,
2020/2,Quintana Roo,Mujeres,23,
2020/1,Quintana Roo,Mujeres,23,4432.93
2020/4,San Luis Potosí,Hombres,24,
2020/3,San Luis Potosí,Hombres,24,
2020/2,San Luis Potosí,Hombres,24,
2020/1,San Luis Potosí,Hombres,24,4390.15
2020/4,San Luis Potosí,Mujeres,24,
2020/3,San Luis Potosí,Mujeres,24,
2020/2,San Luis Potosí,Mujeres,24,
2020/1,San Luis Potosí,Mujeres,24,3510.96
2020/4,Sinaloa,Hombres,25,
2020/3,Sinaloa,Hombres,25,
2020/2,Sinaloa,Hombres,25,
2020/1,Sinaloa,Hombres,25,5362.15
2020/4,Sinaloa,Mujeres,25,
2020/3,Sinaloa,Mujeres,25,
2020/2,Sinaloa,Mujeres,25,
2020/1,Sinaloa,Mujeres,25,4124.48
2020/4,Sonora,Hombres,26,
2020/3,Sonora,Hombres,26,
2020/2,Sonora,Hombres,26,
2020/1,Sonora,Hombres,26,5548.96
2020/4,Sonora,Mujeres,26,
2020/3,Sonora,Mujeres,26,
2020/2,Sonora,Mujeres,26,
2020/1,Sonora,Mujeres,26,4291.44
2020/4,Tabasco,Hombres,27,
2020/3,Tabasco,Hombres,27,
2020/2,Tabasco,Hombres,27,
2020/1,Tabasco,Hombres,27,4424.64
2020/4,Tabasco,Mujeres,27,
2020/3,Tabasco,Mujeres,27,
2020/2,Tabasco,Mujeres,27,
2020/1,Tabasco,Mujeres,27,3467.15
2020/4,Tamaulipas,Hombres,28,
2020/3,Tamaulipas,Hombres,28,
2020/2,Tamaulipas,Hombres,28,
2020/1,Tamaulipas,Hombres,28,5112.97
2020/4,Tamaulipas,Mujeres,28,
2020/3,Tamaulipas,Mujeres,28,
2020/2,Tamaulipas,Mujeres,28,
2020/1,Tamaulipas,Mujeres,28,3801.44
2020/4,Tlaxcala,Hombres,29,
2020/3,Tlaxcala,Hombres,29,
2020/2,Tlaxcala,Hombres,29,
2020/1,Tlaxcala,Hombres,29,3594.15
2020/4,Tlaxcala,Mujeres,29,
2020/3,Tlaxcala,Mujeres,29,
2020/2,Tlaxcala,Mujeres,29,
2020/1,Tlaxcala,Mujeres,29,2765.77
2020/4,Veracruz de Ignacio de la Llave,Hombres,30,
2020/3,Veracruz de Ignacio de la Llave,Hombres,30,
2020/2,Veracruz de Ignacio de la Llave,Hombres,30,
2020/1,Veracruz de Ignacio de la Llave,Hombres,30,3688.65
2020/4,Veracruz de Ignacio de la Llave,Mujeres,30,
2020/3,Veracruz de Ignacio de la Llave,Mujeres,30,
2020/2,Veracruz de Ignacio de la Llave,Mujeres,30,
2020/1,Veracruz de Ignacio de la Llave,Mujeres,30,2999.53
2020/4,Yucatán,Hombres,31,
2020/3,Yucatán,Hombres,31,
2020/2,Yucatán,Hombres,31,
2020/1,Yucatán,Hombres,31,4597.66
2020/4,Yucatán,Mujeres,31,
2020/3,Yucatán,Mujeres,31,
2020/2,Yucatán,Mujeres,31,
2020/1,Yucatán,Mujeres,31,3120.08
2020/4,Zacatecas,Hombres,32,
2020/3,Zacatecas,Hombres,32,
2020/2,Zacatecas,Hombres,32,
2020/1,Zacatecas,Hombres,32,3954.84
2020/4,Zacatecas,Mujeres,32,
2020/3,Zacatecas,Mujeres,32,
2020/2,Zacatecas,Mujeres,32,
2020/1,Zacatecas,Mujeres,32,3176.68
2020/4,Estados Unidos Mexicanos,Hombres,0,
2020/3,Estados Unidos Mexicanos,Hombres,0,
2020/2,Estados Unidos Mexicanos,Hombres,0,0.0
2020/1,Estados Unidos Mexicanos,Hombres,0,
2020/4,Estados Unidos Mexicanos,Mujeres,0,
2020/3,Estados Unidos Mexicanos,Mujeres,0,
2020/2,Estados Unidos Mexicanos,Mujeres,0,0.0
2020/1,Estados Unidos Mexicanos,Mujeres,0,
2020/4,Aguascalientes,Hombres,1,
2020/3,Aguascalientes,Hombres,1,
2020/2,Aguascalientes,Hombres,1,0.0
2020/1,Aguascalientes,Hombres,1,
2020/4,Aguascalientes,Mujeres,1,
2020/3,Aguascalientes,Mujeres,1,
2020/2,Aguascalientes,Mujeres,1,0.0
2020/1,Aguascalientes,Mujeres,1,
2020/4,Baja California,Hombres,2,
2020/3,Baja California,Hombres,2,
2020/2,Baja California,Hombres,2,0.0
2020/1,Baja California,Hombres,2,
2020/4,Baja California,Mujeres,2,
2020/3,Baja California,Mujeres,2,
2020/2,Baja California,Mujeres,2,0.0
2020/1,Baja California,Mujeres,2,
2020/4,Baja California Sur,Hombres,3,
2020/3,Baja California Sur,Hombres,3,
2020/2,Baja California Sur,Hombres,3,0.0
2020/1,Baja California Sur,Hombres,3,
2020/4,Baja California Sur,Mujeres,3,
2020/3,Baja California Sur,Mujeres,3,
2020/2,Baja California Sur,Mujeres,3,0.0
2020/1,Baja California Sur,Mujeres,3,
2020/4,Campeche,Hombres,4,
2020/3,Campeche,Hombres,4,
2020/2,Campeche,Hombres,4,0.0
2020/1,Campeche,Hombres,4,
2020/4,Campeche,Mujeres,4,
2020/3,Campeche,Mujeres,4,
2020/2,Campeche,Mujeres,4,0.0
2020/1,Campeche,Mujeres,4,
2020/4,Coahuila de Zaragoza,Hombres,5,
2020/3,Coahuila de Zaragoza,Hombres,5,
2020/2,Coahuila de Zaragoza,Hombres,5,0.0
2020/1,Coahuila de Zaragoza,Hombres,5,
2020/4,Coahuila de Zaragoza,Mujeres,5,
2020/3,Coahuila de Zaragoza,Mujeres,5,
2020/2,Coahuila de Zaragoza,Mujeres,5,0.0
2020/1,Coahuila de Zaragoza,Mujeres,5,
2020/4,Colima,Hombres,6,
2020/3,Colima,Hombres,6,
2020/2,Colima,Hombres,6,0.0
2020/1,Colima,Hombres,6,
2020/4,Colima,Mujeres,6,
2020/3,Colima,Mujeres,6,
2020/2,Colima,Mujeres,6,0.0
2020/1,Colima,Mujeres,6,
2020/4,Chiapas,Hombres,7,
2020/3,Chiapas,Hombres,7,
2020/2,Chiapas,Hombres,7,0.0
2020/1,Chiapas,Hombres,7,
2020/4,Chiapas,Mujeres,7,
2020/3,Chiapas,Mujeres,7,
2020/2,Chiapas,Mujeres,7,0.0
2020/1,Chiapas,Mujeres,7,
2020/4,Chihuahua,Hombres,8,
2020/3,Chihuahua,Hombres,8,
2020/2,Chihuahua,Hombres,8,0.0
2020/1,Chihuahua,Hombres,8,
2020/4,Chihuahua,Mujeres,8,
2020/3,Chihuahua,Mujeres,8,
2020/2,Chihuahua,Mujeres,8,0.0
2020/1,Chihuahua,Mujeres,8,
2020/4,Ciudad de México,Hombres,9,
2020/3,Ciudad de México,Hombres,9,
2020/2,Ciudad de México,Hombres,9,0.0
2020/1,Ciudad de México,Hombres,9,
2020/4,Ciudad de México,Mujeres,9,
2020/3,Ciudad de México,Mujeres,9,
2020/2,Ciudad de México,Mujeres,9,0.0
2020/1,Ciudad de México,Mujeres,9,
2020/4,Durango,Hombres,10,
2020/3,Durango,Hombres,10,
2020/2,Durango,Hombres,10,0.0
2020/1,Durango,Hombres,10,
2020/4,Durango,Mujeres,10,
2020/3,Durango,Mujeres,10,
2020/2,Durango,Mujeres,10,0.0
2020/1,Durango,Mujeres,10,
2020/4,Guanajuato,Hombres,11,
2020/3,Guanajuato,Hombres,11,
2020/2,Guanajuato,Hombres,11,0.0
2020/1,Guanajuato,Hombres,11,
2020/4,Guanajuato,Mujeres,11,
2020/3,Guanajuato,Mujeres,11,
2020/2,Guanajuato,Mujeres,11,0.0
2020/1,Guanajuato,Mujeres,11,
2020/4,Guerrero,Hombres,12,
2020/3,Guerrero,Hombres,12,
2020/2,Guerrero,Hombres,12,0.0
2020/1,Guerrero,Hombres,12,
2020/4,Guerrero,Mujeres,12,
2020/3,Guerrero,Mujeres,12,
2020/2,Guerrero,Mujeres,12,0.0
2020/1,Guerrero,Mujeres,12,
2020/4,Hidalgo,Hombres,13,
2020/3,Hidalgo,Hombres,13,
2020/2,Hidalgo,Hombres,13,0.0
2020/1,Hidalgo,Hombres,13,
2020/4,Hidalgo,Mujeres,13,
2020/3,Hidalgo,Mujeres,13,
2020/2,Hidalgo,Mujeres,13,0.0
2020/1,Hidalgo,Mujeres,13,
2020/4,Jalisco,Hombres,14,
2020/3,Jalisco,Hombres,14,
2020/2,Jalisco,Hombres,14,0.0
2020/1,Jalisco,Hombres,14,
2020/4,Jalisco,Mujeres,14,
2020/3,Jalisco,Mujeres,14,
2020/2,Jalisco,Mujeres,14,0.0
2020/1,Jalisco,Mujeres,14,
2020/4,México,Hombres,15,
2020/3,México,Hombres,15,
2020/2,México,Hombres,15,0.0
2020/1,México,Hombres,15,
2020/4,México,Mujeres,15,
2020/3,México,Mujeres,15,
2020/2,México,Mujeres,15,0.0
2020/1,México,Mujeres,15,
2020/4,Michoacán de Ocampo,Hombres,16,
2020/3,Michoacán de Ocampo,Hombres,16,
2020/2,Michoacán de Ocampo,Hombres,16,0.0
2020/1,Michoacán de Ocampo,Hombres,16,
2020/4,Michoacán de Ocampo,Mujeres,16,
2020/3,Michoacán de Ocampo,Mujeres,16,
2020/2,Michoacán de Ocampo,Mujeres,16,0.0
2020/1,Michoacán de Ocampo,Mujeres,16,
2020/4,Morelos,Hombres,17,
2020/3,Morelos,Hombres,17,
2020/2,Morelos,Hombres,17,0.0
2020/1,Morelos,Hombres,17,
2020/4,Morelos,Mujeres,17,
2020/3,Morelos,Mujeres,17,
2020/2,Morelos,Mujeres,17,0.0
2020/1,Morelos,Mujeres,17,
2020/4,Nayarit,Hombres,18,
2020/3,Nayarit,Hombres,18,
2020/2,Nayarit,Hombres,18,0.0
2020/1,Nayarit,Hombres,18,
2020/4,Nayarit,Mujeres,18,
2020/3,Nayarit,Mujeres,18,
2020/2,Nayarit,Mujeres,18,0.0
2020/1,Nayarit,Mujeres,18,
2020/4,Nuevo León,Hombres,19,
2020/3,Nuevo León,Hombres,19,
2020/2,Nuevo León,Hombres,19,0.0
2020/1,Nuevo León,Hombres,19,
2020/4,Nuevo León,Mujeres,19,
2020/3,Nuevo León,Mujeres,19,
2020/2,Nuevo León,Mujeres,19,0.0
2020/1,Nuevo León,Mujeres,19,
2020/4,Oaxaca,Hombres,20,
2020/3,Oaxaca,Hombres,20,
2020/2,Oaxaca,Hombres,20,0.0
2020/1,Oaxaca,Hombres,20,
2020/4,Oaxaca,Mujeres,20,
2020/3,Oaxaca,Mujeres,20,
2020/2,Oaxaca,Mujeres,20,0.0
2020/1,Oaxaca,Mujeres,20,
2020/4,Puebla,Hombres,21,
2020/3,Puebla,Hombres,21,
2020/2,Puebla,Hombres,21,0.0
2020/1,Puebla,Hombres,21,
2020/4,Puebla,Mujeres,21,
2020/3,Puebla,Mujeres,21,
2020/2,Puebla,Mujeres,21,0.0
2020/1,Puebla,Mujeres,21,
2020/4,Querétaro,Hombres,22,
2020/3,Querétaro,Hombres,22,
2020/2,Querétaro,Hombres,22,0.0
2020/1,Querétaro,Hombres,22,
2020/4,Querétaro,Mujeres,22,
2020/3,Querétaro,Mujeres,22,
2020/2,Querétaro,Mujeres,22,0.0
2020/1,Querétaro,Mujeres,22,
2020/4,Quintana Roo,Hombres,23,
2020/3,Quintana Roo,Hombres,23,
2020/2,Quintana Roo,Hombres,23,0.0
2020/1,Quintana Roo,Hombres,23,
2020/4,Quintana Roo,Mujeres,23,
2020/3,Quintana Roo,Mujeres,23,
2020/2,Quintana Roo,Mujeres,23,0.0
2020/1,Quintana Roo,Mujeres,23,
2020/4,San Luis Potosí,Hombres,24,
2020/3,San Luis Potosí,Hombres,24,
2020/2,San Luis Potosí,Hombres,24,0.0
2020/1,San Luis Potosí,Hombres,24,
2020/4,San Luis Potosí,Mujeres,24,
2020/3,San Luis Potosí,Mujeres,24,
2020/2,San Luis Potosí,Mujeres,24,0.0
2020/1,San Luis Potosí,Mujeres,24,
2020/4,Sinaloa,Hombres,25,
2020/3,Sinaloa,Hombres,25,
2020/2,Sinaloa,Hombres,25,0.0
2020/1,Sinaloa,Hombres,25,
2020/4,Sinaloa,Mujeres,25,
2020/3,Sinaloa,Mujeres,25,
2020/2,Sinaloa,Mujeres,25,0.0
2020/1,Sinaloa,Mujeres,25,
2020/4,Sonora,Hombres,26,
2020/3,Sonora,Hombres,26,
2020/2,Sonora,Hombres,26,0.0
2020/1,Sonora,Hombres,26,
2020/4,Sonora,Mujeres,26,
2020/3,Sonora,Mujeres,26,
2020/2,Sonora,Mujeres,26,0.0
2020/1,Sonora,Mujeres,26,
2020/4,Tabasco,Hombres,27,
2020/3,Tabasco,Hombres,27,
2020/2,Tabasco,Hombres,27,0.0
2020/1,Tabasco,Hombres,27,
2020/4,Tabasco,Mujeres,27,
2020/3,Tabasco,Mujeres,27,
2020/2,Tabasco,Mujeres,27,0.0
2020/1,Tabasco,Mujeres,27,
2020/4,Tamaulipas,Hombres,28,
2020/3,Tamaulipas,Hombres,28,
2020/2,Tamaulipas,Hombres,28,0.0
2020/1,Tamaulipas,Hombres,28,
2020/4,Tamaulipas,Mujeres,28,
2020/3,Tamaulipas,Mujeres,28,
2020/2,Tamaulipas,Mujeres,28,0.0
2020/1,Tamaulipas,Mujeres,28,
2020/4,Tlaxcala,Hombres,29,
2020/3,Tlaxcala,Hombres,29,
2020/2,Tlaxcala,Hombres,29,0.0
2020/1,Tlaxcala,Hombres,29,
2020/4,Tlaxcala,Mujeres,29,
2020/3,Tlaxcala,Mujeres,29,
2020/2,Tlaxcala,Mujeres,29,0.0
2020/1,Tlaxcala,Mujeres,29,
2020/4,Veracruz de Ignacio de la Llave,Hombres,30,
2020/3,Veracruz de Ignacio de la Llave,Hombres,30,
2020/2,Veracruz de Ignacio de la Llave,Hombres,30,0.0
2020/1,Veracruz de Ignacio de la Llave,Hombres,30,
2020/4,Veracruz de Ignacio de la Llave,Mujeres,30,
2020/3,Veracruz de Ignacio de la Llave,Mujeres,30,
2020/2,Veracruz de Ignacio de la Llave,Mujeres,30,0.0
2020/1,Veracruz de Ignacio de la Llave,Mujeres,30,
2020/4,Yucatán,Hombres,31,
2020/3,Yucatán,Hombres,31,
2020/2,Yucatán,Hombres,31,0.0
2020/1,Yucatán,Hombres,31,
2020/4,Yucatán,Mujeres,31,
2020/3,Yucatán,Mujeres,31,
2020/2,Yucatán,Mujeres,31,0.0
2020/1,Yucatán,Mujeres,31,
2020/4,Zacatecas,Hombres,32,
2020/3,Zacatecas,Hombres,32,
2020/2,Zacatecas,Hombres,32,0.0
2020/1,Zacatecas,Hombres,32,
2020/4,Zacatecas,Mujeres,32,
2020/3,Zacatecas,Mujeres,32,
2020/2,Zacatecas,Mujeres,32,0.0
2020/1,Zacatecas,Mujeres,32,
2020/4,Estados Unidos Mexicanos,Hombres,0,
2020/3,Estados Unidos Mexicanos,Hombres,0,4516.86
2020/2,Estados Unidos Mexicanos,Hombres,0,
2020/1,Estados Unidos Mexicanos,Hombres,0,
2020/4,Estados Unidos Mexicanos,Mujeres,0,
2020/3,Estados Unidos Mexicanos,Mujeres,0,3822.5100000000007
2020/2,Estados Unidos Mexicanos,Mujeres,0,
2020/1,Estados Unidos Mexicanos,Mujeres,0,
2020/4,Aguascalientes,Hombres,1,
2020/3,Aguascalientes,Hombres,1,5294.51
2020/2,Aguascalientes,Hombres,1,
2020/1,Aguascalientes,Hombres,1,
2020/4,Aguascalientes,Mujeres,1,
2020/3,Aguascalientes,Mujeres,1,4325.2
2020/2,Aguascalientes,Mujeres,1,
2020/1,Aguascalientes,Mujeres,1,
2020/4,Baja California,Hombres,2,
2020/3,Baja California,Hombres,2,6201.17
2020/2,Baja California,Hombres,2,
2020/1,Baja California,Hombres,2,
2020/4,Baja California,Mujeres,2,
2020/3,Baja California,Mujeres,2,5019.39
2020/2,Baja California,Mujeres,2,
2020/1,Baja California,Mujeres,2,
2020/4,Baja California Sur,Hombres,3,
2020/3,Baja California Sur,Hombres,3,6556.58
2020/2,Baja California Sur,Hombres,3,
2020/1,Baja California Sur,Hombres,3,
2020/4,Baja California Sur,Mujeres,3,
2020/3,Baja California Sur,Mujeres,3,4992.32
2020/2,Baja California Sur,Mujeres,3,
2020/1,Baja California Sur,Mujeres,3,
2020/4,Campeche,Hombres,4,
2020/3,Campeche,Hombres,4,4042.17
2020/2,Campeche,Hombres,4,
2020/1,Campeche,Hombres,4,
2020/4,Campeche,Mujeres,4,
2020/3,Campeche,Mujeres,4,3371.8300000000004
2020/2,Campeche,Mujeres,4,
2020/1,Campeche,Mujeres,4,
2020/4,Coahuila de Zaragoza,Hombres,5,
2020/3,Coahuila de Zaragoza,Hombres,5,5903.09
2020/2,Coahuila de Zaragoza,Hombres,5,
2020/1,Coahuila de Zaragoza,Hombres,5,
2020/4,Coahuila de Zaragoza,Mujeres,5,
2020/3,Coahuila de Zaragoza,Mujeres,5,4588.98
2020/2,Coahuila de Zaragoza,Mujeres,5,
2020/1,Coahuila de Zaragoza,Mujeres,5,
2020/4,Colima,Hombres,6,
2020/3,Colima,Hombres,6,5280.78
2020/2,Colima,Hombres,6,
2020/1,Colima,Hombres,6,
2020/4,Colima,Mujeres,6,
2020/3,Colima,Mujeres,6,3872.02
2020/2,Colima,Mujeres,6,
2020/1,Colima,Mujeres,6,
2020/4,Chiapas,Hombres,7,
2020/3,Chiapas,Hombres,7,2401.36
2020/2,Chiapas,Hombres,7,
2020/1,Chiapas,Hombres,7,
2020/4,Chiapas,Mujeres,7,
2020/3,Chiapas,Mujeres,7,2729.85
2020/2,Chiapas,Mujeres,7,
2020/1,Chiapas,Mujeres,7,
2020/4,Chihuahua,Hombres,8,
2020/3,Chihuahua,Hombres,8,6243.97
2020/2,Chihuahua,Hombres,8,
2020/1,Chihuahua,Hombres,8,
2020/4,Chihuahua,Mujeres,8,
2020/3,Chihuahua,Mujeres,8,4887.25
2020/2,Chihuahua,Mujeres,8,
2020/1,Chihuahua,Mujeres,8,
2020/4,Ciudad de México,Hombres,9,
2020/3,Ciudad de México,Hombres,9,5346.73
2020/2,Ciudad de México,Hombres,9,
2020/1,Ciudad de México,Hombres,9,
2020/4,Ciudad de México,Mujeres,9,
2020/3,Ciudad de México,Mujeres,9,5005.18
2020/2,Ciudad de México,Mujeres,9,
2020/1,Ciudad de México,Mujeres,9,
2020/4,Durango,Hombres,10,
2020/3,Durango,Hombres,10,4319.98
2020/2,Durango,Hombres,10,
2020/1,Durango,Hombres,10,
2020/4,Durango,Mujeres,10,
2020/3,Durango,Mujeres,10,3877.1
2020/2,Durango,Mujeres,10,
2020/1,Durango,Mujeres,10,
2020/4,Guanajuato,Hombres,11,
2020/3,Guanajuato,Hombres,11,4423.26
2020/2,Guanajuato,Hombres,11,
2020/1,Guanajuato,Hombres,11,
2020/4,Guanajuato,Mujeres,11,
2020/3,Guanajuato,Mujeres,11,3469.79
2020/2,Guanajuato,Mujeres,11,
2020/1,Guanajuato,Mujeres,11,
2020/4,Guerrero,Hombres,12,
2020/3,Guerrero,Hombres,12,2520.09
2020/2,Guerrero,Hombres,12,
2020/1,Guerrero,Hombres,12,
2020/4,Guerrero,Mujeres,12,
2020/3,Guerrero,Mujeres,12,2141.91
2020/2,Guerrero,Mujeres,12,
2020/1,Guerrero,Mujeres,12,
2020/4,Hidalgo,Hombres,13,
2020/3,Hidalgo,Hombres,13,3380.53
2020/2,Hidalgo,Hombres,13,
2020/1,Hidalgo,Hombres,13,
2020/4,Hidalgo,Mujeres,13,
2020/3,Hidalgo,Mujeres,13,2528.25
2020/2,Hidalgo,Mujeres,13,
2020/1,Hidalgo,Mujeres,13,
2020/4,Jalisco,Hombres,14,
2020/3,Jalisco,Hombres,14,5683.0
2020/2,Jalisco,Hombres,14,
2020/1,Jalisco,Hombres,14,
2020/4,Jalisco,Mujeres,14,
2020/3,Jalisco,Mujeres,14,4384.73
2020/2,Jalisco,Mujeres,14,
2020/1,Jalisco,Mujeres,14,
2020/4,México,Hombres,15,
2020/3,México,Hombres,15,4455.09
2020/2,México,Hombres,15,
2020/1,México,Hombres,15,
2020/4,México,Mujeres,15,
2020/3,México,Mujeres,15,3605.8200000000006
2020/2,México,Mujeres,15,
2020/1,México,Mujeres,15,
2020/4,Michoacán de Ocampo,Hombres,16,
2020/3,Michoacán de Ocampo,Hombres,16,4491.02
2020/2,Michoacán de Ocampo,Hombres,16,
2020/1,Michoacán de Ocampo,Hombres,16,
2020/4,Michoacán de Ocampo,Mujeres,16,
2020/3,Michoacán de Ocampo,Mujeres,16,3532.55
2020/2,Michoacán de Ocampo,Mujeres,16,
2020/1,Michoacán de Ocampo,Mujeres,16,
2020/4,Morelos,Hombres,17,
2020/3,Morelos,Hombres,17,3661.62
2020/2,Morelos,Hombres,17,
2020/1,Morelos,Hombres,17,
2020/4,Morelos,Mujeres,17,
2020/3,Morelos,Mujeres,17,2751.8
2020/2,Morelos,Mujeres,17,
2020/1,Morelos,Mujeres,17,
2020/4,Nayarit,Hombres,18,
2020/3,Nayarit,Hombres,18,4855.91
2020/2,Nayarit,Hombres,18,
2020/1,Nayarit,Hombres,18,
2020/4,Nayarit,Mujeres,18,
2020/3,Nayarit,Mujeres,18,3758.63
2020/2,Nayarit,Mujeres,18,
2020/1,Nayarit,Mujeres,18,
2020/4,Nuevo León,Hombres,19,
2020/3,Nuevo León,Hombres,19,6515.2
2020/2,Nuevo León,Hombres,19,
2020/1,Nuevo León,Hombres,19,
2020/4,Nuevo León,Mujeres,19,
2020/3,Nuevo León,Mujeres,19,5297.88
2020/2,Nuevo León,Mujeres,19,
2020/1,Nuevo León,Mujeres,19,
2020/4,Oaxaca,Hombres,20,
2020/3,Oaxaca,Hombres,20,2686.0
2020/2,Oaxaca,Hombres,20,
2020/1,Oaxaca,Hombres,20,
2020/4,Oaxaca,Mujeres,20,
2020/3,Oaxaca,Mujeres,20,2328.2
2020/2,Oaxaca,Mujeres,20,
2020/1,Oaxaca,Mujeres,20,
2020/4,Puebla,Hombres,21,
2020/3,Puebla,Hombres,21,3302.03
2020/2,Puebla,Hombres,21,
2020/1,Puebla,Hombres,21,
2020/4,Puebla,Mujeres,21,
2020/3,Puebla,Mujeres,21,2964.1
2020/2,Puebla,Mujeres,21,
2020/1,Puebla,Mujeres,21,
2020/4,Querétaro,Hombres,22,
2020/3,Querétaro,Hombres,22,5434.4
2020/2,Querétaro,Hombres,22,
2020/1,Querétaro,Hombres,22,
2020/4,Querétaro,Mujeres,22,
2020/3,Querétaro,Mujeres,22,4529.53
2020/2,Querétaro,Mujeres,22,
2020/1,Querétaro,Mujeres,22,
2020/4,Quintana Roo,Hombres,23,
2020/3,Quintana Roo,Hombres,23,4448.38
2020/2,Quintana Roo,Hombres,23,
2020/1,Quintana Roo,Hombres,23,
2020/4,Quintana Roo,Mujeres,23,
2020/3,Quintana Roo,Mujeres,23,4102.71
2020/2,Quintana Roo,Mujeres,23,
2020/1,Quintana Roo,Mujeres,23,
2020/4,San Luis Potosí,Hombres,24,
2020/3,San Luis Potosí,Hombres,24,3972.77
2020/2,San Luis Potosí,Hombres,24,
2020/1,San Luis Potosí,Hombres,24,
2020/4,San Luis Potosí,Mujeres,24,
2020/3,San Luis Potosí,Mujeres,24,3494.5199999999995
2020/2,San Luis Potosí,Mujeres,24,
2020/1,San Luis Potosí,Mujeres,24,
2020/4,Sinaloa,Hombres,25,
2020/3,Sinaloa,Hombres,25,4906.47
2020/2,Sinaloa,Hombres,25,
2020/1,Sinaloa,Hombres,25,
2020/4,Sinaloa,Mujeres,25,
2020/3,Sinaloa,Mujeres,25,4594.45
2020/2,Sinaloa,Mujeres,25,
2020/1,Sinaloa,Mujeres,25,
2020/4,Sonora,Hombres,26,
2020/3,Sonora,Hombres,26,5569.14
2020/2,Sonora,Hombres,26,
2020/1,Sonora,Hombres,26,
2020/4,Sonora,Mujeres,26,
2020/3,Sonora,Mujeres,26,4392.34
2020/2,Sonora,Mujeres,26,
2020/1,Sonora,Mujeres,26,
2020/4,Tabasco,Hombres,27,
2020/3,Tabasco,Hombres,27,3959.38
2020/2,Tabasco,Hombres,27,
2020/1,Tabasco,Hombres,27,
2020/4,Tabasco,Mujeres,27,
2020/3,Tabasco,Mujeres,27,3650.47
2020/2,Tabasco,Mujeres,27,
2020/1,Tabasco,Mujeres,27,
2020/4,Tamaulipas,Hombres,28,
2020/3,Tamaulipas,Hombres,28,5000.7
2020/2,Tamaulipas,Hombres,28,
2020/1,Tamaulipas,Hombres,28,
2020/4,Tamaulipas,Mujeres,28,
2020/3,Tamaulipas,Mujeres,28,4099.13
2020/2,Tamaulipas,Mujeres,28,
2020/1,Tamaulipas,Mujeres,28,
2020/4,Tlaxcala,Hombres,29,
2020/3,Tlaxcala,Hombres,29,3480.75
2020/2,Tlaxcala,Hombres,29,
2020/1,Tlaxcala,Hombres,29,
2020/4,Tlaxcala,Mujeres,29,
2020/3,Tlaxcala,Mujeres,29,2714.09
2020/2,Tlaxcala,Mujeres,29,
2020/1,Tlaxcala,Mujeres,29,
2020/4,Veracruz de Ignacio de la Llave,Hombres,30,
2020/3,Veracruz de Ignacio de la Llave,Hombres,30,3615.17
2020/2,Veracruz de Ignacio de la Llave,Hombres,30,
2020/1,Veracruz de Ignacio de la Llave,Hombres,30,
2020/4,Veracruz de Ignacio de la Llave,Mujeres,30,
2020/3,Veracruz de Ignacio de la Llave,Mujeres,30,3465.1400000000003
2020/2,Veracruz de Ignacio de la Llave,Mujeres,30,
2020/1,Veracruz de Ignacio de la Llave,Mujeres,30,
2020/4,Yucatán,Hombres,31,
2020/3,Yucatán,Hombres,31,4558.56
2020/2,Yucatán,Hombres,31,
2020/1,Yucatán,Hombres,31,
2020/4,Yucatán,Mujeres,31,
2020/3,Yucatán,Mujeres,31,3297.7
2020/2,Yucatán,Mujeres,31,
2020/1,Yucatán,Mujeres,31,
2020/4,Zacatecas,Hombres,32,
2020/3,Zacatecas,Hombres,32,3799.21
2020/2,Zacatecas,Hombres,32,
2020/1,Zacatecas,Hombres,32,
2020/4,Zacatecas,Mujeres,32,
2020/3,Zacatecas,Mujeres,32,3271.13
2020/2,Zacatecas,Mujeres,32,
2020/1,Zacatecas,Mujeres,32,
2020/4,Estados Unidos Mexicanos,Hombres,0,4633.59
2020/3,Estados Unidos Mexicanos,Hombres,0,
2020/2,Estados Unidos Mexicanos,Hombres,0,
2020/1,Estados Unidos Mexicanos,Hombres,0,
2020/4,Estados Unidos Mexicanos,Mujeres,0,3777.0700000000006
2020/3,Estados Unidos Mexicanos,Mujeres,0,
2020/2,Estados Unidos Mexicanos,Mujeres,0,
2020/1,Estados Unidos Mexicanos,Mujeres,0,
2020/4,Aguascalientes,Hombres,1,5455.49
2020/3,Aguascalientes,Hombres,1,
2020/2,Aguascalientes,Hombres,1,
2020/1,Aguascalientes,Hombres,1,
2020/4,Aguascalientes,Mujeres,1,4235.4
2020/3,Aguascalientes,Mujeres,1,
2020/2,Aguascalientes,Mujeres,1,
2020/1,Aguascalientes,Mujeres,1,
2020/4,Baja California,Hombres,2,6293.88
2020/3,Baja California,Hombres,2,
2020/2,Baja California,Hombres,2,
2020/1,Baja California,Hombres,2,
2020/4,Baja California,Mujeres,2,4942.7
2020/3,Baja California,Mujeres,2,
2020/2,Baja California,Mujeres,2,
2020/1,Baja California,Mujeres,2,
2020/4,Baja California Sur,Hombres,3,6854.88
2020/3,Baja California Sur,Hombres,3,
2020/2,Baja California Sur,Hombres,3,
2020/1,Baja California Sur,Hombres,3,
2020/4,Baja California Sur,Mujeres,3,5036.35
2020/3,Baja California Sur,Mujeres,3,
2020/2,Baja California Sur,Mujeres,3,
2020/1,Baja California Sur,Mujeres,3,
2020/4,Campeche,Hombres,4,4409.42
2020/3,Campeche,Hombres,4,
2020/2,Campeche,Hombres,4,
2020/1,Campeche,Hombres,4,
2020/4,Campeche,Mujeres,4,3444.91
2020/3,Campeche,Mujeres,4,
2020/2,Campeche,Mujeres,4,
2020/1,Campeche,Mujeres,4,
2020/4,Coahuila de Zaragoza,Hombres,5,5722.87
2020/3,Coahuila de Zaragoza,Hombres,5,
2020/2,Coahuila de Zaragoza,Hombres,5,
2020/1,Coahuila de Zaragoza,Hombres,5,
2020/4,Coahuila de Zaragoza,Mujeres,5,4481.69
2020/3,Coahuila de Zaragoza,Mujeres,5,
2020/2,Coahuila de Zaragoza,Mujeres,5,
2020/1,Coahuila de Zaragoza,Mujeres,5,
2020/4,Colima,Hombres,6,5564.53
2020/3,Colima,Hombres,6,
2020/2,Colima,Hombres,6,
2020/1,Colima,Hombres,6,
2020/4,Colima,Mujeres,6,3995.11
2020/3,Colima,Mujeres,6,
2020/2,Colima,Mujeres,6,
2020/1,Colima,Mujeres,6,
2020/4,Chiapas,Hombres,7,2668.89
2020/3,Chiapas,Hombres,7,
2020/2,Chiapas,Hombres,7,
2020/1,Chiapas,Hombres,7,
2020/4,Chiapas,Mujeres,7,2732.49
2020/3,Chiapas,Mujeres,7,
2020/2,Chiapas,Mujeres,7,
2020/1,Chiapas,Mujeres,7,
2020/4,Chihuahua,Hombres,8,6029.44
2020/3,Chihuahua,Hombres,8,
2020/2,Chihuahua,Hombres,8,
2020/1,Chihuahua,Hombres,8,
2020/4,Chihuahua,Mujeres,8,4687.34
2020/3,Chihuahua,Mujeres,8,
2020/2,Chihuahua,Mujeres,8,
2020/1,Chihuahua,Mujeres,8,
2020/4,Ciudad de México,Hombres,9,5445.24
2020/3,Ciudad de México,Hombres,9,
2020/2,Ciudad de México,Hombres,9,
2020/1,Ciudad de México,Hombres,9,
2020/4,Ciudad de México,Mujeres,9,4748.51
2020/3,Ciudad de México,Mujeres,9,
2020/2,Ciudad de México,Mujeres,9,
2020/1,Ciudad de México,Mujeres,9,
2020/4,Durango,Hombres,10,4495.33
2020/3,Durango,Hombres,10,
2020/2,Durango,Hombres,10,
2020/1,Durango,Hombres,10,
2020/4,Durango,Mujeres,10,3740.22
2020/3,Durango,Mujeres,10,
2020/2,Durango,Mujeres,10,
2020/1,Durango,Mujeres,10,
2020/4,Guanajuato,Hombres,11,4591.46
2020/3,Guanajuato,Hombres,11,
2020/2,Guanajuato,Hombres,11,
2020/1,Guanajuato,Hombres,11,
2020/4,Guanajuato,Mujeres,11,3548.74
2020/3,Guanajuato,Mujeres,11,
2020/2,Guanajuato,Mujeres,11,
2020/1,Guanajuato,Mujeres,11,
2020/4,Guerrero,Hombres,12,2531.83
2020/3,Guerrero,Hombres,12,
2020/2,Guerrero,Hombres,12,
2020/1,Guerrero,Hombres,12,
2020/4,Guerrero,Mujeres,12,3022.27
2020/3,Guerrero,Mujeres,12,
2020/2,Guerrero,Mujeres,12,
2020/1,Guerrero,Mujeres,12,
2020/4,Hidalgo,Hombres,13,3710.33
2020/3,Hidalgo,Hombres,13,
2020/2,Hidalgo,Hombres,13,
2020/1,Hidalgo,Hombres,13,
2020/4,Hidalgo,Mujeres,13,2867.75
2020/3,Hidalgo,Mujeres,13,
2020/2,Hidalgo,Mujeres,13,
2020/1,Hidalgo,Mujeres,13,
2020/4,Jalisco,Hombres,14,5640.84
2020/3,Jalisco,Hombres,14,
2020/2,Jalisco,Hombres,14,
2020/1,Jalisco,Hombres,14,
2020/4,Jalisco,Mujeres,14,4466.13
2020/3,Jalisco,Mujeres,14,
2020/2,Jalisco,Mujeres,14,
2020/1,Jalisco,Mujeres,14,
2020/4,México,Hombres,15,4482.69
2020/3,México,Hombres,15,
2020/2,México,Hombres,15,
2020/1,México,Hombres,15,
2020/4,México,Mujeres,15,3797.0700000000006
2020/3,México,Mujeres,15,
2020/2,México,Mujeres,15,
2020/1,México,Mujeres,15,
2020/4,Michoacán de Ocampo,Hombres,16,4718.7
2020/3,Michoacán de Ocampo,Hombres,16,
2020/2,Michoacán de Ocampo,Hombres,16,
2020/1,Michoacán de Ocampo,Hombres,16,
2020/4,Michoacán de Ocampo,Mujeres,16,3314.4800000000005
2020/3,Michoacán de Ocampo,Mujeres,16,
2020/2,Michoacán de Ocampo,Mujeres,16,
2020/1,Michoacán de Ocampo,Mujeres,16,
2020/4,Morelos,Hombres,17,3772.37
2020/3,Morelos,Hombres,17,
2020/2,Morelos,Hombres,17,
2020/1,Morelos,Hombres,17,
2020/4,Morelos,Mujeres,17,2737.39
2020/3,Morelos,Mujeres,17,
2020/2,Morelos,Mujeres,17,
2020/1,Morelos,Mujeres,17,
2020/4,Nayarit,Hombres,18,4920.69
2020/3,Nayarit,Hombres,18,
2020/2,Nayarit,Hombres,18,
2020/1,Nayarit,Hombres,18,
2020/4,Nayarit,Mujeres,18,3571.53
2020/3,Nayarit,Mujeres,18,
2020/2,Nayarit,Mujeres,18,
2020/1,Nayarit,Mujeres,18,
2020/4,Nuevo León,Hombres,19,7041.770000000001
2020/3,Nuevo León,Hombres,19,
2020/2,Nuevo León,Hombres,19,
2020/1,Nuevo León,Hombres,19,
2020/4,Nuevo León,Mujeres,19,5426.3
2020/3,Nuevo León,Mujeres,19,
2020/2,Nuevo León,Mujeres,19,
2020/1,Nuevo León,Mujeres,19,
2020/4,Oaxaca,Hombres,20,2678.54
2020/3,Oaxaca,Hombres,20,
2020/2,Oaxaca,Hombres,20,
2020/1,Oaxaca,Hombres,20,
2020/4,Oaxaca,Mujeres,20,2199.87
2020/3,Oaxaca,Mujeres,20,
2020/2,Oaxaca,Mujeres,20,
2020/1,Oaxaca,Mujeres,20,
2020/4,Puebla,Hombres,21,3676.12
2020/3,Puebla,Hombres,21,
2020/2,Puebla,Hombres,21,
2020/1,Puebla,Hombres,21,
2020/4,Puebla,Mujeres,21,2635.27
2020/3,Puebla,Mujeres,21,
2020/2,Puebla,Mujeres,21,
2020/1,Puebla,Mujeres,21,
2020/4,Querétaro,Hombres,22,5616.82
2020/3,Querétaro,Hombres,22,
2020/2,Querétaro,Hombres,22,
2020/1,Querétaro,Hombres,22,
2020/4,Querétaro,Mujeres,22,4309.77
2020/3,Querétaro,Mujeres,22,
2020/2,Querétaro,Mujeres,22,
2020/1,Querétaro,Mujeres,22,
2020/4,Quintana Roo,Hombres,23,4868.58
2020/3,Quintana Roo,Hombres,23,
2020/2,Quintana Roo,Hombres,23,
2020/1,Quintana Roo,Hombres,23,
2020/4,Quintana Roo,Mujeres,23,4027.53
2020/3,Quintana Roo,Mujeres,23,
2020/2,Quintana Roo,Mujeres,23,
2020/1,Quintana Roo,Mujeres,23,
2020/4,San Luis Potosí,Hombres,24,4027.45
2020/3,San Luis Potosí,Hombres,24,
2020/2,San Luis Potosí,Hombres,24,
2020/1,San Luis Potosí,Hombres,24,
2020/4,San Luis Potosí,Mujeres,24,3284.56
2020/3,San Luis Potosí,Mujeres,24,
2020/2,San Luis Potosí,Mujeres,24,
2020/1,San Luis Potosí,Mujeres,24,
2020/4,Sinaloa,Hombres,25,5318.55
2020/3,Sinaloa,Hombres,25,
2020/2,Sinaloa,Hombres,25,
2020/1,Sinaloa,Hombres,25,
2020/4,Sinaloa,Mujeres,25,4545.78
2020/3,Sinaloa,Mujeres,25,
2020/2,Sinaloa,Mujeres,25,
2020/1,Sinaloa,Mujeres,25,
2020/4,Sonora,Hombres,26,5529.62
2020/3,Sonora,Hombres,26,
2020/2,Sonora,Hombres,26,
2020/1,Sonora,Hombres,26,
2020/4,Sonora,Mujeres,26,4375.86
2020/3,Sonora,Mujeres,26,
2020/2,Sonora,Mujeres,26,
2020/1,Sonora,Mujeres,26,
2020/4,Tabasco,Hombres,27,4047.17
2020/3,Tabasco,Hombres,27,
2020/2,Tabasco,Hombres,27,
2020/1,Tabasco,Hombres,27,
2020/4,Tabasco,Mujeres,27,3367.65
2020/3,Tabasco,Mujeres,27,
2020/2,Tabasco,Mujeres,27,
2020/1,Tabasco,Mujeres,27,
2020/4,Tamaulipas,Hombres,28,4920.49
2020/3,Tamaulipas,Hombres,28,
2020/2,Tamaulipas,Hombres,28,
2020/1,Tamaulipas,Hombres,28,
2020/4,Tamaulipas,Mujeres,28,3848.5
2020/3,Tamaulipas,Mujeres,28,
2020/2,Tamaulipas,Mujeres,28,
2020/1,Tamaulipas,Mujeres,28,
2020/4,Tlaxcala,Hombres,29,3493.04
2020/3,Tlaxcala,Hombres,29,
2020/2,Tlaxcala,Hombres,29,
2020/1,Tlaxcala,Hombres,29,
2020/4,Tlaxcala,Mujeres,29,2515.05
2020/3,Tlaxcala,Mujeres,29,
2020/2,Tlaxcala,Mujeres,29,
2020/1,Tlaxcala,Mujeres,29,
2020/4,Veracruz de Ignacio de la Llave,Hombres,30,3664.33
2020/3,Veracruz de Ignacio de la Llave,Hombres,30,
2020/2,Veracruz de Ignacio de la Llave,Hombres,30,
2020/1,Veracruz de Ignacio de la Llave,Hombres,30,
2020/4,Veracruz de Ignacio de la Llave,Mujeres,30,3034.05
2020/3,Veracruz de Ignacio de la Llave,Mujeres,30,
2020/2,Veracruz de Ignacio de la Llave,Mujeres,30,
2020/1,Veracruz de Ignacio de la Llave,Mujeres,30,
2020/4,Yucatán,Hombres,31,4556.34
2020/3,Yucatán,Hombres,31,
2020/2,Yucatán,Hombres,31,
2020/1,Yucatán,Hombres,31,
2020/4,Yucatán,Mujeres,31,3084.48
2020/3,Yucatán,Mujeres,31,
2020/2,Yucatán,Mujeres,31,
2020/1,Yucatán,Mujeres,31,
2020/4,Zacatecas,Hombres,32,3783.9899999999993
2020/3,Zacatecas,Hombres,32,
2020/2,Zacatecas,Hombres,32,
2020/1,Zacatecas,Hombres,32,
2020/4,Zacatecas,Mujeres,32,3366.37
2020/3,Zacatecas,Mujeres,32,
2020/2,Zacatecas,Mujeres,32,
2020/1,Zacatecas,Mujeres,32,
