Year,Entidad federativa,Sexo,Grupo de edad,GeoCode,Value
2019,Estados Unidos Mexicanos,Total,Total,0,7.074244902102
2017,Estados Unidos Mexicanos,Total,Total,0,7.0521897681494
2015,Estados Unidos Mexicanos,Total,Total,0,7.5399331389413
2013,Estados Unidos Mexicanos,Total,Total,0,7.7815071570223
2011,Estados Unidos Mexicanos,Total,Total,0,9.5209356024291
2009,Estados Unidos Mexicanos,Total,Total,0,9.7969237344551
2007,Estados Unidos Mexicanos,Total,Total,0,11.5250330252422
2019,Estados Unidos Mexicanos,Total,De 5 a 14 años,0,4.0920661596558
2017,Estados Unidos Mexicanos,Total,De 5 a 14 años,0,3.5814978914053
2015,Estados Unidos Mexicanos,Total,De 5 a 14 años,0,3.9483724532784
2013,Estados Unidos Mexicanos,Total,De 5 a 14 años,0,4.5976038144193
2011,Estados Unidos Mexicanos,Total,De 5 a 14 años,0,5.595440611087
2009,Estados Unidos Mexicanos,Total,De 5 a 14 años,0,5.7579959360359
2007,Estados Unidos Mexicanos,Total,De 5 a 14 años,0,6.8706188462424
2019,Estados Unidos Mexicanos,Total,De 15 a 17 años,0,16.5983582755144
2017,Estados Unidos Mexicanos,Total,De 15 a 17 años,0,18.2255698298904
2015,Estados Unidos Mexicanos,Total,De 15 a 17 años,0,19.1563201343152
2013,Estados Unidos Mexicanos,Total,De 15 a 17 años,0,18.6634074193203
2011,Estados Unidos Mexicanos,Total,De 15 a 17 años,0,22.1083151776369
2009,Estados Unidos Mexicanos,Total,De 15 a 17 años,0,22.7072381447112
2007,Estados Unidos Mexicanos,Total,De 15 a 17 años,0,26.6342216807289
2019,Estados Unidos Mexicanos,Hombres,Total,0,
2017,Estados Unidos Mexicanos,Hombres,Total,0,10.1445040960254
2015,Estados Unidos Mexicanos,Hombres,Total,0,10.7412763910284
2013,Estados Unidos Mexicanos,Hombres,Total,0,10.7983771239056
2011,Estados Unidos Mexicanos,Hombres,Total,0,13.3539219068997
2009,Estados Unidos Mexicanos,Hombres,Total,0,13.5418948991202
2007,Estados Unidos Mexicanos,Hombres,Total,0,16.0150834887748
2019,Estados Unidos Mexicanos,Hombres,De 5 a 14 años,0,
2017,Estados Unidos Mexicanos,Hombres,De 5 a 14 años,0,4.8657801364665
2015,Estados Unidos Mexicanos,Hombres,De 5 a 14 años,0,5.2325382888834
2013,Estados Unidos Mexicanos,Hombres,De 5 a 14 años,0,6.0176643809142005
2011,Estados Unidos Mexicanos,Hombres,De 5 a 14 años,0,7.4781021749397
2009,Estados Unidos Mexicanos,Hombres,De 5 a 14 años,0,7.526650709142
2007,Estados Unidos Mexicanos,Hombres,De 5 a 14 años,0,9.0745746378105
2019,Estados Unidos Mexicanos,Hombres,De 15 a 17 años,0,
2017,Estados Unidos Mexicanos,Hombres,De 15 a 17 años,0,27.2466234301389
2015,Estados Unidos Mexicanos,Hombres,De 15 a 17 años,0,28.4768488179544
2013,Estados Unidos Mexicanos,Hombres,De 15 a 17 años,0,27.1387851246413
2011,Estados Unidos Mexicanos,Hombres,De 15 a 17 años,0,32.2138852797239
2009,Estados Unidos Mexicanos,Hombres,De 15 a 17 años,0,33.0770733720157
2007,Estados Unidos Mexicanos,Hombres,De 15 a 17 años,0,38.7099884143174
2019,Estados Unidos Mexicanos,Mujeres,Total,0,
2017,Estados Unidos Mexicanos,Mujeres,Total,0,3.8495263846063
2015,Estados Unidos Mexicanos,Mujeres,Total,0,4.2213853991962
2013,Estados Unidos Mexicanos,Mujeres,Total,0,4.6490314312313
2011,Estados Unidos Mexicanos,Mujeres,Total,0,5.6049301117368
2009,Estados Unidos Mexicanos,Mujeres,Total,0,5.9422051183223
2007,Estados Unidos Mexicanos,Mujeres,Total,0,6.951605844829399
2019,Estados Unidos Mexicanos,Mujeres,De 5 a 14 años,0,
2017,Estados Unidos Mexicanos,Mujeres,De 5 a 14 años,0,2.2473194183856
2015,Estados Unidos Mexicanos,Mujeres,De 5 a 14 años,0,2.6201330467692
2013,Estados Unidos Mexicanos,Mujeres,De 5 a 14 años,0,3.12308709759
2011,Estados Unidos Mexicanos,Mujeres,De 5 a 14 años,0,3.6710838286078
2009,Estados Unidos Mexicanos,Mujeres,De 5 a 14 años,0,3.923540860194
2007,Estados Unidos Mexicanos,Mujeres,De 5 a 14 años,0,4.6179714919575
2019,Estados Unidos Mexicanos,Mujeres,De 15 a 17 años,0,
2017,Estados Unidos Mexicanos,Mujeres,De 15 a 17 años,0,8.973962429008301
2015,Estados Unidos Mexicanos,Mujeres,De 15 a 17 años,0,9.4251850700906
2013,Estados Unidos Mexicanos,Mujeres,De 15 a 17 años,0,9.86406615576
2011,Estados Unidos Mexicanos,Mujeres,De 15 a 17 años,0,11.7996583282631
2009,Estados Unidos Mexicanos,Mujeres,De 15 a 17 años,0,12.2911085669492
2007,Estados Unidos Mexicanos,Mujeres,De 15 a 17 años,0,14.471327305794
2019,Aguascalientes,Total,Total,1,8.4107937919473
2017,Aguascalientes,Total,Total,1,4.7406938950492
2015,Aguascalientes,Total,Total,1,4.9574294011346
2013,Aguascalientes,Total,Total,1,5.8872690129074
2011,Aguascalientes,Total,Total,1,6.3157927033188
2009,Aguascalientes,Total,Total,1,6.876289956053301
2007,Aguascalientes,Total,Total,1,9.4821322412313
2019,Aguascalientes,Total,De 5 a 14 años,1,4.0841331427405
2017,Aguascalientes,Total,De 5 a 14 años,1,1.5749510124102002
2015,Aguascalientes,Total,De 5 a 14 años,1,2.2359390512367
2013,Aguascalientes,Total,De 5 a 14 años,1,2.8660127247188
2011,Aguascalientes,Total,De 5 a 14 años,1,2.7106774244892
2009,Aguascalientes,Total,De 5 a 14 años,1,3.5013164207870004
2007,Aguascalientes,Total,De 5 a 14 años,1,4.7143968871595
2019,Aguascalientes,Total,De 15 a 17 años,1,20.4481410780838
2017,Aguascalientes,Total,De 15 a 17 años,1,13.979532268248798
2015,Aguascalientes,Total,De 15 a 17 años,1,13.7537415656233
2013,Aguascalientes,Total,De 15 a 17 años,1,15.5230398554362
2011,Aguascalientes,Total,De 15 a 17 años,1,17.2352839377982
2009,Aguascalientes,Total,De 15 a 17 años,1,17.600184482935298
2007,Aguascalientes,Total,De 15 a 17 años,1,25.592311130979
2019,Aguascalientes,Hombres,Total,1,
2017,Aguascalientes,Hombres,Total,1,
2015,Aguascalientes,Hombres,Total,1,
2013,Aguascalientes,Hombres,Total,1,
2011,Aguascalientes,Hombres,Total,1,
2009,Aguascalientes,Hombres,Total,1,
2007,Aguascalientes,Hombres,Total,1,
2019,Aguascalientes,Hombres,De 5 a 14 años,1,
2017,Aguascalientes,Hombres,De 5 a 14 años,1,
2015,Aguascalientes,Hombres,De 5 a 14 años,1,
2013,Aguascalientes,Hombres,De 5 a 14 años,1,
2011,Aguascalientes,Hombres,De 5 a 14 años,1,
2009,Aguascalientes,Hombres,De 5 a 14 años,1,
2007,Aguascalientes,Hombres,De 5 a 14 años,1,
2019,Aguascalientes,Hombres,De 15 a 17 años,1,
2017,Aguascalientes,Hombres,De 15 a 17 años,1,
2015,Aguascalientes,Hombres,De 15 a 17 años,1,
2013,Aguascalientes,Hombres,De 15 a 17 años,1,
2011,Aguascalientes,Hombres,De 15 a 17 años,1,
2009,Aguascalientes,Hombres,De 15 a 17 años,1,
2007,Aguascalientes,Hombres,De 15 a 17 años,1,
2019,Aguascalientes,Mujeres,Total,1,
2017,Aguascalientes,Mujeres,Total,1,
2015,Aguascalientes,Mujeres,Total,1,
2013,Aguascalientes,Mujeres,Total,1,
2011,Aguascalientes,Mujeres,Total,1,
2009,Aguascalientes,Mujeres,Total,1,
2007,Aguascalientes,Mujeres,Total,1,
2019,Aguascalientes,Mujeres,De 5 a 14 años,1,
2017,Aguascalientes,Mujeres,De 5 a 14 años,1,
2015,Aguascalientes,Mujeres,De 5 a 14 años,1,
2013,Aguascalientes,Mujeres,De 5 a 14 años,1,
2011,Aguascalientes,Mujeres,De 5 a 14 años,1,
2009,Aguascalientes,Mujeres,De 5 a 14 años,1,
2007,Aguascalientes,Mujeres,De 5 a 14 años,1,
2019,Aguascalientes,Mujeres,De 15 a 17 años,1,
2017,Aguascalientes,Mujeres,De 15 a 17 años,1,
2015,Aguascalientes,Mujeres,De 15 a 17 años,1,
2013,Aguascalientes,Mujeres,De 15 a 17 años,1,
2011,Aguascalientes,Mujeres,De 15 a 17 años,1,
2009,Aguascalientes,Mujeres,De 15 a 17 años,1,
2007,Aguascalientes,Mujeres,De 15 a 17 años,1,
2019,Baja California,Total,Total,2,3.4009711420789
2017,Baja California,Total,Total,2,3.9897049089775
2015,Baja California,Total,Total,2,3.6510783434528
2013,Baja California,Total,Total,2,3.8014193097851
2011,Baja California,Total,Total,2,7.0498553795171
2009,Baja California,Total,Total,2,4.6054750811015
2007,Baja California,Total,Total,2,7.1984727483533
2019,Baja California,Total,De 5 a 14 años,2,1.4375264334481
2017,Baja California,Total,De 5 a 14 años,2,1.63737185973
2015,Baja California,Total,De 5 a 14 años,2,1.9538744600813
2013,Baja California,Total,De 5 a 14 años,2,2.2751599758269
2011,Baja California,Total,De 5 a 14 años,2,3.7888644432646
2009,Baja California,Total,De 5 a 14 años,2,2.3159848955341
2007,Baja California,Total,De 5 a 14 años,2,4.1462303608551
2019,Baja California,Total,De 15 a 17 años,2,9.9260092162197
2017,Baja California,Total,De 15 a 17 años,2,11.3940363507088
2015,Baja California,Total,De 15 a 17 años,2,8.6645869462018
2013,Baja California,Total,De 15 a 17 años,2,8.616236614472301
2011,Baja California,Total,De 15 a 17 años,2,16.412756548251
2009,Baja California,Total,De 15 a 17 años,2,12.005667911889695
2007,Baja California,Total,De 15 a 17 años,2,16.5669312155862
2019,Baja California,Hombres,Total,2,
2017,Baja California,Hombres,Total,2,
2015,Baja California,Hombres,Total,2,
2013,Baja California,Hombres,Total,2,
2011,Baja California,Hombres,Total,2,
2009,Baja California,Hombres,Total,2,
2007,Baja California,Hombres,Total,2,
2019,Baja California,Hombres,De 5 a 14 años,2,
2017,Baja California,Hombres,De 5 a 14 años,2,
2015,Baja California,Hombres,De 5 a 14 años,2,
2013,Baja California,Hombres,De 5 a 14 años,2,
2011,Baja California,Hombres,De 5 a 14 años,2,
2009,Baja California,Hombres,De 5 a 14 años,2,
2007,Baja California,Hombres,De 5 a 14 años,2,
2019,Baja California,Hombres,De 15 a 17 años,2,
2017,Baja California,Hombres,De 15 a 17 años,2,
2015,Baja California,Hombres,De 15 a 17 años,2,
2013,Baja California,Hombres,De 15 a 17 años,2,
2011,Baja California,Hombres,De 15 a 17 años,2,
2009,Baja California,Hombres,De 15 a 17 años,2,
2007,Baja California,Hombres,De 15 a 17 años,2,
2019,Baja California,Mujeres,Total,2,
2017,Baja California,Mujeres,Total,2,
2015,Baja California,Mujeres,Total,2,
2013,Baja California,Mujeres,Total,2,
2011,Baja California,Mujeres,Total,2,
2009,Baja California,Mujeres,Total,2,
2007,Baja California,Mujeres,Total,2,
2019,Baja California,Mujeres,De 5 a 14 años,2,
2017,Baja California,Mujeres,De 5 a 14 años,2,
2015,Baja California,Mujeres,De 5 a 14 años,2,
2013,Baja California,Mujeres,De 5 a 14 años,2,
2011,Baja California,Mujeres,De 5 a 14 años,2,
2009,Baja California,Mujeres,De 5 a 14 años,2,
2007,Baja California,Mujeres,De 5 a 14 años,2,
2019,Baja California,Mujeres,De 15 a 17 años,2,
2017,Baja California,Mujeres,De 15 a 17 años,2,
2015,Baja California,Mujeres,De 15 a 17 años,2,
2013,Baja California,Mujeres,De 15 a 17 años,2,
2011,Baja California,Mujeres,De 15 a 17 años,2,
2009,Baja California,Mujeres,De 15 a 17 años,2,
2007,Baja California,Mujeres,De 15 a 17 años,2,
2019,Baja California Sur,Total,Total,3,3.1299905845389
2017,Baja California Sur,Total,Total,3,5.9303163966409
2015,Baja California Sur,Total,Total,3,6.7797545166184
2013,Baja California Sur,Total,Total,3,5.3060227469064
2011,Baja California Sur,Total,Total,3,8.0468395298391
2009,Baja California Sur,Total,Total,3,7.0434616850934
2007,Baja California Sur,Total,Total,3,7.8822760497252
2019,Baja California Sur,Total,De 5 a 14 años,3,1.5153308867053
2017,Baja California Sur,Total,De 5 a 14 años,3,2.5526560845056
2015,Baja California Sur,Total,De 5 a 14 años,3,3.6820142867247
2013,Baja California Sur,Total,De 5 a 14 años,3,2.540244587259
2011,Baja California Sur,Total,De 5 a 14 años,3,4.4751699699903
2009,Baja California Sur,Total,De 5 a 14 años,3,3.8085871831081
2007,Baja California Sur,Total,De 5 a 14 años,3,3.0522016248485
2019,Baja California Sur,Total,De 15 a 17 años,3,9.2383867034908
2017,Baja California Sur,Total,De 15 a 17 años,3,15.840407116190798
2015,Baja California Sur,Total,De 15 a 17 años,3,17.7610630562868
2013,Baja California Sur,Total,De 15 a 17 años,3,14.2539930862204
2011,Baja California Sur,Total,De 15 a 17 años,3,18.4185909113288
2009,Baja California Sur,Total,De 15 a 17 años,3,17.0623763407269
2007,Baja California Sur,Total,De 15 a 17 años,3,21.8397364393369
2019,Baja California Sur,Hombres,Total,3,
2017,Baja California Sur,Hombres,Total,3,
2015,Baja California Sur,Hombres,Total,3,
2013,Baja California Sur,Hombres,Total,3,
2011,Baja California Sur,Hombres,Total,3,
2009,Baja California Sur,Hombres,Total,3,
2007,Baja California Sur,Hombres,Total,3,
2019,Baja California Sur,Hombres,De 5 a 14 años,3,
2017,Baja California Sur,Hombres,De 5 a 14 años,3,
2015,Baja California Sur,Hombres,De 5 a 14 años,3,
2013,Baja California Sur,Hombres,De 5 a 14 años,3,
2011,Baja California Sur,Hombres,De 5 a 14 años,3,
2009,Baja California Sur,Hombres,De 5 a 14 años,3,
2007,Baja California Sur,Hombres,De 5 a 14 años,3,
2019,Baja California Sur,Hombres,De 15 a 17 años,3,
2017,Baja California Sur,Hombres,De 15 a 17 años,3,
2015,Baja California Sur,Hombres,De 15 a 17 años,3,
2013,Baja California Sur,Hombres,De 15 a 17 años,3,
2011,Baja California Sur,Hombres,De 15 a 17 años,3,
2009,Baja California Sur,Hombres,De 15 a 17 años,3,
2007,Baja California Sur,Hombres,De 15 a 17 años,3,
2019,Baja California Sur,Mujeres,Total,3,
2017,Baja California Sur,Mujeres,Total,3,
2015,Baja California Sur,Mujeres,Total,3,
2013,Baja California Sur,Mujeres,Total,3,
2011,Baja California Sur,Mujeres,Total,3,
2009,Baja California Sur,Mujeres,Total,3,
2007,Baja California Sur,Mujeres,Total,3,
2019,Baja California Sur,Mujeres,De 5 a 14 años,3,
2017,Baja California Sur,Mujeres,De 5 a 14 años,3,
2015,Baja California Sur,Mujeres,De 5 a 14 años,3,
2013,Baja California Sur,Mujeres,De 5 a 14 años,3,
2011,Baja California Sur,Mujeres,De 5 a 14 años,3,
2009,Baja California Sur,Mujeres,De 5 a 14 años,3,
2007,Baja California Sur,Mujeres,De 5 a 14 años,3,
2019,Baja California Sur,Mujeres,De 15 a 17 años,3,
2017,Baja California Sur,Mujeres,De 15 a 17 años,3,
2015,Baja California Sur,Mujeres,De 15 a 17 años,3,
2013,Baja California Sur,Mujeres,De 15 a 17 años,3,
2011,Baja California Sur,Mujeres,De 15 a 17 años,3,
2009,Baja California Sur,Mujeres,De 15 a 17 años,3,
2007,Baja California Sur,Mujeres,De 15 a 17 años,3,
2019,Campeche,Total,Total,4,7.079178234314301
2017,Campeche,Total,Total,4,9.9557393148787
2015,Campeche,Total,Total,4,9.0721351330589
2013,Campeche,Total,Total,4,10.5403522371256
2011,Campeche,Total,Total,4,11.3472569495514
2009,Campeche,Total,Total,4,12.3632759872673
2007,Campeche,Total,Total,4,12.3202359978695
2019,Campeche,Total,De 5 a 14 años,4,5.389308289059701
2017,Campeche,Total,De 5 a 14 años,4,6.1535826501925
2015,Campeche,Total,De 5 a 14 años,4,5.3333333333333
2013,Campeche,Total,De 5 a 14 años,4,6.9111543999322
2011,Campeche,Total,De 5 a 14 años,4,7.0066913049567
2009,Campeche,Total,De 5 a 14 años,4,8.0365506417454
2007,Campeche,Total,De 5 a 14 años,4,8.3649260848832
2019,Campeche,Total,De 15 a 17 años,4,12.632320463026398
2017,Campeche,Total,De 15 a 17 años,4,21.9481753320542
2015,Campeche,Total,De 15 a 17 años,4,22.084100985969695
2013,Campeche,Total,De 15 a 17 años,4,22.204507009391204
2011,Campeche,Total,De 15 a 17 años,4,24.7163619315518
2009,Campeche,Total,De 15 a 17 años,4,24.4382119732696
2007,Campeche,Total,De 15 a 17 años,4,25.1045218966148
2019,Campeche,Hombres,Total,4,
2017,Campeche,Hombres,Total,4,
2015,Campeche,Hombres,Total,4,
2013,Campeche,Hombres,Total,4,
2011,Campeche,Hombres,Total,4,
2009,Campeche,Hombres,Total,4,
2007,Campeche,Hombres,Total,4,
2019,Campeche,Hombres,De 5 a 14 años,4,
2017,Campeche,Hombres,De 5 a 14 años,4,
2015,Campeche,Hombres,De 5 a 14 años,4,
2013,Campeche,Hombres,De 5 a 14 años,4,
2011,Campeche,Hombres,De 5 a 14 años,4,
2009,Campeche,Hombres,De 5 a 14 años,4,
2007,Campeche,Hombres,De 5 a 14 años,4,
2019,Campeche,Hombres,De 15 a 17 años,4,
2017,Campeche,Hombres,De 15 a 17 años,4,
2015,Campeche,Hombres,De 15 a 17 años,4,
2013,Campeche,Hombres,De 15 a 17 años,4,
2011,Campeche,Hombres,De 15 a 17 años,4,
2009,Campeche,Hombres,De 15 a 17 años,4,
2007,Campeche,Hombres,De 15 a 17 años,4,
2019,Campeche,Mujeres,Total,4,
2017,Campeche,Mujeres,Total,4,
2015,Campeche,Mujeres,Total,4,
2013,Campeche,Mujeres,Total,4,
2011,Campeche,Mujeres,Total,4,
2009,Campeche,Mujeres,Total,4,
2007,Campeche,Mujeres,Total,4,
2019,Campeche,Mujeres,De 5 a 14 años,4,
2017,Campeche,Mujeres,De 5 a 14 años,4,
2015,Campeche,Mujeres,De 5 a 14 años,4,
2013,Campeche,Mujeres,De 5 a 14 años,4,
2011,Campeche,Mujeres,De 5 a 14 años,4,
2009,Campeche,Mujeres,De 5 a 14 años,4,
2007,Campeche,Mujeres,De 5 a 14 años,4,
2019,Campeche,Mujeres,De 15 a 17 años,4,
2017,Campeche,Mujeres,De 15 a 17 años,4,
2015,Campeche,Mujeres,De 15 a 17 años,4,
2013,Campeche,Mujeres,De 15 a 17 años,4,
2011,Campeche,Mujeres,De 15 a 17 años,4,
2009,Campeche,Mujeres,De 15 a 17 años,4,
2007,Campeche,Mujeres,De 15 a 17 años,4,
2019,Coahuila de Zaragoza,Total,Total,5,3.9475003495175
2017,Coahuila de Zaragoza,Total,Total,5,4.2809018447821
2015,Coahuila de Zaragoza,Total,Total,5,5.2618905447708
2013,Coahuila de Zaragoza,Total,Total,5,6.4001884831587
2011,Coahuila de Zaragoza,Total,Total,5,8.4944299058891
2009,Coahuila de Zaragoza,Total,Total,5,6.7935270727982
2007,Coahuila de Zaragoza,Total,Total,5,9.5668253397407
2019,Coahuila de Zaragoza,Total,De 5 a 14 años,5,1.7519772773627
2017,Coahuila de Zaragoza,Total,De 5 a 14 años,5,1.9188790852437
2015,Coahuila de Zaragoza,Total,De 5 a 14 años,5,2.378045883329
2013,Coahuila de Zaragoza,Total,De 5 a 14 años,5,3.9261370955547
2011,Coahuila de Zaragoza,Total,De 5 a 14 años,5,4.455841419718
2009,Coahuila de Zaragoza,Total,De 5 a 14 años,5,4.3303713313397
2007,Coahuila de Zaragoza,Total,De 5 a 14 años,5,6.083244000453301
2019,Coahuila de Zaragoza,Total,De 15 a 17 años,5,10.4567112534504
2017,Coahuila de Zaragoza,Total,De 15 a 17 años,5,11.787278820528703
2015,Coahuila de Zaragoza,Total,De 15 a 17 años,5,14.4777644757205
2013,Coahuila de Zaragoza,Total,De 15 a 17 años,5,14.8843134995326
2011,Coahuila de Zaragoza,Total,De 15 a 17 años,5,21.0865109142563
2009,Coahuila de Zaragoza,Total,De 15 a 17 años,5,15.189488488780198
2007,Coahuila de Zaragoza,Total,De 15 a 17 años,5,20.7260824282101
2019,Coahuila de Zaragoza,Hombres,Total,5,
2017,Coahuila de Zaragoza,Hombres,Total,5,
2015,Coahuila de Zaragoza,Hombres,Total,5,
2013,Coahuila de Zaragoza,Hombres,Total,5,
2011,Coahuila de Zaragoza,Hombres,Total,5,
2009,Coahuila de Zaragoza,Hombres,Total,5,
2007,Coahuila de Zaragoza,Hombres,Total,5,
2019,Coahuila de Zaragoza,Hombres,De 5 a 14 años,5,
2017,Coahuila de Zaragoza,Hombres,De 5 a 14 años,5,
2015,Coahuila de Zaragoza,Hombres,De 5 a 14 años,5,
2013,Coahuila de Zaragoza,Hombres,De 5 a 14 años,5,
2011,Coahuila de Zaragoza,Hombres,De 5 a 14 años,5,
2009,Coahuila de Zaragoza,Hombres,De 5 a 14 años,5,
2007,Coahuila de Zaragoza,Hombres,De 5 a 14 años,5,
2019,Coahuila de Zaragoza,Hombres,De 15 a 17 años,5,
2017,Coahuila de Zaragoza,Hombres,De 15 a 17 años,5,
2015,Coahuila de Zaragoza,Hombres,De 15 a 17 años,5,
2013,Coahuila de Zaragoza,Hombres,De 15 a 17 años,5,
2011,Coahuila de Zaragoza,Hombres,De 15 a 17 años,5,
2009,Coahuila de Zaragoza,Hombres,De 15 a 17 años,5,
2007,Coahuila de Zaragoza,Hombres,De 15 a 17 años,5,
2019,Coahuila de Zaragoza,Mujeres,Total,5,
2017,Coahuila de Zaragoza,Mujeres,Total,5,
2015,Coahuila de Zaragoza,Mujeres,Total,5,
2013,Coahuila de Zaragoza,Mujeres,Total,5,
2011,Coahuila de Zaragoza,Mujeres,Total,5,
2009,Coahuila de Zaragoza,Mujeres,Total,5,
2007,Coahuila de Zaragoza,Mujeres,Total,5,
2019,Coahuila de Zaragoza,Mujeres,De 5 a 14 años,5,
2017,Coahuila de Zaragoza,Mujeres,De 5 a 14 años,5,
2015,Coahuila de Zaragoza,Mujeres,De 5 a 14 años,5,
2013,Coahuila de Zaragoza,Mujeres,De 5 a 14 años,5,
2011,Coahuila de Zaragoza,Mujeres,De 5 a 14 años,5,
2009,Coahuila de Zaragoza,Mujeres,De 5 a 14 años,5,
2007,Coahuila de Zaragoza,Mujeres,De 5 a 14 años,5,
2019,Coahuila de Zaragoza,Mujeres,De 15 a 17 años,5,
2017,Coahuila de Zaragoza,Mujeres,De 15 a 17 años,5,
2015,Coahuila de Zaragoza,Mujeres,De 15 a 17 años,5,
2013,Coahuila de Zaragoza,Mujeres,De 15 a 17 años,5,
2011,Coahuila de Zaragoza,Mujeres,De 15 a 17 años,5,
2009,Coahuila de Zaragoza,Mujeres,De 15 a 17 años,5,
2007,Coahuila de Zaragoza,Mujeres,De 15 a 17 años,5,
2019,Colima,Total,Total,6,8.6173510068764
2017,Colima,Total,Total,6,10.7346265662456
2015,Colima,Total,Total,6,11.6809630426565
2013,Colima,Total,Total,6,12.4237624483405
2011,Colima,Total,Total,6,13.7670064307275
2009,Colima,Total,Total,6,14.2864312151057
2007,Colima,Total,Total,6,13.317584143508
2019,Colima,Total,De 5 a 14 años,6,5.352502205373999
2017,Colima,Total,De 5 a 14 años,6,6.1209205210839
2015,Colima,Total,De 5 a 14 años,6,7.3792954797389
2013,Colima,Total,De 5 a 14 años,6,7.3756823509053
2011,Colima,Total,De 5 a 14 años,6,10.1018815216498
2009,Colima,Total,De 5 a 14 años,6,8.933537378025699
2007,Colima,Total,De 5 a 14 años,6,6.9982031405977
2019,Colima,Total,De 15 a 17 años,6,18.6435300434422
2017,Colima,Total,De 15 a 17 años,6,24.510401843193097
2015,Colima,Total,De 15 a 17 años,6,24.9696796746807
2013,Colima,Total,De 15 a 17 años,6,29.471139798655894
2011,Colima,Total,De 15 a 17 años,6,25.413153016735
2009,Colima,Total,De 15 a 17 años,6,31.4672018590895
2007,Colima,Total,De 15 a 17 años,6,32.0413569609835
2019,Colima,Hombres,Total,6,
2017,Colima,Hombres,Total,6,
2015,Colima,Hombres,Total,6,
2013,Colima,Hombres,Total,6,
2011,Colima,Hombres,Total,6,
2009,Colima,Hombres,Total,6,
2007,Colima,Hombres,Total,6,
2019,Colima,Hombres,De 5 a 14 años,6,
2017,Colima,Hombres,De 5 a 14 años,6,
2015,Colima,Hombres,De 5 a 14 años,6,
2013,Colima,Hombres,De 5 a 14 años,6,
2011,Colima,Hombres,De 5 a 14 años,6,
2009,Colima,Hombres,De 5 a 14 años,6,
2007,Colima,Hombres,De 5 a 14 años,6,
2019,Colima,Hombres,De 15 a 17 años,6,
2017,Colima,Hombres,De 15 a 17 años,6,
2015,Colima,Hombres,De 15 a 17 años,6,
2013,Colima,Hombres,De 15 a 17 años,6,
2011,Colima,Hombres,De 15 a 17 años,6,
2009,Colima,Hombres,De 15 a 17 años,6,
2007,Colima,Hombres,De 15 a 17 años,6,
2019,Colima,Mujeres,Total,6,
2017,Colima,Mujeres,Total,6,
2015,Colima,Mujeres,Total,6,
2013,Colima,Mujeres,Total,6,
2011,Colima,Mujeres,Total,6,
2009,Colima,Mujeres,Total,6,
2007,Colima,Mujeres,Total,6,
2019,Colima,Mujeres,De 5 a 14 años,6,
2017,Colima,Mujeres,De 5 a 14 años,6,
2015,Colima,Mujeres,De 5 a 14 años,6,
2013,Colima,Mujeres,De 5 a 14 años,6,
2011,Colima,Mujeres,De 5 a 14 años,6,
2009,Colima,Mujeres,De 5 a 14 años,6,
2007,Colima,Mujeres,De 5 a 14 años,6,
2019,Colima,Mujeres,De 15 a 17 años,6,
2017,Colima,Mujeres,De 15 a 17 años,6,
2015,Colima,Mujeres,De 15 a 17 años,6,
2013,Colima,Mujeres,De 15 a 17 años,6,
2011,Colima,Mujeres,De 15 a 17 años,6,
2009,Colima,Mujeres,De 15 a 17 años,6,
2007,Colima,Mujeres,De 15 a 17 años,6,
2019,Chiapas,Total,Total,7,11.9157024870721
2017,Chiapas,Total,Total,7,6.605086008102
2015,Chiapas,Total,Total,7,10.0223826219363
2013,Chiapas,Total,Total,7,10.4485013199372
2011,Chiapas,Total,Total,7,12.479367371064
2009,Chiapas,Total,Total,7,13.5523698735308
2007,Chiapas,Total,Total,7,13.1342320951954
2019,Chiapas,Total,De 5 a 14 años,7,8.0762947404154
2017,Chiapas,Total,De 5 a 14 años,7,2.6353516472512
2015,Chiapas,Total,De 5 a 14 años,7,4.5242106952301
2013,Chiapas,Total,De 5 a 14 años,7,5.0731089876842
2011,Chiapas,Total,De 5 a 14 años,7,7.3094003310793
2009,Chiapas,Total,De 5 a 14 años,7,7.8138055020241
2007,Chiapas,Total,De 5 a 14 años,7,7.1192552086053
2019,Chiapas,Total,De 15 a 17 años,7,26.1489624101783
2017,Chiapas,Total,De 15 a 17 años,7,20.7498193689957
2015,Chiapas,Total,De 15 a 17 años,7,29.735787767186405
2013,Chiapas,Total,De 15 a 17 años,7,30.0266674840608
2011,Chiapas,Total,De 15 a 17 años,7,31.3402330978584
2009,Chiapas,Total,De 15 a 17 años,7,33.010460948326795
2007,Chiapas,Total,De 15 a 17 años,7,35.0649191159088
2019,Chiapas,Hombres,Total,7,
2017,Chiapas,Hombres,Total,7,
2015,Chiapas,Hombres,Total,7,
2013,Chiapas,Hombres,Total,7,
2011,Chiapas,Hombres,Total,7,
2009,Chiapas,Hombres,Total,7,
2007,Chiapas,Hombres,Total,7,
2019,Chiapas,Hombres,De 5 a 14 años,7,
2017,Chiapas,Hombres,De 5 a 14 años,7,
2015,Chiapas,Hombres,De 5 a 14 años,7,
2013,Chiapas,Hombres,De 5 a 14 años,7,
2011,Chiapas,Hombres,De 5 a 14 años,7,
2009,Chiapas,Hombres,De 5 a 14 años,7,
2007,Chiapas,Hombres,De 5 a 14 años,7,
2019,Chiapas,Hombres,De 15 a 17 años,7,
2017,Chiapas,Hombres,De 15 a 17 años,7,
2015,Chiapas,Hombres,De 15 a 17 años,7,
2013,Chiapas,Hombres,De 15 a 17 años,7,
2011,Chiapas,Hombres,De 15 a 17 años,7,
2009,Chiapas,Hombres,De 15 a 17 años,7,
2007,Chiapas,Hombres,De 15 a 17 años,7,
2019,Chiapas,Mujeres,Total,7,
2017,Chiapas,Mujeres,Total,7,
2015,Chiapas,Mujeres,Total,7,
2013,Chiapas,Mujeres,Total,7,
2011,Chiapas,Mujeres,Total,7,
2009,Chiapas,Mujeres,Total,7,
2007,Chiapas,Mujeres,Total,7,
2019,Chiapas,Mujeres,De 5 a 14 años,7,
2017,Chiapas,Mujeres,De 5 a 14 años,7,
2015,Chiapas,Mujeres,De 5 a 14 años,7,
2013,Chiapas,Mujeres,De 5 a 14 años,7,
2011,Chiapas,Mujeres,De 5 a 14 años,7,
2009,Chiapas,Mujeres,De 5 a 14 años,7,
2007,Chiapas,Mujeres,De 5 a 14 años,7,
2019,Chiapas,Mujeres,De 15 a 17 años,7,
2017,Chiapas,Mujeres,De 15 a 17 años,7,
2015,Chiapas,Mujeres,De 15 a 17 años,7,
2013,Chiapas,Mujeres,De 15 a 17 años,7,
2011,Chiapas,Mujeres,De 15 a 17 años,7,
2009,Chiapas,Mujeres,De 15 a 17 años,7,
2007,Chiapas,Mujeres,De 15 a 17 años,7,
2019,Chihuahua,Total,Total,8,5.137681606725
2017,Chihuahua,Total,Total,8,4.5266745910406
2015,Chihuahua,Total,Total,8,4.5767031254515
2013,Chihuahua,Total,Total,8,2.8729710086409006
2011,Chihuahua,Total,Total,8,3.6321030374703
2009,Chihuahua,Total,Total,8,3.0397108238656
2007,Chihuahua,Total,Total,8,8.1379758618113
2019,Chihuahua,Total,De 5 a 14 años,8,2.9299025464427
2017,Chihuahua,Total,De 5 a 14 años,8,1.7267100807787
2015,Chihuahua,Total,De 5 a 14 años,8,2.2785703131971
2013,Chihuahua,Total,De 5 a 14 años,8,1.1918979302713
2011,Chihuahua,Total,De 5 a 14 años,8,1.5985913213864
2009,Chihuahua,Total,De 5 a 14 años,8,1.216537499614
2007,Chihuahua,Total,De 5 a 14 años,8,2.8804567253614
2019,Chihuahua,Total,De 15 a 17 años,8,12.3867258296356
2017,Chihuahua,Total,De 15 a 17 años,8,14.2721036585366
2015,Chihuahua,Total,De 15 a 17 años,8,12.170984432086804
2013,Chihuahua,Total,De 15 a 17 años,8,8.6458950021962
2011,Chihuahua,Total,De 15 a 17 años,8,10.9272257111193
2009,Chihuahua,Total,De 15 a 17 años,8,9.0299934565265
2007,Chihuahua,Total,De 15 a 17 años,8,24.794094464032
2019,Chihuahua,Hombres,Total,8,
2017,Chihuahua,Hombres,Total,8,
2015,Chihuahua,Hombres,Total,8,
2013,Chihuahua,Hombres,Total,8,
2011,Chihuahua,Hombres,Total,8,
2009,Chihuahua,Hombres,Total,8,
2007,Chihuahua,Hombres,Total,8,
2019,Chihuahua,Hombres,De 5 a 14 años,8,
2017,Chihuahua,Hombres,De 5 a 14 años,8,
2015,Chihuahua,Hombres,De 5 a 14 años,8,
2013,Chihuahua,Hombres,De 5 a 14 años,8,
2011,Chihuahua,Hombres,De 5 a 14 años,8,
2009,Chihuahua,Hombres,De 5 a 14 años,8,
2007,Chihuahua,Hombres,De 5 a 14 años,8,
2019,Chihuahua,Hombres,De 15 a 17 años,8,
2017,Chihuahua,Hombres,De 15 a 17 años,8,
2015,Chihuahua,Hombres,De 15 a 17 años,8,
2013,Chihuahua,Hombres,De 15 a 17 años,8,
2011,Chihuahua,Hombres,De 15 a 17 años,8,
2009,Chihuahua,Hombres,De 15 a 17 años,8,
2007,Chihuahua,Hombres,De 15 a 17 años,8,
2019,Chihuahua,Mujeres,Total,8,
2017,Chihuahua,Mujeres,Total,8,
2015,Chihuahua,Mujeres,Total,8,
2013,Chihuahua,Mujeres,Total,8,
2011,Chihuahua,Mujeres,Total,8,
2009,Chihuahua,Mujeres,Total,8,
2007,Chihuahua,Mujeres,Total,8,
2019,Chihuahua,Mujeres,De 5 a 14 años,8,
2017,Chihuahua,Mujeres,De 5 a 14 años,8,
2015,Chihuahua,Mujeres,De 5 a 14 años,8,
2013,Chihuahua,Mujeres,De 5 a 14 años,8,
2011,Chihuahua,Mujeres,De 5 a 14 años,8,
2009,Chihuahua,Mujeres,De 5 a 14 años,8,
2007,Chihuahua,Mujeres,De 5 a 14 años,8,
2019,Chihuahua,Mujeres,De 15 a 17 años,8,
2017,Chihuahua,Mujeres,De 15 a 17 años,8,
2015,Chihuahua,Mujeres,De 15 a 17 años,8,
2013,Chihuahua,Mujeres,De 15 a 17 años,8,
2011,Chihuahua,Mujeres,De 15 a 17 años,8,
2009,Chihuahua,Mujeres,De 15 a 17 años,8,
2007,Chihuahua,Mujeres,De 15 a 17 años,8,
2019,Ciudad de México,Total,Total,9,3.1363974767985
2017,Ciudad de México,Total,Total,9,3.4283735572409006
2015,Ciudad de México,Total,Total,9,3.5673225679874
2013,Ciudad de México,Total,Total,9,4.4107969580551
2011,Ciudad de México,Total,Total,9,5.2253064542458
2009,Ciudad de México,Total,Total,9,4.2830228779151
2007,Ciudad de México,Total,Total,9,5.2426494789952
2019,Ciudad de México,Total,De 5 a 14 años,9,1.5055704470446
2017,Ciudad de México,Total,De 5 a 14 años,9,2.4823949213513
2015,Ciudad de México,Total,De 5 a 14 años,9,1.1222831440016
2013,Ciudad de México,Total,De 5 a 14 años,9,2.568289740654
2011,Ciudad de México,Total,De 5 a 14 años,9,2.523387725185
2009,Ciudad de México,Total,De 5 a 14 años,9,2.6411179861055
2007,Ciudad de México,Total,De 5 a 14 años,9,2.427982279884
2019,Ciudad de México,Total,De 15 a 17 años,9,7.75960029581
2017,Ciudad de México,Total,De 15 a 17 años,9,6.1411376550376
2015,Ciudad de México,Total,De 15 a 17 años,9,11.362803697229202
2013,Ciudad de México,Total,De 15 a 17 años,9,10.085078224701
2011,Ciudad de México,Total,De 15 a 17 años,9,13.6793775727145
2009,Ciudad de México,Total,De 15 a 17 años,9,9.4154613420777
2007,Ciudad de México,Total,De 15 a 17 años,9,14.4516797889168
2019,Ciudad de México,Hombres,Total,9,
2017,Ciudad de México,Hombres,Total,9,
2015,Ciudad de México,Hombres,Total,9,
2013,Ciudad de México,Hombres,Total,9,
2011,Ciudad de México,Hombres,Total,9,
2009,Ciudad de México,Hombres,Total,9,
2007,Ciudad de México,Hombres,Total,9,
2019,Ciudad de México,Hombres,De 5 a 14 años,9,
2017,Ciudad de México,Hombres,De 5 a 14 años,9,
2015,Ciudad de México,Hombres,De 5 a 14 años,9,
2013,Ciudad de México,Hombres,De 5 a 14 años,9,
2011,Ciudad de México,Hombres,De 5 a 14 años,9,
2009,Ciudad de México,Hombres,De 5 a 14 años,9,
2007,Ciudad de México,Hombres,De 5 a 14 años,9,
2019,Ciudad de México,Hombres,De 15 a 17 años,9,
2017,Ciudad de México,Hombres,De 15 a 17 años,9,
2015,Ciudad de México,Hombres,De 15 a 17 años,9,
2013,Ciudad de México,Hombres,De 15 a 17 años,9,
2011,Ciudad de México,Hombres,De 15 a 17 años,9,
2009,Ciudad de México,Hombres,De 15 a 17 años,9,
2007,Ciudad de México,Hombres,De 15 a 17 años,9,
2019,Ciudad de México,Mujeres,Total,9,
2017,Ciudad de México,Mujeres,Total,9,
2015,Ciudad de México,Mujeres,Total,9,
2013,Ciudad de México,Mujeres,Total,9,
2011,Ciudad de México,Mujeres,Total,9,
2009,Ciudad de México,Mujeres,Total,9,
2007,Ciudad de México,Mujeres,Total,9,
2019,Ciudad de México,Mujeres,De 5 a 14 años,9,
2017,Ciudad de México,Mujeres,De 5 a 14 años,9,
2015,Ciudad de México,Mujeres,De 5 a 14 años,9,
2013,Ciudad de México,Mujeres,De 5 a 14 años,9,
2011,Ciudad de México,Mujeres,De 5 a 14 años,9,
2009,Ciudad de México,Mujeres,De 5 a 14 años,9,
2007,Ciudad de México,Mujeres,De 5 a 14 años,9,
2019,Ciudad de México,Mujeres,De 15 a 17 años,9,
2017,Ciudad de México,Mujeres,De 15 a 17 años,9,
2015,Ciudad de México,Mujeres,De 15 a 17 años,9,
2013,Ciudad de México,Mujeres,De 15 a 17 años,9,
2011,Ciudad de México,Mujeres,De 15 a 17 años,9,
2009,Ciudad de México,Mujeres,De 15 a 17 años,9,
2007,Ciudad de México,Mujeres,De 15 a 17 años,9,
2019,Durango,Total,Total,10,7.9059695007331
2017,Durango,Total,Total,10,8.5341463849197
2015,Durango,Total,Total,10,10.4567919460425
2013,Durango,Total,Total,10,8.4551439410846
2011,Durango,Total,Total,10,8.8706781435935
2009,Durango,Total,Total,10,8.199359953604
2007,Durango,Total,Total,10,8.8814077648072
2019,Durango,Total,De 5 a 14 años,10,3.6196429105482
2017,Durango,Total,De 5 a 14 años,10,5.3796241242923
2015,Durango,Total,De 5 a 14 años,10,5.787683868218399
2013,Durango,Total,De 5 a 14 años,10,5.0587640360444
2011,Durango,Total,De 5 a 14 años,10,5.7270735956122
2009,Durango,Total,De 5 a 14 años,10,4.7253448072939
2007,Durango,Total,De 5 a 14 años,10,4.1122270101295
2019,Durango,Total,De 15 a 17 años,10,22.8351788002208
2017,Durango,Total,De 15 a 17 años,10,19.4227699507243
2015,Durango,Total,De 15 a 17 años,10,26.1238003838772
2013,Durango,Total,De 15 a 17 años,10,19.3947838373531
2011,Durango,Total,De 15 a 17 años,10,18.2035417111159
2009,Durango,Total,De 15 a 17 años,10,19.6799753966387
2007,Durango,Total,De 15 a 17 años,10,22.7402760351317
2019,Durango,Hombres,Total,10,
2017,Durango,Hombres,Total,10,
2015,Durango,Hombres,Total,10,
2013,Durango,Hombres,Total,10,
2011,Durango,Hombres,Total,10,
2009,Durango,Hombres,Total,10,
2007,Durango,Hombres,Total,10,
2019,Durango,Hombres,De 5 a 14 años,10,
2017,Durango,Hombres,De 5 a 14 años,10,
2015,Durango,Hombres,De 5 a 14 años,10,
2013,Durango,Hombres,De 5 a 14 años,10,
2011,Durango,Hombres,De 5 a 14 años,10,
2009,Durango,Hombres,De 5 a 14 años,10,
2007,Durango,Hombres,De 5 a 14 años,10,
2019,Durango,Hombres,De 15 a 17 años,10,
2017,Durango,Hombres,De 15 a 17 años,10,
2015,Durango,Hombres,De 15 a 17 años,10,
2013,Durango,Hombres,De 15 a 17 años,10,
2011,Durango,Hombres,De 15 a 17 años,10,
2009,Durango,Hombres,De 15 a 17 años,10,
2007,Durango,Hombres,De 15 a 17 años,10,
2019,Durango,Mujeres,Total,10,
2017,Durango,Mujeres,Total,10,
2015,Durango,Mujeres,Total,10,
2013,Durango,Mujeres,Total,10,
2011,Durango,Mujeres,Total,10,
2009,Durango,Mujeres,Total,10,
2007,Durango,Mujeres,Total,10,
2019,Durango,Mujeres,De 5 a 14 años,10,
2017,Durango,Mujeres,De 5 a 14 años,10,
2015,Durango,Mujeres,De 5 a 14 años,10,
2013,Durango,Mujeres,De 5 a 14 años,10,
2011,Durango,Mujeres,De 5 a 14 años,10,
2009,Durango,Mujeres,De 5 a 14 años,10,
2007,Durango,Mujeres,De 5 a 14 años,10,
2019,Durango,Mujeres,De 15 a 17 años,10,
2017,Durango,Mujeres,De 15 a 17 años,10,
2015,Durango,Mujeres,De 15 a 17 años,10,
2013,Durango,Mujeres,De 15 a 17 años,10,
2011,Durango,Mujeres,De 15 a 17 años,10,
2009,Durango,Mujeres,De 15 a 17 años,10,
2007,Durango,Mujeres,De 15 a 17 años,10,
2019,Guanajuato,Total,Total,11,7.8672019150254
2017,Guanajuato,Total,Total,11,10.819518198227902
2015,Guanajuato,Total,Total,11,9.1900763405238
2013,Guanajuato,Total,Total,11,12.622709337077104
2011,Guanajuato,Total,Total,11,12.2510239318454
2009,Guanajuato,Total,Total,11,12.0280952180488
2007,Guanajuato,Total,Total,11,12.8665522183548
2019,Guanajuato,Total,De 5 a 14 años,11,3.8033058574359
2017,Guanajuato,Total,De 5 a 14 años,11,5.5467021586031
2015,Guanajuato,Total,De 5 a 14 años,11,5.0082010006718
2013,Guanajuato,Total,De 5 a 14 años,11,8.8338481812036
2011,Guanajuato,Total,De 5 a 14 años,11,7.7524524923152
2009,Guanajuato,Total,De 5 a 14 años,11,7.423393233496899
2007,Guanajuato,Total,De 5 a 14 años,11,7.2030964740897
2019,Guanajuato,Total,De 15 a 17 años,11,22.1959422674426
2017,Guanajuato,Total,De 15 a 17 años,11,28.7838247703474
2015,Guanajuato,Total,De 15 a 17 años,11,23.0410110459216
2013,Guanajuato,Total,De 15 a 17 años,11,25.810900166201
2011,Guanajuato,Total,De 15 a 17 años,11,26.646270194034894
2009,Guanajuato,Total,De 15 a 17 años,11,26.8540179498672
2007,Guanajuato,Total,De 15 a 17 años,11,31.5206041949567
2019,Guanajuato,Hombres,Total,11,
2017,Guanajuato,Hombres,Total,11,
2015,Guanajuato,Hombres,Total,11,
2013,Guanajuato,Hombres,Total,11,
2011,Guanajuato,Hombres,Total,11,
2009,Guanajuato,Hombres,Total,11,
2007,Guanajuato,Hombres,Total,11,
2019,Guanajuato,Hombres,De 5 a 14 años,11,
2017,Guanajuato,Hombres,De 5 a 14 años,11,
2015,Guanajuato,Hombres,De 5 a 14 años,11,
2013,Guanajuato,Hombres,De 5 a 14 años,11,
2011,Guanajuato,Hombres,De 5 a 14 años,11,
2009,Guanajuato,Hombres,De 5 a 14 años,11,
2007,Guanajuato,Hombres,De 5 a 14 años,11,
2019,Guanajuato,Hombres,De 15 a 17 años,11,
2017,Guanajuato,Hombres,De 15 a 17 años,11,
2015,Guanajuato,Hombres,De 15 a 17 años,11,
2013,Guanajuato,Hombres,De 15 a 17 años,11,
2011,Guanajuato,Hombres,De 15 a 17 años,11,
2009,Guanajuato,Hombres,De 15 a 17 años,11,
2007,Guanajuato,Hombres,De 15 a 17 años,11,
2019,Guanajuato,Mujeres,Total,11,
2017,Guanajuato,Mujeres,Total,11,
2015,Guanajuato,Mujeres,Total,11,
2013,Guanajuato,Mujeres,Total,11,
2011,Guanajuato,Mujeres,Total,11,
2009,Guanajuato,Mujeres,Total,11,
2007,Guanajuato,Mujeres,Total,11,
2019,Guanajuato,Mujeres,De 5 a 14 años,11,
2017,Guanajuato,Mujeres,De 5 a 14 años,11,
2015,Guanajuato,Mujeres,De 5 a 14 años,11,
2013,Guanajuato,Mujeres,De 5 a 14 años,11,
2011,Guanajuato,Mujeres,De 5 a 14 años,11,
2009,Guanajuato,Mujeres,De 5 a 14 años,11,
2007,Guanajuato,Mujeres,De 5 a 14 años,11,
2019,Guanajuato,Mujeres,De 15 a 17 años,11,
2017,Guanajuato,Mujeres,De 15 a 17 años,11,
2015,Guanajuato,Mujeres,De 15 a 17 años,11,
2013,Guanajuato,Mujeres,De 15 a 17 años,11,
2011,Guanajuato,Mujeres,De 15 a 17 años,11,
2009,Guanajuato,Mujeres,De 15 a 17 años,11,
2007,Guanajuato,Mujeres,De 15 a 17 años,11,
2019,Guerrero,Total,Total,12,6.593484075956
2017,Guerrero,Total,Total,12,11.9400618656055
2015,Guerrero,Total,Total,12,11.151108719842
2013,Guerrero,Total,Total,12,12.645699452183
2011,Guerrero,Total,Total,12,20.2750427226634
2009,Guerrero,Total,Total,12,16.921194938935002
2007,Guerrero,Total,Total,12,18.9245631141332
2019,Guerrero,Total,De 5 a 14 años,12,3.5540197697864
2017,Guerrero,Total,De 5 a 14 años,12,7.260616567610499
2015,Guerrero,Total,De 5 a 14 años,12,5.5156030025279
2013,Guerrero,Total,De 5 a 14 años,12,7.9327467325306
2011,Guerrero,Total,De 5 a 14 años,12,14.0871857594042
2009,Guerrero,Total,De 5 a 14 años,12,11.290220800673104
2007,Guerrero,Total,De 5 a 14 años,12,13.6937275427387
2019,Guerrero,Total,De 15 a 17 años,12,16.3073324519475
2017,Guerrero,Total,De 15 a 17 años,12,25.9459258155817
2015,Guerrero,Total,De 15 a 17 años,12,29.7921290763189
2013,Guerrero,Total,De 15 a 17 años,12,28.9564013409493
2011,Guerrero,Total,De 15 a 17 años,12,40.0915393310831
2009,Guerrero,Total,De 15 a 17 años,12,35.334363721698
2007,Guerrero,Total,De 15 a 17 años,12,36.9529226633446
2019,Guerrero,Hombres,Total,12,
2017,Guerrero,Hombres,Total,12,
2015,Guerrero,Hombres,Total,12,
2013,Guerrero,Hombres,Total,12,
2011,Guerrero,Hombres,Total,12,
2009,Guerrero,Hombres,Total,12,
2007,Guerrero,Hombres,Total,12,
2019,Guerrero,Hombres,De 5 a 14 años,12,
2017,Guerrero,Hombres,De 5 a 14 años,12,
2015,Guerrero,Hombres,De 5 a 14 años,12,
2013,Guerrero,Hombres,De 5 a 14 años,12,
2011,Guerrero,Hombres,De 5 a 14 años,12,
2009,Guerrero,Hombres,De 5 a 14 años,12,
2007,Guerrero,Hombres,De 5 a 14 años,12,
2019,Guerrero,Hombres,De 15 a 17 años,12,
2017,Guerrero,Hombres,De 15 a 17 años,12,
2015,Guerrero,Hombres,De 15 a 17 años,12,
2013,Guerrero,Hombres,De 15 a 17 años,12,
2011,Guerrero,Hombres,De 15 a 17 años,12,
2009,Guerrero,Hombres,De 15 a 17 años,12,
2007,Guerrero,Hombres,De 15 a 17 años,12,
2019,Guerrero,Mujeres,Total,12,
2017,Guerrero,Mujeres,Total,12,
2015,Guerrero,Mujeres,Total,12,
2013,Guerrero,Mujeres,Total,12,
2011,Guerrero,Mujeres,Total,12,
2009,Guerrero,Mujeres,Total,12,
2007,Guerrero,Mujeres,Total,12,
2019,Guerrero,Mujeres,De 5 a 14 años,12,
2017,Guerrero,Mujeres,De 5 a 14 años,12,
2015,Guerrero,Mujeres,De 5 a 14 años,12,
2013,Guerrero,Mujeres,De 5 a 14 años,12,
2011,Guerrero,Mujeres,De 5 a 14 años,12,
2009,Guerrero,Mujeres,De 5 a 14 años,12,
2007,Guerrero,Mujeres,De 5 a 14 años,12,
2019,Guerrero,Mujeres,De 15 a 17 años,12,
2017,Guerrero,Mujeres,De 15 a 17 años,12,
2015,Guerrero,Mujeres,De 15 a 17 años,12,
2013,Guerrero,Mujeres,De 15 a 17 años,12,
2011,Guerrero,Mujeres,De 15 a 17 años,12,
2009,Guerrero,Mujeres,De 15 a 17 años,12,
2007,Guerrero,Mujeres,De 15 a 17 años,12,
2019,Hidalgo,Total,Total,13,5.0833194307674
2017,Hidalgo,Total,Total,13,7.084380774529701
2015,Hidalgo,Total,Total,13,9.051788299931
2013,Hidalgo,Total,Total,13,6.867597653714301
2011,Hidalgo,Total,Total,13,9.5213057609125
2009,Hidalgo,Total,Total,13,9.7208718337305
2007,Hidalgo,Total,Total,13,13.919133826561898
2019,Hidalgo,Total,De 5 a 14 años,13,2.6349760222712
2017,Hidalgo,Total,De 5 a 14 años,13,3.5291046724093
2015,Hidalgo,Total,De 5 a 14 años,13,4.825670318694
2013,Hidalgo,Total,De 5 a 14 años,13,3.8990021948026
2011,Hidalgo,Total,De 5 a 14 años,13,4.9870749100788
2009,Hidalgo,Total,De 5 a 14 años,13,5.3662089349606
2007,Hidalgo,Total,De 5 a 14 años,13,9.7625086224316
2019,Hidalgo,Total,De 15 a 17 años,13,13.481764428863
2017,Hidalgo,Total,De 15 a 17 años,13,19.3620238441407
2015,Hidalgo,Total,De 15 a 17 años,13,24.067182570977906
2013,Hidalgo,Total,De 15 a 17 años,13,18.0980888786553
2011,Hidalgo,Total,De 15 a 17 años,13,24.233480621985404
2009,Hidalgo,Total,De 15 a 17 años,13,24.97693055632969
2007,Hidalgo,Total,De 15 a 17 años,13,28.5135011161738
2019,Hidalgo,Hombres,Total,13,
2017,Hidalgo,Hombres,Total,13,
2015,Hidalgo,Hombres,Total,13,
2013,Hidalgo,Hombres,Total,13,
2011,Hidalgo,Hombres,Total,13,
2009,Hidalgo,Hombres,Total,13,
2007,Hidalgo,Hombres,Total,13,
2019,Hidalgo,Hombres,De 5 a 14 años,13,
2017,Hidalgo,Hombres,De 5 a 14 años,13,
2015,Hidalgo,Hombres,De 5 a 14 años,13,
2013,Hidalgo,Hombres,De 5 a 14 años,13,
2011,Hidalgo,Hombres,De 5 a 14 años,13,
2009,Hidalgo,Hombres,De 5 a 14 años,13,
2007,Hidalgo,Hombres,De 5 a 14 años,13,
2019,Hidalgo,Hombres,De 15 a 17 años,13,
2017,Hidalgo,Hombres,De 15 a 17 años,13,
2015,Hidalgo,Hombres,De 15 a 17 años,13,
2013,Hidalgo,Hombres,De 15 a 17 años,13,
2011,Hidalgo,Hombres,De 15 a 17 años,13,
2009,Hidalgo,Hombres,De 15 a 17 años,13,
2007,Hidalgo,Hombres,De 15 a 17 años,13,
2019,Hidalgo,Mujeres,Total,13,
2017,Hidalgo,Mujeres,Total,13,
2015,Hidalgo,Mujeres,Total,13,
2013,Hidalgo,Mujeres,Total,13,
2011,Hidalgo,Mujeres,Total,13,
2009,Hidalgo,Mujeres,Total,13,
2007,Hidalgo,Mujeres,Total,13,
2019,Hidalgo,Mujeres,De 5 a 14 años,13,
2017,Hidalgo,Mujeres,De 5 a 14 años,13,
2015,Hidalgo,Mujeres,De 5 a 14 años,13,
2013,Hidalgo,Mujeres,De 5 a 14 años,13,
2011,Hidalgo,Mujeres,De 5 a 14 años,13,
2009,Hidalgo,Mujeres,De 5 a 14 años,13,
2007,Hidalgo,Mujeres,De 5 a 14 años,13,
2019,Hidalgo,Mujeres,De 15 a 17 años,13,
2017,Hidalgo,Mujeres,De 15 a 17 años,13,
2015,Hidalgo,Mujeres,De 15 a 17 años,13,
2013,Hidalgo,Mujeres,De 15 a 17 años,13,
2011,Hidalgo,Mujeres,De 15 a 17 años,13,
2009,Hidalgo,Mujeres,De 15 a 17 años,13,
2007,Hidalgo,Mujeres,De 15 a 17 años,13,
2019,Jalisco,Total,Total,14,6.4603233297665
2017,Jalisco,Total,Total,14,6.5641347250335
2015,Jalisco,Total,Total,14,10.0645048017204
2013,Jalisco,Total,Total,14,8.9763541793887
2011,Jalisco,Total,Total,14,11.3187981751069
2009,Jalisco,Total,Total,14,11.5252649763872
2007,Jalisco,Total,Total,14,14.1055232660029
2019,Jalisco,Total,De 5 a 14 años,14,3.8277078106889006
2017,Jalisco,Total,De 5 a 14 años,14,3.0272326617891
2015,Jalisco,Total,De 5 a 14 años,14,5.5530165636479
2013,Jalisco,Total,De 5 a 14 años,14,5.430504225702099
2011,Jalisco,Total,De 5 a 14 años,14,7.197424817620399
2009,Jalisco,Total,De 5 a 14 años,14,6.4572228701665
2007,Jalisco,Total,De 5 a 14 años,14,8.509925167468099
2019,Jalisco,Total,De 15 a 17 años,14,15.5753444327355
2017,Jalisco,Total,De 15 a 17 años,14,18.4589690999426
2015,Jalisco,Total,De 15 a 17 años,14,24.5560544868388
2013,Jalisco,Total,De 15 a 17 años,14,20.981319797887803
2011,Jalisco,Total,De 15 a 17 años,14,24.0383473244772
2009,Jalisco,Total,De 15 a 17 años,14,28.0186364585508
2007,Jalisco,Total,De 15 a 17 años,14,32.5650962899934
2019,Jalisco,Hombres,Total,14,
2017,Jalisco,Hombres,Total,14,
2015,Jalisco,Hombres,Total,14,
2013,Jalisco,Hombres,Total,14,
2011,Jalisco,Hombres,Total,14,
2009,Jalisco,Hombres,Total,14,
2007,Jalisco,Hombres,Total,14,
2019,Jalisco,Hombres,De 5 a 14 años,14,
2017,Jalisco,Hombres,De 5 a 14 años,14,
2015,Jalisco,Hombres,De 5 a 14 años,14,
2013,Jalisco,Hombres,De 5 a 14 años,14,
2011,Jalisco,Hombres,De 5 a 14 años,14,
2009,Jalisco,Hombres,De 5 a 14 años,14,
2007,Jalisco,Hombres,De 5 a 14 años,14,
2019,Jalisco,Hombres,De 15 a 17 años,14,
2017,Jalisco,Hombres,De 15 a 17 años,14,
2015,Jalisco,Hombres,De 15 a 17 años,14,
2013,Jalisco,Hombres,De 15 a 17 años,14,
2011,Jalisco,Hombres,De 15 a 17 años,14,
2009,Jalisco,Hombres,De 15 a 17 años,14,
2007,Jalisco,Hombres,De 15 a 17 años,14,
2019,Jalisco,Mujeres,Total,14,
2017,Jalisco,Mujeres,Total,14,
2015,Jalisco,Mujeres,Total,14,
2013,Jalisco,Mujeres,Total,14,
2011,Jalisco,Mujeres,Total,14,
2009,Jalisco,Mujeres,Total,14,
2007,Jalisco,Mujeres,Total,14,
2019,Jalisco,Mujeres,De 5 a 14 años,14,
2017,Jalisco,Mujeres,De 5 a 14 años,14,
2015,Jalisco,Mujeres,De 5 a 14 años,14,
2013,Jalisco,Mujeres,De 5 a 14 años,14,
2011,Jalisco,Mujeres,De 5 a 14 años,14,
2009,Jalisco,Mujeres,De 5 a 14 años,14,
2007,Jalisco,Mujeres,De 5 a 14 años,14,
2019,Jalisco,Mujeres,De 15 a 17 años,14,
2017,Jalisco,Mujeres,De 15 a 17 años,14,
2015,Jalisco,Mujeres,De 15 a 17 años,14,
2013,Jalisco,Mujeres,De 15 a 17 años,14,
2011,Jalisco,Mujeres,De 15 a 17 años,14,
2009,Jalisco,Mujeres,De 15 a 17 años,14,
2007,Jalisco,Mujeres,De 15 a 17 años,14,
2019,México,Total,Total,15,4.8310087224969
2017,México,Total,Total,15,5.6824278125493
2015,México,Total,Total,15,6.0299107746302
2013,México,Total,Total,15,4.7357987001021
2011,México,Total,Total,15,6.7013952639082
2009,México,Total,Total,15,6.5819936917453
2007,México,Total,Total,15,7.1700505097579
2019,México,Total,De 5 a 14 años,15,3.2503711750492
2017,México,Total,De 5 a 14 años,15,2.9420732009770005
2015,México,Total,De 5 a 14 años,15,3.3206673283236
2013,México,Total,De 5 a 14 años,15,2.7245423616489
2011,México,Total,De 5 a 14 años,15,3.4159412793597
2009,México,Total,De 5 a 14 años,15,3.0168637259852
2007,México,Total,De 5 a 14 años,15,3.3385451464703
2019,México,Total,De 15 a 17 años,15,9.4368777033289
2017,México,Total,De 15 a 17 años,15,14.2374302137359
2015,México,Total,De 15 a 17 años,15,14.8362345572173
2013,México,Total,De 15 a 17 años,15,12.277227245967104
2011,México,Total,De 15 a 17 años,15,17.0978237595116
2009,México,Total,De 15 a 17 años,15,18.0636113009654
2007,México,Total,De 15 a 17 años,15,19.0268455354034
2019,México,Hombres,Total,15,
2017,México,Hombres,Total,15,
2015,México,Hombres,Total,15,
2013,México,Hombres,Total,15,
2011,México,Hombres,Total,15,
2009,México,Hombres,Total,15,
2007,México,Hombres,Total,15,
2019,México,Hombres,De 5 a 14 años,15,
2017,México,Hombres,De 5 a 14 años,15,
2015,México,Hombres,De 5 a 14 años,15,
2013,México,Hombres,De 5 a 14 años,15,
2011,México,Hombres,De 5 a 14 años,15,
2009,México,Hombres,De 5 a 14 años,15,
2007,México,Hombres,De 5 a 14 años,15,
2019,México,Hombres,De 15 a 17 años,15,
2017,México,Hombres,De 15 a 17 años,15,
2015,México,Hombres,De 15 a 17 años,15,
2013,México,Hombres,De 15 a 17 años,15,
2011,México,Hombres,De 15 a 17 años,15,
2009,México,Hombres,De 15 a 17 años,15,
2007,México,Hombres,De 15 a 17 años,15,
2019,México,Mujeres,Total,15,
2017,México,Mujeres,Total,15,
2015,México,Mujeres,Total,15,
2013,México,Mujeres,Total,15,
2011,México,Mujeres,Total,15,
2009,México,Mujeres,Total,15,
2007,México,Mujeres,Total,15,
2019,México,Mujeres,De 5 a 14 años,15,
2017,México,Mujeres,De 5 a 14 años,15,
2015,México,Mujeres,De 5 a 14 años,15,
2013,México,Mujeres,De 5 a 14 años,15,
2011,México,Mujeres,De 5 a 14 años,15,
2009,México,Mujeres,De 5 a 14 años,15,
2007,México,Mujeres,De 5 a 14 años,15,
2019,México,Mujeres,De 15 a 17 años,15,
2017,México,Mujeres,De 15 a 17 años,15,
2015,México,Mujeres,De 15 a 17 años,15,
2013,México,Mujeres,De 15 a 17 años,15,
2011,México,Mujeres,De 15 a 17 años,15,
2009,México,Mujeres,De 15 a 17 años,15,
2007,México,Mujeres,De 15 a 17 años,15,
2019,Michoacán de Ocampo,Total,Total,16,11.5321098002188
2017,Michoacán de Ocampo,Total,Total,16,10.3250670387884
2015,Michoacán de Ocampo,Total,Total,16,10.1242409970977
2013,Michoacán de Ocampo,Total,Total,16,9.875412526847
2011,Michoacán de Ocampo,Total,Total,16,14.6474707621604
2009,Michoacán de Ocampo,Total,Total,16,13.3350703193468
2007,Michoacán de Ocampo,Total,Total,16,16.5077304024548
2019,Michoacán de Ocampo,Total,De 5 a 14 años,16,6.3290663843681
2017,Michoacán de Ocampo,Total,De 5 a 14 años,16,5.0334011394563
2015,Michoacán de Ocampo,Total,De 5 a 14 años,16,4.5913921978786
2013,Michoacán de Ocampo,Total,De 5 a 14 años,16,5.4216738451411
2011,Michoacán de Ocampo,Total,De 5 a 14 años,16,8.4539376557862
2009,Michoacán de Ocampo,Total,De 5 a 14 años,16,8.1649561712942
2007,Michoacán de Ocampo,Total,De 5 a 14 años,16,10.8586033712145
2019,Michoacán de Ocampo,Total,De 15 a 17 años,16,29.3077040280351
2017,Michoacán de Ocampo,Total,De 15 a 17 años,16,29.2498458532523
2015,Michoacán de Ocampo,Total,De 15 a 17 años,16,28.2192876535329
2013,Michoacán de Ocampo,Total,De 15 a 17 años,16,25.1757106843713
2011,Michoacán de Ocampo,Total,De 15 a 17 años,16,33.4853300010094
2009,Michoacán de Ocampo,Total,De 15 a 17 años,16,31.3301909578634
2007,Michoacán de Ocampo,Total,De 15 a 17 años,16,34.9333210946617
2019,Michoacán de Ocampo,Hombres,Total,16,
2017,Michoacán de Ocampo,Hombres,Total,16,
2015,Michoacán de Ocampo,Hombres,Total,16,
2013,Michoacán de Ocampo,Hombres,Total,16,
2011,Michoacán de Ocampo,Hombres,Total,16,
2009,Michoacán de Ocampo,Hombres,Total,16,
2007,Michoacán de Ocampo,Hombres,Total,16,
2019,Michoacán de Ocampo,Hombres,De 5 a 14 años,16,
2017,Michoacán de Ocampo,Hombres,De 5 a 14 años,16,
2015,Michoacán de Ocampo,Hombres,De 5 a 14 años,16,
2013,Michoacán de Ocampo,Hombres,De 5 a 14 años,16,
2011,Michoacán de Ocampo,Hombres,De 5 a 14 años,16,
2009,Michoacán de Ocampo,Hombres,De 5 a 14 años,16,
2007,Michoacán de Ocampo,Hombres,De 5 a 14 años,16,
2019,Michoacán de Ocampo,Hombres,De 15 a 17 años,16,
2017,Michoacán de Ocampo,Hombres,De 15 a 17 años,16,
2015,Michoacán de Ocampo,Hombres,De 15 a 17 años,16,
2013,Michoacán de Ocampo,Hombres,De 15 a 17 años,16,
2011,Michoacán de Ocampo,Hombres,De 15 a 17 años,16,
2009,Michoacán de Ocampo,Hombres,De 15 a 17 años,16,
2007,Michoacán de Ocampo,Hombres,De 15 a 17 años,16,
2019,Michoacán de Ocampo,Mujeres,Total,16,
2017,Michoacán de Ocampo,Mujeres,Total,16,
2015,Michoacán de Ocampo,Mujeres,Total,16,
2013,Michoacán de Ocampo,Mujeres,Total,16,
2011,Michoacán de Ocampo,Mujeres,Total,16,
2009,Michoacán de Ocampo,Mujeres,Total,16,
2007,Michoacán de Ocampo,Mujeres,Total,16,
2019,Michoacán de Ocampo,Mujeres,De 5 a 14 años,16,
2017,Michoacán de Ocampo,Mujeres,De 5 a 14 años,16,
2015,Michoacán de Ocampo,Mujeres,De 5 a 14 años,16,
2013,Michoacán de Ocampo,Mujeres,De 5 a 14 años,16,
2011,Michoacán de Ocampo,Mujeres,De 5 a 14 años,16,
2009,Michoacán de Ocampo,Mujeres,De 5 a 14 años,16,
2007,Michoacán de Ocampo,Mujeres,De 5 a 14 años,16,
2019,Michoacán de Ocampo,Mujeres,De 15 a 17 años,16,
2017,Michoacán de Ocampo,Mujeres,De 15 a 17 años,16,
2015,Michoacán de Ocampo,Mujeres,De 15 a 17 años,16,
2013,Michoacán de Ocampo,Mujeres,De 15 a 17 años,16,
2011,Michoacán de Ocampo,Mujeres,De 15 a 17 años,16,
2009,Michoacán de Ocampo,Mujeres,De 15 a 17 años,16,
2007,Michoacán de Ocampo,Mujeres,De 15 a 17 años,16,
2019,Morelos,Total,Total,17,6.5295743873903005
2017,Morelos,Total,Total,17,5.7039803517807
2015,Morelos,Total,Total,17,4.5465645753507
2013,Morelos,Total,Total,17,6.5864860919269
2011,Morelos,Total,Total,17,8.0197391641386
2009,Morelos,Total,Total,17,7.6194167490845
2007,Morelos,Total,Total,17,11.8904166790945
2019,Morelos,Total,De 5 a 14 años,17,3.781983821566
2017,Morelos,Total,De 5 a 14 años,17,2.488517332356
2015,Morelos,Total,De 5 a 14 años,17,1.9256755779197
2013,Morelos,Total,De 5 a 14 años,17,3.7625006668998
2011,Morelos,Total,De 5 a 14 años,17,3.9738275193513
2009,Morelos,Total,De 5 a 14 años,17,3.7462253714832
2007,Morelos,Total,De 5 a 14 años,17,7.2933774631996
2019,Morelos,Total,De 15 a 17 años,17,15.197312350108
2017,Morelos,Total,De 15 a 17 años,17,15.7715461889453
2015,Morelos,Total,De 15 a 17 años,17,12.279518483736
2013,Morelos,Total,De 15 a 17 años,17,15.419559997404098
2011,Morelos,Total,De 15 a 17 años,17,19.2989075161576
2009,Morelos,Total,De 15 a 17 años,17,18.9372892313606
2007,Morelos,Total,De 15 a 17 años,17,26.9932713113183
2019,Morelos,Hombres,Total,17,
2017,Morelos,Hombres,Total,17,
2015,Morelos,Hombres,Total,17,
2013,Morelos,Hombres,Total,17,
2011,Morelos,Hombres,Total,17,
2009,Morelos,Hombres,Total,17,
2007,Morelos,Hombres,Total,17,
2019,Morelos,Hombres,De 5 a 14 años,17,
2017,Morelos,Hombres,De 5 a 14 años,17,
2015,Morelos,Hombres,De 5 a 14 años,17,
2013,Morelos,Hombres,De 5 a 14 años,17,
2011,Morelos,Hombres,De 5 a 14 años,17,
2009,Morelos,Hombres,De 5 a 14 años,17,
2007,Morelos,Hombres,De 5 a 14 años,17,
2019,Morelos,Hombres,De 15 a 17 años,17,
2017,Morelos,Hombres,De 15 a 17 años,17,
2015,Morelos,Hombres,De 15 a 17 años,17,
2013,Morelos,Hombres,De 15 a 17 años,17,
2011,Morelos,Hombres,De 15 a 17 años,17,
2009,Morelos,Hombres,De 15 a 17 años,17,
2007,Morelos,Hombres,De 15 a 17 años,17,
2019,Morelos,Mujeres,Total,17,
2017,Morelos,Mujeres,Total,17,
2015,Morelos,Mujeres,Total,17,
2013,Morelos,Mujeres,Total,17,
2011,Morelos,Mujeres,Total,17,
2009,Morelos,Mujeres,Total,17,
2007,Morelos,Mujeres,Total,17,
2019,Morelos,Mujeres,De 5 a 14 años,17,
2017,Morelos,Mujeres,De 5 a 14 años,17,
2015,Morelos,Mujeres,De 5 a 14 años,17,
2013,Morelos,Mujeres,De 5 a 14 años,17,
2011,Morelos,Mujeres,De 5 a 14 años,17,
2009,Morelos,Mujeres,De 5 a 14 años,17,
2007,Morelos,Mujeres,De 5 a 14 años,17,
2019,Morelos,Mujeres,De 15 a 17 años,17,
2017,Morelos,Mujeres,De 15 a 17 años,17,
2015,Morelos,Mujeres,De 15 a 17 años,17,
2013,Morelos,Mujeres,De 15 a 17 años,17,
2011,Morelos,Mujeres,De 15 a 17 años,17,
2009,Morelos,Mujeres,De 15 a 17 años,17,
2007,Morelos,Mujeres,De 15 a 17 años,17,
2019,Nayarit,Total,Total,18,9.6530291445017
2017,Nayarit,Total,Total,18,12.174901033702602
2015,Nayarit,Total,Total,18,13.0064232589588
2013,Nayarit,Total,Total,18,11.0702221733996
2011,Nayarit,Total,Total,18,13.480119560684
2009,Nayarit,Total,Total,18,15.012535993080602
2007,Nayarit,Total,Total,18,16.0781207153956
2019,Nayarit,Total,De 5 a 14 años,18,5.1950380485771
2017,Nayarit,Total,De 5 a 14 años,18,7.6530959304797
2015,Nayarit,Total,De 5 a 14 años,18,8.7589703074594
2013,Nayarit,Total,De 5 a 14 años,18,8.0666695946243
2011,Nayarit,Total,De 5 a 14 años,18,10.0471072490281
2009,Nayarit,Total,De 5 a 14 años,18,11.2101978927724
2007,Nayarit,Total,De 5 a 14 años,18,11.2020781795572
2019,Nayarit,Total,De 15 a 17 años,18,26.1271533791488
2017,Nayarit,Total,De 15 a 17 años,18,27.326732673267298
2015,Nayarit,Total,De 15 a 17 años,18,27.244905466048703
2013,Nayarit,Total,De 15 a 17 años,18,21.820668406325694
2011,Nayarit,Total,De 15 a 17 años,18,24.3477631388446
2009,Nayarit,Total,De 15 a 17 años,18,26.4774409096904
2007,Nayarit,Total,De 15 a 17 años,18,31.949526086831305
2019,Nayarit,Hombres,Total,18,
2017,Nayarit,Hombres,Total,18,
2015,Nayarit,Hombres,Total,18,
2013,Nayarit,Hombres,Total,18,
2011,Nayarit,Hombres,Total,18,
2009,Nayarit,Hombres,Total,18,
2007,Nayarit,Hombres,Total,18,
2019,Nayarit,Hombres,De 5 a 14 años,18,
2017,Nayarit,Hombres,De 5 a 14 años,18,
2015,Nayarit,Hombres,De 5 a 14 años,18,
2013,Nayarit,Hombres,De 5 a 14 años,18,
2011,Nayarit,Hombres,De 5 a 14 años,18,
2009,Nayarit,Hombres,De 5 a 14 años,18,
2007,Nayarit,Hombres,De 5 a 14 años,18,
2019,Nayarit,Hombres,De 15 a 17 años,18,
2017,Nayarit,Hombres,De 15 a 17 años,18,
2015,Nayarit,Hombres,De 15 a 17 años,18,
2013,Nayarit,Hombres,De 15 a 17 años,18,
2011,Nayarit,Hombres,De 15 a 17 años,18,
2009,Nayarit,Hombres,De 15 a 17 años,18,
2007,Nayarit,Hombres,De 15 a 17 años,18,
2019,Nayarit,Mujeres,Total,18,
2017,Nayarit,Mujeres,Total,18,
2015,Nayarit,Mujeres,Total,18,
2013,Nayarit,Mujeres,Total,18,
2011,Nayarit,Mujeres,Total,18,
2009,Nayarit,Mujeres,Total,18,
2007,Nayarit,Mujeres,Total,18,
2019,Nayarit,Mujeres,De 5 a 14 años,18,
2017,Nayarit,Mujeres,De 5 a 14 años,18,
2015,Nayarit,Mujeres,De 5 a 14 años,18,
2013,Nayarit,Mujeres,De 5 a 14 años,18,
2011,Nayarit,Mujeres,De 5 a 14 años,18,
2009,Nayarit,Mujeres,De 5 a 14 años,18,
2007,Nayarit,Mujeres,De 5 a 14 años,18,
2019,Nayarit,Mujeres,De 15 a 17 años,18,
2017,Nayarit,Mujeres,De 15 a 17 años,18,
2015,Nayarit,Mujeres,De 15 a 17 años,18,
2013,Nayarit,Mujeres,De 15 a 17 años,18,
2011,Nayarit,Mujeres,De 15 a 17 años,18,
2009,Nayarit,Mujeres,De 15 a 17 años,18,
2007,Nayarit,Mujeres,De 15 a 17 años,18,
2019,Nuevo León,Total,Total,19,3.4706149433561
2017,Nuevo León,Total,Total,19,4.1888832942928
2015,Nuevo León,Total,Total,19,5.346586396293101
2013,Nuevo León,Total,Total,19,5.6875962848518
2011,Nuevo León,Total,Total,19,6.7988040176501
2009,Nuevo León,Total,Total,19,7.5123696274647
2007,Nuevo León,Total,Total,19,8.5084428822131
2019,Nuevo León,Total,De 5 a 14 años,19,1.2383916301807
2017,Nuevo León,Total,De 5 a 14 años,19,1.7822529402184
2015,Nuevo León,Total,De 5 a 14 años,19,2.4520358391875
2013,Nuevo León,Total,De 5 a 14 años,19,3.0603715027295
2011,Nuevo León,Total,De 5 a 14 años,19,3.5917122106907
2009,Nuevo León,Total,De 5 a 14 años,19,4.1353004415668
2007,Nuevo León,Total,De 5 a 14 años,19,4.1021425210198
2019,Nuevo León,Total,De 15 a 17 años,19,9.9377452337881
2017,Nuevo León,Total,De 15 a 17 años,19,11.9573789064091
2015,Nuevo León,Total,De 15 a 17 años,19,14.6244342578624
2013,Nuevo León,Total,De 15 a 17 años,19,14.546105751637
2011,Nuevo León,Total,De 15 a 17 años,19,17.062512753186898
2009,Nuevo León,Total,De 15 a 17 años,19,18.4040306688136
2007,Nuevo León,Total,De 15 a 17 años,19,22.676428123496
2019,Nuevo León,Hombres,Total,19,
2017,Nuevo León,Hombres,Total,19,
2015,Nuevo León,Hombres,Total,19,
2013,Nuevo León,Hombres,Total,19,
2011,Nuevo León,Hombres,Total,19,
2009,Nuevo León,Hombres,Total,19,
2007,Nuevo León,Hombres,Total,19,
2019,Nuevo León,Hombres,De 5 a 14 años,19,
2017,Nuevo León,Hombres,De 5 a 14 años,19,
2015,Nuevo León,Hombres,De 5 a 14 años,19,
2013,Nuevo León,Hombres,De 5 a 14 años,19,
2011,Nuevo León,Hombres,De 5 a 14 años,19,
2009,Nuevo León,Hombres,De 5 a 14 años,19,
2007,Nuevo León,Hombres,De 5 a 14 años,19,
2019,Nuevo León,Hombres,De 15 a 17 años,19,
2017,Nuevo León,Hombres,De 15 a 17 años,19,
2015,Nuevo León,Hombres,De 15 a 17 años,19,
2013,Nuevo León,Hombres,De 15 a 17 años,19,
2011,Nuevo León,Hombres,De 15 a 17 años,19,
2009,Nuevo León,Hombres,De 15 a 17 años,19,
2007,Nuevo León,Hombres,De 15 a 17 años,19,
2019,Nuevo León,Mujeres,Total,19,
2017,Nuevo León,Mujeres,Total,19,
2015,Nuevo León,Mujeres,Total,19,
2013,Nuevo León,Mujeres,Total,19,
2011,Nuevo León,Mujeres,Total,19,
2009,Nuevo León,Mujeres,Total,19,
2007,Nuevo León,Mujeres,Total,19,
2019,Nuevo León,Mujeres,De 5 a 14 años,19,
2017,Nuevo León,Mujeres,De 5 a 14 años,19,
2015,Nuevo León,Mujeres,De 5 a 14 años,19,
2013,Nuevo León,Mujeres,De 5 a 14 años,19,
2011,Nuevo León,Mujeres,De 5 a 14 años,19,
2009,Nuevo León,Mujeres,De 5 a 14 años,19,
2007,Nuevo León,Mujeres,De 5 a 14 años,19,
2019,Nuevo León,Mujeres,De 15 a 17 años,19,
2017,Nuevo León,Mujeres,De 15 a 17 años,19,
2015,Nuevo León,Mujeres,De 15 a 17 años,19,
2013,Nuevo León,Mujeres,De 15 a 17 años,19,
2011,Nuevo León,Mujeres,De 15 a 17 años,19,
2009,Nuevo León,Mujeres,De 15 a 17 años,19,
2007,Nuevo León,Mujeres,De 15 a 17 años,19,
2019,Oaxaca,Total,Total,20,14.8647876825378
2017,Oaxaca,Total,Total,20,10.3430578194277
2015,Oaxaca,Total,Total,20,9.6402175989703
2013,Oaxaca,Total,Total,20,11.150609216372098
2011,Oaxaca,Total,Total,20,14.0024742925823
2009,Oaxaca,Total,Total,20,13.479463525794095
2007,Oaxaca,Total,Total,20,16.302464579360702
2019,Oaxaca,Total,De 5 a 14 años,20,10.3501248238871
2017,Oaxaca,Total,De 5 a 14 años,20,5.701597019232
2015,Oaxaca,Total,De 5 a 14 años,20,5.5203221078874
2013,Oaxaca,Total,De 5 a 14 años,20,7.1618489145857
2011,Oaxaca,Total,De 5 a 14 años,20,9.431945280649
2009,Oaxaca,Total,De 5 a 14 años,20,7.871793162577799
2007,Oaxaca,Total,De 5 a 14 años,20,11.0193681167232
2019,Oaxaca,Total,De 15 a 17 años,20,31.1826323900565
2017,Oaxaca,Total,De 15 a 17 años,20,24.849340312493904
2015,Oaxaca,Total,De 15 a 17 años,20,23.526645630257303
2013,Oaxaca,Total,De 15 a 17 años,20,25.7133780164407
2011,Oaxaca,Total,De 15 a 17 años,20,29.1866584895602
2009,Oaxaca,Total,De 15 a 17 años,20,29.9943812998829
2007,Oaxaca,Total,De 15 a 17 años,20,33.7054496762478
2019,Oaxaca,Hombres,Total,20,
2017,Oaxaca,Hombres,Total,20,
2015,Oaxaca,Hombres,Total,20,
2013,Oaxaca,Hombres,Total,20,
2011,Oaxaca,Hombres,Total,20,
2009,Oaxaca,Hombres,Total,20,
2007,Oaxaca,Hombres,Total,20,
2019,Oaxaca,Hombres,De 5 a 14 años,20,
2017,Oaxaca,Hombres,De 5 a 14 años,20,
2015,Oaxaca,Hombres,De 5 a 14 años,20,
2013,Oaxaca,Hombres,De 5 a 14 años,20,
2011,Oaxaca,Hombres,De 5 a 14 años,20,
2009,Oaxaca,Hombres,De 5 a 14 años,20,
2007,Oaxaca,Hombres,De 5 a 14 años,20,
2019,Oaxaca,Hombres,De 15 a 17 años,20,
2017,Oaxaca,Hombres,De 15 a 17 años,20,
2015,Oaxaca,Hombres,De 15 a 17 años,20,
2013,Oaxaca,Hombres,De 15 a 17 años,20,
2011,Oaxaca,Hombres,De 15 a 17 años,20,
2009,Oaxaca,Hombres,De 15 a 17 años,20,
2007,Oaxaca,Hombres,De 15 a 17 años,20,
2019,Oaxaca,Mujeres,Total,20,
2017,Oaxaca,Mujeres,Total,20,
2015,Oaxaca,Mujeres,Total,20,
2013,Oaxaca,Mujeres,Total,20,
2011,Oaxaca,Mujeres,Total,20,
2009,Oaxaca,Mujeres,Total,20,
2007,Oaxaca,Mujeres,Total,20,
2019,Oaxaca,Mujeres,De 5 a 14 años,20,
2017,Oaxaca,Mujeres,De 5 a 14 años,20,
2015,Oaxaca,Mujeres,De 5 a 14 años,20,
2013,Oaxaca,Mujeres,De 5 a 14 años,20,
2011,Oaxaca,Mujeres,De 5 a 14 años,20,
2009,Oaxaca,Mujeres,De 5 a 14 años,20,
2007,Oaxaca,Mujeres,De 5 a 14 años,20,
2019,Oaxaca,Mujeres,De 15 a 17 años,20,
2017,Oaxaca,Mujeres,De 15 a 17 años,20,
2015,Oaxaca,Mujeres,De 15 a 17 años,20,
2013,Oaxaca,Mujeres,De 15 a 17 años,20,
2011,Oaxaca,Mujeres,De 15 a 17 años,20,
2009,Oaxaca,Mujeres,De 15 a 17 años,20,
2007,Oaxaca,Mujeres,De 15 a 17 años,20,
2019,Puebla,Total,Total,21,12.5588158421261
2017,Puebla,Total,Total,21,11.8871487960055
2015,Puebla,Total,Total,21,12.2668045986035
2013,Puebla,Total,Total,21,12.7565263505468
2011,Puebla,Total,Total,21,13.5860237736031
2009,Puebla,Total,Total,21,14.542193410772702
2007,Puebla,Total,Total,21,16.6062397012743
2019,Puebla,Total,De 5 a 14 años,21,8.0377573161774
2017,Puebla,Total,De 5 a 14 años,21,6.8159707501881
2015,Puebla,Total,De 5 a 14 años,21,7.648216228287599
2013,Puebla,Total,De 5 a 14 años,21,8.2562203981999
2011,Puebla,Total,De 5 a 14 años,21,8.4343389033951
2009,Puebla,Total,De 5 a 14 años,21,9.3929397419088
2007,Puebla,Total,De 5 a 14 años,21,10.4535124760077
2019,Puebla,Total,De 15 a 17 años,21,27.4630775232681
2017,Puebla,Total,De 15 a 17 años,21,28.1733924809742
2015,Puebla,Total,De 15 a 17 años,21,26.00707158406
2013,Puebla,Total,De 15 a 17 años,21,27.6594253112201
2011,Puebla,Total,De 15 a 17 años,21,31.4164703318852
2009,Puebla,Total,De 15 a 17 años,21,31.4945006554154
2007,Puebla,Total,De 15 a 17 años,21,36.0330943134603
2019,Puebla,Hombres,Total,21,
2017,Puebla,Hombres,Total,21,
2015,Puebla,Hombres,Total,21,
2013,Puebla,Hombres,Total,21,
2011,Puebla,Hombres,Total,21,
2009,Puebla,Hombres,Total,21,
2007,Puebla,Hombres,Total,21,
2019,Puebla,Hombres,De 5 a 14 años,21,
2017,Puebla,Hombres,De 5 a 14 años,21,
2015,Puebla,Hombres,De 5 a 14 años,21,
2013,Puebla,Hombres,De 5 a 14 años,21,
2011,Puebla,Hombres,De 5 a 14 años,21,
2009,Puebla,Hombres,De 5 a 14 años,21,
2007,Puebla,Hombres,De 5 a 14 años,21,
2019,Puebla,Hombres,De 15 a 17 años,21,
2017,Puebla,Hombres,De 15 a 17 años,21,
2015,Puebla,Hombres,De 15 a 17 años,21,
2013,Puebla,Hombres,De 15 a 17 años,21,
2011,Puebla,Hombres,De 15 a 17 años,21,
2009,Puebla,Hombres,De 15 a 17 años,21,
2007,Puebla,Hombres,De 15 a 17 años,21,
2019,Puebla,Mujeres,Total,21,
2017,Puebla,Mujeres,Total,21,
2015,Puebla,Mujeres,Total,21,
2013,Puebla,Mujeres,Total,21,
2011,Puebla,Mujeres,Total,21,
2009,Puebla,Mujeres,Total,21,
2007,Puebla,Mujeres,Total,21,
2019,Puebla,Mujeres,De 5 a 14 años,21,
2017,Puebla,Mujeres,De 5 a 14 años,21,
2015,Puebla,Mujeres,De 5 a 14 años,21,
2013,Puebla,Mujeres,De 5 a 14 años,21,
2011,Puebla,Mujeres,De 5 a 14 años,21,
2009,Puebla,Mujeres,De 5 a 14 años,21,
2007,Puebla,Mujeres,De 5 a 14 años,21,
2019,Puebla,Mujeres,De 15 a 17 años,21,
2017,Puebla,Mujeres,De 15 a 17 años,21,
2015,Puebla,Mujeres,De 15 a 17 años,21,
2013,Puebla,Mujeres,De 15 a 17 años,21,
2011,Puebla,Mujeres,De 15 a 17 años,21,
2009,Puebla,Mujeres,De 15 a 17 años,21,
2007,Puebla,Mujeres,De 15 a 17 años,21,
2019,Querétaro,Total,Total,22,5.1855492253024
2017,Querétaro,Total,Total,22,3.8824192258776
2015,Querétaro,Total,Total,22,4.3132794377245
2013,Querétaro,Total,Total,22,3.7574152983882
2011,Querétaro,Total,Total,22,5.112438837873
2009,Querétaro,Total,Total,22,6.4211135052918
2007,Querétaro,Total,Total,22,9.5280318341604
2019,Querétaro,Total,De 5 a 14 años,22,3.308395544306
2017,Querétaro,Total,De 5 a 14 años,22,1.3571947624218
2015,Querétaro,Total,De 5 a 14 años,22,1.7348203221809
2013,Querétaro,Total,De 5 a 14 años,22,1.5364821415731
2011,Querétaro,Total,De 5 a 14 años,22,1.6799000753837
2009,Querétaro,Total,De 5 a 14 años,22,2.672347939173
2007,Querétaro,Total,De 5 a 14 años,22,5.0320848020039
2019,Querétaro,Total,De 15 a 17 años,22,11.0482909297109
2017,Querétaro,Total,De 15 a 17 años,22,11.445429193250702
2015,Querétaro,Total,De 15 a 17 años,22,12.703450309131702
2013,Querétaro,Total,De 15 a 17 años,22,11.3130236499768
2011,Querétaro,Total,De 15 a 17 años,22,15.5919532988955
2009,Querétaro,Total,De 15 a 17 años,22,17.6227598353987
2007,Querétaro,Total,De 15 a 17 años,22,23.8719404190112
2019,Querétaro,Hombres,Total,22,
2017,Querétaro,Hombres,Total,22,
2015,Querétaro,Hombres,Total,22,
2013,Querétaro,Hombres,Total,22,
2011,Querétaro,Hombres,Total,22,
2009,Querétaro,Hombres,Total,22,
2007,Querétaro,Hombres,Total,22,
2019,Querétaro,Hombres,De 5 a 14 años,22,
2017,Querétaro,Hombres,De 5 a 14 años,22,
2015,Querétaro,Hombres,De 5 a 14 años,22,
2013,Querétaro,Hombres,De 5 a 14 años,22,
2011,Querétaro,Hombres,De 5 a 14 años,22,
2009,Querétaro,Hombres,De 5 a 14 años,22,
2007,Querétaro,Hombres,De 5 a 14 años,22,
2019,Querétaro,Hombres,De 15 a 17 años,22,
2017,Querétaro,Hombres,De 15 a 17 años,22,
2015,Querétaro,Hombres,De 15 a 17 años,22,
2013,Querétaro,Hombres,De 15 a 17 años,22,
2011,Querétaro,Hombres,De 15 a 17 años,22,
2009,Querétaro,Hombres,De 15 a 17 años,22,
2007,Querétaro,Hombres,De 15 a 17 años,22,
2019,Querétaro,Mujeres,Total,22,
2017,Querétaro,Mujeres,Total,22,
2015,Querétaro,Mujeres,Total,22,
2013,Querétaro,Mujeres,Total,22,
2011,Querétaro,Mujeres,Total,22,
2009,Querétaro,Mujeres,Total,22,
2007,Querétaro,Mujeres,Total,22,
2019,Querétaro,Mujeres,De 5 a 14 años,22,
2017,Querétaro,Mujeres,De 5 a 14 años,22,
2015,Querétaro,Mujeres,De 5 a 14 años,22,
2013,Querétaro,Mujeres,De 5 a 14 años,22,
2011,Querétaro,Mujeres,De 5 a 14 años,22,
2009,Querétaro,Mujeres,De 5 a 14 años,22,
2007,Querétaro,Mujeres,De 5 a 14 años,22,
2019,Querétaro,Mujeres,De 15 a 17 años,22,
2017,Querétaro,Mujeres,De 15 a 17 años,22,
2015,Querétaro,Mujeres,De 15 a 17 años,22,
2013,Querétaro,Mujeres,De 15 a 17 años,22,
2011,Querétaro,Mujeres,De 15 a 17 años,22,
2009,Querétaro,Mujeres,De 15 a 17 años,22,
2007,Querétaro,Mujeres,De 15 a 17 años,22,
2019,Quintana Roo,Total,Total,23,6.4161479844105
2017,Quintana Roo,Total,Total,23,4.9984721811743
2015,Quintana Roo,Total,Total,23,5.2795672720337
2013,Quintana Roo,Total,Total,23,8.8336904018404
2011,Quintana Roo,Total,Total,23,8.540410061844
2009,Quintana Roo,Total,Total,23,11.9312976871455
2007,Quintana Roo,Total,Total,23,14.0632532726801
2019,Quintana Roo,Total,De 5 a 14 años,23,3.5539280257126
2017,Quintana Roo,Total,De 5 a 14 años,23,3.0515333995934006
2015,Quintana Roo,Total,De 5 a 14 años,23,2.1988802220414
2013,Quintana Roo,Total,De 5 a 14 años,23,4.8776205116905
2011,Quintana Roo,Total,De 5 a 14 años,23,5.5336642218115
2009,Quintana Roo,Total,De 5 a 14 años,23,8.1275221624527
2007,Quintana Roo,Total,De 5 a 14 años,23,10.2058131824229
2019,Quintana Roo,Total,De 15 a 17 años,23,15.8913756827176
2017,Quintana Roo,Total,De 15 a 17 años,23,11.557821938194898
2015,Quintana Roo,Total,De 15 a 17 años,23,15.8885985356781
2013,Quintana Roo,Total,De 15 a 17 años,23,21.739862967539
2011,Quintana Roo,Total,De 15 a 17 años,23,17.953445494353502
2009,Quintana Roo,Total,De 15 a 17 años,23,22.3619268821047
2007,Quintana Roo,Total,De 15 a 17 años,23,25.655052911690102
2019,Quintana Roo,Hombres,Total,23,
2017,Quintana Roo,Hombres,Total,23,
2015,Quintana Roo,Hombres,Total,23,
2013,Quintana Roo,Hombres,Total,23,
2011,Quintana Roo,Hombres,Total,23,
2009,Quintana Roo,Hombres,Total,23,
2007,Quintana Roo,Hombres,Total,23,
2019,Quintana Roo,Hombres,De 5 a 14 años,23,
2017,Quintana Roo,Hombres,De 5 a 14 años,23,
2015,Quintana Roo,Hombres,De 5 a 14 años,23,
2013,Quintana Roo,Hombres,De 5 a 14 años,23,
2011,Quintana Roo,Hombres,De 5 a 14 años,23,
2009,Quintana Roo,Hombres,De 5 a 14 años,23,
2007,Quintana Roo,Hombres,De 5 a 14 años,23,
2019,Quintana Roo,Hombres,De 15 a 17 años,23,
2017,Quintana Roo,Hombres,De 15 a 17 años,23,
2015,Quintana Roo,Hombres,De 15 a 17 años,23,
2013,Quintana Roo,Hombres,De 15 a 17 años,23,
2011,Quintana Roo,Hombres,De 15 a 17 años,23,
2009,Quintana Roo,Hombres,De 15 a 17 años,23,
2007,Quintana Roo,Hombres,De 15 a 17 años,23,
2019,Quintana Roo,Mujeres,Total,23,
2017,Quintana Roo,Mujeres,Total,23,
2015,Quintana Roo,Mujeres,Total,23,
2013,Quintana Roo,Mujeres,Total,23,
2011,Quintana Roo,Mujeres,Total,23,
2009,Quintana Roo,Mujeres,Total,23,
2007,Quintana Roo,Mujeres,Total,23,
2019,Quintana Roo,Mujeres,De 5 a 14 años,23,
2017,Quintana Roo,Mujeres,De 5 a 14 años,23,
2015,Quintana Roo,Mujeres,De 5 a 14 años,23,
2013,Quintana Roo,Mujeres,De 5 a 14 años,23,
2011,Quintana Roo,Mujeres,De 5 a 14 años,23,
2009,Quintana Roo,Mujeres,De 5 a 14 años,23,
2007,Quintana Roo,Mujeres,De 5 a 14 años,23,
2019,Quintana Roo,Mujeres,De 15 a 17 años,23,
2017,Quintana Roo,Mujeres,De 15 a 17 años,23,
2015,Quintana Roo,Mujeres,De 15 a 17 años,23,
2013,Quintana Roo,Mujeres,De 15 a 17 años,23,
2011,Quintana Roo,Mujeres,De 15 a 17 años,23,
2009,Quintana Roo,Mujeres,De 15 a 17 años,23,
2007,Quintana Roo,Mujeres,De 15 a 17 años,23,
2019,San Luis Potosí,Total,Total,24,9.2117089943898
2017,San Luis Potosí,Total,Total,24,7.8621666986102
2015,San Luis Potosí,Total,Total,24,9.3560766616859
2013,San Luis Potosí,Total,Total,24,8.0356413901831
2011,San Luis Potosí,Total,Total,24,6.916660412653701
2009,San Luis Potosí,Total,Total,24,8.6713865853183
2007,San Luis Potosí,Total,Total,24,15.068322602947498
2019,San Luis Potosí,Total,De 5 a 14 años,24,4.894282221376
2017,San Luis Potosí,Total,De 5 a 14 años,24,3.4865424112418
2015,San Luis Potosí,Total,De 5 a 14 años,24,5.2989017310414
2013,San Luis Potosí,Total,De 5 a 14 años,24,4.0789987760597
2011,San Luis Potosí,Total,De 5 a 14 años,24,3.8108182351917
2009,San Luis Potosí,Total,De 5 a 14 años,24,5.0271711589527
2007,San Luis Potosí,Total,De 5 a 14 años,24,9.7981467465086
2019,San Luis Potosí,Total,De 15 a 17 años,24,22.3386752787764
2017,San Luis Potosí,Total,De 15 a 17 años,24,21.399996433433
2015,San Luis Potosí,Total,De 15 a 17 años,24,21.8057031372481
2013,San Luis Potosí,Total,De 15 a 17 años,24,20.579274556650702
2011,San Luis Potosí,Total,De 15 a 17 años,24,17.5572519083969
2009,San Luis Potosí,Total,De 15 a 17 años,24,19.9996563042395
2007,San Luis Potosí,Total,De 15 a 17 años,24,32.882752219063605
2019,San Luis Potosí,Hombres,Total,24,
2017,San Luis Potosí,Hombres,Total,24,
2015,San Luis Potosí,Hombres,Total,24,
2013,San Luis Potosí,Hombres,Total,24,
2011,San Luis Potosí,Hombres,Total,24,
2009,San Luis Potosí,Hombres,Total,24,
2007,San Luis Potosí,Hombres,Total,24,
2019,San Luis Potosí,Hombres,De 5 a 14 años,24,
2017,San Luis Potosí,Hombres,De 5 a 14 años,24,
2015,San Luis Potosí,Hombres,De 5 a 14 años,24,
2013,San Luis Potosí,Hombres,De 5 a 14 años,24,
2011,San Luis Potosí,Hombres,De 5 a 14 años,24,
2009,San Luis Potosí,Hombres,De 5 a 14 años,24,
2007,San Luis Potosí,Hombres,De 5 a 14 años,24,
2019,San Luis Potosí,Hombres,De 15 a 17 años,24,
2017,San Luis Potosí,Hombres,De 15 a 17 años,24,
2015,San Luis Potosí,Hombres,De 15 a 17 años,24,
2013,San Luis Potosí,Hombres,De 15 a 17 años,24,
2011,San Luis Potosí,Hombres,De 15 a 17 años,24,
2009,San Luis Potosí,Hombres,De 15 a 17 años,24,
2007,San Luis Potosí,Hombres,De 15 a 17 años,24,
2019,San Luis Potosí,Mujeres,Total,24,
2017,San Luis Potosí,Mujeres,Total,24,
2015,San Luis Potosí,Mujeres,Total,24,
2013,San Luis Potosí,Mujeres,Total,24,
2011,San Luis Potosí,Mujeres,Total,24,
2009,San Luis Potosí,Mujeres,Total,24,
2007,San Luis Potosí,Mujeres,Total,24,
2019,San Luis Potosí,Mujeres,De 5 a 14 años,24,
2017,San Luis Potosí,Mujeres,De 5 a 14 años,24,
2015,San Luis Potosí,Mujeres,De 5 a 14 años,24,
2013,San Luis Potosí,Mujeres,De 5 a 14 años,24,
2011,San Luis Potosí,Mujeres,De 5 a 14 años,24,
2009,San Luis Potosí,Mujeres,De 5 a 14 años,24,
2007,San Luis Potosí,Mujeres,De 5 a 14 años,24,
2019,San Luis Potosí,Mujeres,De 15 a 17 años,24,
2017,San Luis Potosí,Mujeres,De 15 a 17 años,24,
2015,San Luis Potosí,Mujeres,De 15 a 17 años,24,
2013,San Luis Potosí,Mujeres,De 15 a 17 años,24,
2011,San Luis Potosí,Mujeres,De 15 a 17 años,24,
2009,San Luis Potosí,Mujeres,De 15 a 17 años,24,
2007,San Luis Potosí,Mujeres,De 15 a 17 años,24,
2019,Sinaloa,Total,Total,25,5.4634072618733
2017,Sinaloa,Total,Total,25,6.6641797953505
2015,Sinaloa,Total,Total,25,7.534124757902201
2013,Sinaloa,Total,Total,25,8.5254539935849
2011,Sinaloa,Total,Total,25,11.5990171819616
2009,Sinaloa,Total,Total,25,13.3717459892071
2007,Sinaloa,Total,Total,25,13.600447178921804
2019,Sinaloa,Total,De 5 a 14 años,25,2.7027579204148
2017,Sinaloa,Total,De 5 a 14 años,25,3.5086651280298
2015,Sinaloa,Total,De 5 a 14 años,25,4.97362263309
2013,Sinaloa,Total,De 5 a 14 años,25,5.3515765332598
2011,Sinaloa,Total,De 5 a 14 años,25,7.9050430684564
2009,Sinaloa,Total,De 5 a 14 años,25,8.102679891208
2007,Sinaloa,Total,De 5 a 14 años,25,8.4768862316718
2019,Sinaloa,Total,De 15 a 17 años,25,13.309757740459398
2017,Sinaloa,Total,De 15 a 17 años,25,16.676419290880098
2015,Sinaloa,Total,De 15 a 17 años,25,15.6192139737991
2013,Sinaloa,Total,De 15 a 17 años,25,18.2300335086435
2011,Sinaloa,Total,De 15 a 17 años,25,22.679422516311103
2009,Sinaloa,Total,De 15 a 17 años,25,27.8032216110079
2007,Sinaloa,Total,De 15 a 17 años,25,28.7696459269613
2019,Sinaloa,Hombres,Total,25,
2017,Sinaloa,Hombres,Total,25,
2015,Sinaloa,Hombres,Total,25,
2013,Sinaloa,Hombres,Total,25,
2011,Sinaloa,Hombres,Total,25,
2009,Sinaloa,Hombres,Total,25,
2007,Sinaloa,Hombres,Total,25,
2019,Sinaloa,Hombres,De 5 a 14 años,25,
2017,Sinaloa,Hombres,De 5 a 14 años,25,
2015,Sinaloa,Hombres,De 5 a 14 años,25,
2013,Sinaloa,Hombres,De 5 a 14 años,25,
2011,Sinaloa,Hombres,De 5 a 14 años,25,
2009,Sinaloa,Hombres,De 5 a 14 años,25,
2007,Sinaloa,Hombres,De 5 a 14 años,25,
2019,Sinaloa,Hombres,De 15 a 17 años,25,
2017,Sinaloa,Hombres,De 15 a 17 años,25,
2015,Sinaloa,Hombres,De 15 a 17 años,25,
2013,Sinaloa,Hombres,De 15 a 17 años,25,
2011,Sinaloa,Hombres,De 15 a 17 años,25,
2009,Sinaloa,Hombres,De 15 a 17 años,25,
2007,Sinaloa,Hombres,De 15 a 17 años,25,
2019,Sinaloa,Mujeres,Total,25,
2017,Sinaloa,Mujeres,Total,25,
2015,Sinaloa,Mujeres,Total,25,
2013,Sinaloa,Mujeres,Total,25,
2011,Sinaloa,Mujeres,Total,25,
2009,Sinaloa,Mujeres,Total,25,
2007,Sinaloa,Mujeres,Total,25,
2019,Sinaloa,Mujeres,De 5 a 14 años,25,
2017,Sinaloa,Mujeres,De 5 a 14 años,25,
2015,Sinaloa,Mujeres,De 5 a 14 años,25,
2013,Sinaloa,Mujeres,De 5 a 14 años,25,
2011,Sinaloa,Mujeres,De 5 a 14 años,25,
2009,Sinaloa,Mujeres,De 5 a 14 años,25,
2007,Sinaloa,Mujeres,De 5 a 14 años,25,
2019,Sinaloa,Mujeres,De 15 a 17 años,25,
2017,Sinaloa,Mujeres,De 15 a 17 años,25,
2015,Sinaloa,Mujeres,De 15 a 17 años,25,
2013,Sinaloa,Mujeres,De 15 a 17 años,25,
2011,Sinaloa,Mujeres,De 15 a 17 años,25,
2009,Sinaloa,Mujeres,De 15 a 17 años,25,
2007,Sinaloa,Mujeres,De 15 a 17 años,25,
2019,Sonora,Total,Total,26,4.672965923166
2017,Sonora,Total,Total,26,6.637130740195599
2015,Sonora,Total,Total,26,6.8548880856649
2013,Sonora,Total,Total,26,6.146718060036
2011,Sonora,Total,Total,26,5.868633520991399
2009,Sonora,Total,Total,26,6.2374851241618
2007,Sonora,Total,Total,26,5.7671633799557
2019,Sonora,Total,De 5 a 14 años,26,2.4471716063775
2017,Sonora,Total,De 5 a 14 años,26,3.0360935011399
2015,Sonora,Total,De 5 a 14 años,26,3.1280075122054
2013,Sonora,Total,De 5 a 14 años,26,2.4888054285174
2011,Sonora,Total,De 5 a 14 años,26,3.0181344222525
2009,Sonora,Total,De 5 a 14 años,26,3.383151947698801
2007,Sonora,Total,De 5 a 14 años,26,3.1390399093222
2019,Sonora,Total,De 15 a 17 años,26,11.4678416568296
2017,Sonora,Total,De 15 a 17 años,26,17.2503652910248
2015,Sonora,Total,De 15 a 17 años,26,17.432775409319397
2013,Sonora,Total,De 15 a 17 años,26,17.965874278657797
2011,Sonora,Total,De 15 a 17 años,26,15.4413485562478
2009,Sonora,Total,De 15 a 17 años,26,15.6686083825893
2007,Sonora,Total,De 15 a 17 años,26,15.0806523143983
2019,Sonora,Hombres,Total,26,
2017,Sonora,Hombres,Total,26,
2015,Sonora,Hombres,Total,26,
2013,Sonora,Hombres,Total,26,
2011,Sonora,Hombres,Total,26,
2009,Sonora,Hombres,Total,26,
2007,Sonora,Hombres,Total,26,
2019,Sonora,Hombres,De 5 a 14 años,26,
2017,Sonora,Hombres,De 5 a 14 años,26,
2015,Sonora,Hombres,De 5 a 14 años,26,
2013,Sonora,Hombres,De 5 a 14 años,26,
2011,Sonora,Hombres,De 5 a 14 años,26,
2009,Sonora,Hombres,De 5 a 14 años,26,
2007,Sonora,Hombres,De 5 a 14 años,26,
2019,Sonora,Hombres,De 15 a 17 años,26,
2017,Sonora,Hombres,De 15 a 17 años,26,
2015,Sonora,Hombres,De 15 a 17 años,26,
2013,Sonora,Hombres,De 15 a 17 años,26,
2011,Sonora,Hombres,De 15 a 17 años,26,
2009,Sonora,Hombres,De 15 a 17 años,26,
2007,Sonora,Hombres,De 15 a 17 años,26,
2019,Sonora,Mujeres,Total,26,
2017,Sonora,Mujeres,Total,26,
2015,Sonora,Mujeres,Total,26,
2013,Sonora,Mujeres,Total,26,
2011,Sonora,Mujeres,Total,26,
2009,Sonora,Mujeres,Total,26,
2007,Sonora,Mujeres,Total,26,
2019,Sonora,Mujeres,De 5 a 14 años,26,
2017,Sonora,Mujeres,De 5 a 14 años,26,
2015,Sonora,Mujeres,De 5 a 14 años,26,
2013,Sonora,Mujeres,De 5 a 14 años,26,
2011,Sonora,Mujeres,De 5 a 14 años,26,
2009,Sonora,Mujeres,De 5 a 14 años,26,
2007,Sonora,Mujeres,De 5 a 14 años,26,
2019,Sonora,Mujeres,De 15 a 17 años,26,
2017,Sonora,Mujeres,De 15 a 17 años,26,
2015,Sonora,Mujeres,De 15 a 17 años,26,
2013,Sonora,Mujeres,De 15 a 17 años,26,
2011,Sonora,Mujeres,De 15 a 17 años,26,
2009,Sonora,Mujeres,De 15 a 17 años,26,
2007,Sonora,Mujeres,De 15 a 17 años,26,
2019,Tabasco,Total,Total,27,7.032257635592399
2017,Tabasco,Total,Total,27,5.3456650720261
2015,Tabasco,Total,Total,27,7.856974517113099
2013,Tabasco,Total,Total,27,10.2348521720056
2011,Tabasco,Total,Total,27,9.5416881786866
2009,Tabasco,Total,Total,27,10.5279692100199
2007,Tabasco,Total,Total,27,15.9940113986097
2019,Tabasco,Total,De 5 a 14 años,27,4.1998540832934
2017,Tabasco,Total,De 5 a 14 años,27,2.9768864302667004
2015,Tabasco,Total,De 5 a 14 años,27,4.821454511275
2013,Tabasco,Total,De 5 a 14 años,27,6.2530161540063
2011,Tabasco,Total,De 5 a 14 años,27,6.3645345952077
2009,Tabasco,Total,De 5 a 14 años,27,6.1046549514521
2007,Tabasco,Total,De 5 a 14 años,27,13.757605941837602
2019,Tabasco,Total,De 15 a 17 años,27,16.5149084392028
2017,Tabasco,Total,De 15 a 17 años,27,13.0889903023388
2015,Tabasco,Total,De 15 a 17 años,27,18.4292367900243
2013,Tabasco,Total,De 15 a 17 años,27,22.1359382583552
2011,Tabasco,Total,De 15 a 17 años,27,19.8323801869937
2009,Tabasco,Total,De 15 a 17 años,27,24.3225850155805
2007,Tabasco,Total,De 15 a 17 años,27,22.878435398182894
2019,Tabasco,Hombres,Total,27,
2017,Tabasco,Hombres,Total,27,
2015,Tabasco,Hombres,Total,27,
2013,Tabasco,Hombres,Total,27,
2011,Tabasco,Hombres,Total,27,
2009,Tabasco,Hombres,Total,27,
2007,Tabasco,Hombres,Total,27,
2019,Tabasco,Hombres,De 5 a 14 años,27,
2017,Tabasco,Hombres,De 5 a 14 años,27,
2015,Tabasco,Hombres,De 5 a 14 años,27,
2013,Tabasco,Hombres,De 5 a 14 años,27,
2011,Tabasco,Hombres,De 5 a 14 años,27,
2009,Tabasco,Hombres,De 5 a 14 años,27,
2007,Tabasco,Hombres,De 5 a 14 años,27,
2019,Tabasco,Hombres,De 15 a 17 años,27,
2017,Tabasco,Hombres,De 15 a 17 años,27,
2015,Tabasco,Hombres,De 15 a 17 años,27,
2013,Tabasco,Hombres,De 15 a 17 años,27,
2011,Tabasco,Hombres,De 15 a 17 años,27,
2009,Tabasco,Hombres,De 15 a 17 años,27,
2007,Tabasco,Hombres,De 15 a 17 años,27,
2019,Tabasco,Mujeres,Total,27,
2017,Tabasco,Mujeres,Total,27,
2015,Tabasco,Mujeres,Total,27,
2013,Tabasco,Mujeres,Total,27,
2011,Tabasco,Mujeres,Total,27,
2009,Tabasco,Mujeres,Total,27,
2007,Tabasco,Mujeres,Total,27,
2019,Tabasco,Mujeres,De 5 a 14 años,27,
2017,Tabasco,Mujeres,De 5 a 14 años,27,
2015,Tabasco,Mujeres,De 5 a 14 años,27,
2013,Tabasco,Mujeres,De 5 a 14 años,27,
2011,Tabasco,Mujeres,De 5 a 14 años,27,
2009,Tabasco,Mujeres,De 5 a 14 años,27,
2007,Tabasco,Mujeres,De 5 a 14 años,27,
2019,Tabasco,Mujeres,De 15 a 17 años,27,
2017,Tabasco,Mujeres,De 15 a 17 años,27,
2015,Tabasco,Mujeres,De 15 a 17 años,27,
2013,Tabasco,Mujeres,De 15 a 17 años,27,
2011,Tabasco,Mujeres,De 15 a 17 años,27,
2009,Tabasco,Mujeres,De 15 a 17 años,27,
2007,Tabasco,Mujeres,De 15 a 17 años,27,
2019,Tamaulipas,Total,Total,28,4.3781870186503
2017,Tamaulipas,Total,Total,28,6.5441849197632
2015,Tamaulipas,Total,Total,28,4.0196341791008
2013,Tamaulipas,Total,Total,28,6.3411069855882
2011,Tamaulipas,Total,Total,28,8.1176602308917
2009,Tamaulipas,Total,Total,28,8.1525525974907
2007,Tamaulipas,Total,Total,28,9.8078352216361
2019,Tamaulipas,Total,De 5 a 14 años,28,1.6907292195340995
2017,Tamaulipas,Total,De 5 a 14 años,28,2.242736609497
2015,Tamaulipas,Total,De 5 a 14 años,28,1.8377682877499
2013,Tamaulipas,Total,De 5 a 14 años,28,4.0724977525194
2011,Tamaulipas,Total,De 5 a 14 años,28,5.5857683035809
2009,Tamaulipas,Total,De 5 a 14 años,28,5.1371399538828
2007,Tamaulipas,Total,De 5 a 14 años,28,6.1960664366107
2019,Tamaulipas,Total,De 15 a 17 años,28,12.8834295924893
2017,Tamaulipas,Total,De 15 a 17 años,28,19.400065669121403
2015,Tamaulipas,Total,De 15 a 17 años,28,11.7134946785553
2013,Tamaulipas,Total,De 15 a 17 años,28,14.090972542871604
2011,Tamaulipas,Total,De 15 a 17 años,28,16.3261967460539
2009,Tamaulipas,Total,De 15 a 17 años,28,17.0954476120711
2007,Tamaulipas,Total,De 15 a 17 años,28,22.8219593636106
2019,Tamaulipas,Hombres,Total,28,
2017,Tamaulipas,Hombres,Total,28,
2015,Tamaulipas,Hombres,Total,28,
2013,Tamaulipas,Hombres,Total,28,
2011,Tamaulipas,Hombres,Total,28,
2009,Tamaulipas,Hombres,Total,28,
2007,Tamaulipas,Hombres,Total,28,
2019,Tamaulipas,Hombres,De 5 a 14 años,28,
2017,Tamaulipas,Hombres,De 5 a 14 años,28,
2015,Tamaulipas,Hombres,De 5 a 14 años,28,
2013,Tamaulipas,Hombres,De 5 a 14 años,28,
2011,Tamaulipas,Hombres,De 5 a 14 años,28,
2009,Tamaulipas,Hombres,De 5 a 14 años,28,
2007,Tamaulipas,Hombres,De 5 a 14 años,28,
2019,Tamaulipas,Hombres,De 15 a 17 años,28,
2017,Tamaulipas,Hombres,De 15 a 17 años,28,
2015,Tamaulipas,Hombres,De 15 a 17 años,28,
2013,Tamaulipas,Hombres,De 15 a 17 años,28,
2011,Tamaulipas,Hombres,De 15 a 17 años,28,
2009,Tamaulipas,Hombres,De 15 a 17 años,28,
2007,Tamaulipas,Hombres,De 15 a 17 años,28,
2019,Tamaulipas,Mujeres,Total,28,
2017,Tamaulipas,Mujeres,Total,28,
2015,Tamaulipas,Mujeres,Total,28,
2013,Tamaulipas,Mujeres,Total,28,
2011,Tamaulipas,Mujeres,Total,28,
2009,Tamaulipas,Mujeres,Total,28,
2007,Tamaulipas,Mujeres,Total,28,
2019,Tamaulipas,Mujeres,De 5 a 14 años,28,
2017,Tamaulipas,Mujeres,De 5 a 14 años,28,
2015,Tamaulipas,Mujeres,De 5 a 14 años,28,
2013,Tamaulipas,Mujeres,De 5 a 14 años,28,
2011,Tamaulipas,Mujeres,De 5 a 14 años,28,
2009,Tamaulipas,Mujeres,De 5 a 14 años,28,
2007,Tamaulipas,Mujeres,De 5 a 14 años,28,
2019,Tamaulipas,Mujeres,De 15 a 17 años,28,
2017,Tamaulipas,Mujeres,De 15 a 17 años,28,
2015,Tamaulipas,Mujeres,De 15 a 17 años,28,
2013,Tamaulipas,Mujeres,De 15 a 17 años,28,
2011,Tamaulipas,Mujeres,De 15 a 17 años,28,
2009,Tamaulipas,Mujeres,De 15 a 17 años,28,
2007,Tamaulipas,Mujeres,De 15 a 17 años,28,
2019,Tlaxcala,Total,Total,29,9.2230688500972
2017,Tlaxcala,Total,Total,29,6.8677997654824
2015,Tlaxcala,Total,Total,29,7.8735989943734
2013,Tlaxcala,Total,Total,29,7.2434516040914
2011,Tlaxcala,Total,Total,29,8.8803443680203
2009,Tlaxcala,Total,Total,29,8.8744136290139
2007,Tlaxcala,Total,Total,29,10.297440456347
2019,Tlaxcala,Total,De 5 a 14 años,29,5.436205436205401
2017,Tlaxcala,Total,De 5 a 14 años,29,2.6486158948846
2015,Tlaxcala,Total,De 5 a 14 años,29,4.2042450101525
2013,Tlaxcala,Total,De 5 a 14 años,29,3.9963767835438
2011,Tlaxcala,Total,De 5 a 14 años,29,4.7471763821912
2009,Tlaxcala,Total,De 5 a 14 años,29,4.8291110305362
2007,Tlaxcala,Total,De 5 a 14 años,29,6.152863962784299
2019,Tlaxcala,Total,De 15 a 17 años,29,21.630880771222603
2017,Tlaxcala,Total,De 15 a 17 años,29,20.0902003897856
2015,Tlaxcala,Total,De 15 a 17 años,29,20.4826831741288
2013,Tlaxcala,Total,De 15 a 17 años,29,19.0353688708952
2011,Tlaxcala,Total,De 15 a 17 años,29,22.7690499091589
2009,Tlaxcala,Total,De 15 a 17 años,29,23.215133987202098
2007,Tlaxcala,Total,De 15 a 17 años,29,23.356738333803104
2019,Tlaxcala,Hombres,Total,29,
2017,Tlaxcala,Hombres,Total,29,
2015,Tlaxcala,Hombres,Total,29,
2013,Tlaxcala,Hombres,Total,29,
2011,Tlaxcala,Hombres,Total,29,
2009,Tlaxcala,Hombres,Total,29,
2007,Tlaxcala,Hombres,Total,29,
2019,Tlaxcala,Hombres,De 5 a 14 años,29,
2017,Tlaxcala,Hombres,De 5 a 14 años,29,
2015,Tlaxcala,Hombres,De 5 a 14 años,29,
2013,Tlaxcala,Hombres,De 5 a 14 años,29,
2011,Tlaxcala,Hombres,De 5 a 14 años,29,
2009,Tlaxcala,Hombres,De 5 a 14 años,29,
2007,Tlaxcala,Hombres,De 5 a 14 años,29,
2019,Tlaxcala,Hombres,De 15 a 17 años,29,
2017,Tlaxcala,Hombres,De 15 a 17 años,29,
2015,Tlaxcala,Hombres,De 15 a 17 años,29,
2013,Tlaxcala,Hombres,De 15 a 17 años,29,
2011,Tlaxcala,Hombres,De 15 a 17 años,29,
2009,Tlaxcala,Hombres,De 15 a 17 años,29,
2007,Tlaxcala,Hombres,De 15 a 17 años,29,
2019,Tlaxcala,Mujeres,Total,29,
2017,Tlaxcala,Mujeres,Total,29,
2015,Tlaxcala,Mujeres,Total,29,
2013,Tlaxcala,Mujeres,Total,29,
2011,Tlaxcala,Mujeres,Total,29,
2009,Tlaxcala,Mujeres,Total,29,
2007,Tlaxcala,Mujeres,Total,29,
2019,Tlaxcala,Mujeres,De 5 a 14 años,29,
2017,Tlaxcala,Mujeres,De 5 a 14 años,29,
2015,Tlaxcala,Mujeres,De 5 a 14 años,29,
2013,Tlaxcala,Mujeres,De 5 a 14 años,29,
2011,Tlaxcala,Mujeres,De 5 a 14 años,29,
2009,Tlaxcala,Mujeres,De 5 a 14 años,29,
2007,Tlaxcala,Mujeres,De 5 a 14 años,29,
2019,Tlaxcala,Mujeres,De 15 a 17 años,29,
2017,Tlaxcala,Mujeres,De 15 a 17 años,29,
2015,Tlaxcala,Mujeres,De 15 a 17 años,29,
2013,Tlaxcala,Mujeres,De 15 a 17 años,29,
2011,Tlaxcala,Mujeres,De 15 a 17 años,29,
2009,Tlaxcala,Mujeres,De 15 a 17 años,29,
2007,Tlaxcala,Mujeres,De 15 a 17 años,29,
2019,Veracruz de Ignacio de la Llave,Total,Total,30,8.0950348320605
2017,Veracruz de Ignacio de la Llave,Total,Total,30,5.8408980204041
2015,Veracruz de Ignacio de la Llave,Total,Total,30,5.1948978087962
2013,Veracruz de Ignacio de la Llave,Total,Total,30,6.2853527816416
2011,Veracruz de Ignacio de la Llave,Total,Total,30,6.753369488454699
2009,Veracruz de Ignacio de la Llave,Total,Total,30,10.3961763269189
2007,Veracruz de Ignacio de la Llave,Total,Total,30,10.536177268394098
2019,Veracruz de Ignacio de la Llave,Total,De 5 a 14 años,30,4.0841563205937
2017,Veracruz de Ignacio de la Llave,Total,De 5 a 14 años,30,2.9782147297337
2015,Veracruz de Ignacio de la Llave,Total,De 5 a 14 años,30,1.9301688809966
2013,Veracruz de Ignacio de la Llave,Total,De 5 a 14 años,30,3.5054075532981
2011,Veracruz de Ignacio de la Llave,Total,De 5 a 14 años,30,2.9027507788812
2009,Veracruz de Ignacio de la Llave,Total,De 5 a 14 años,30,6.580804709641401
2007,Veracruz de Ignacio de la Llave,Total,De 5 a 14 años,30,5.3235544096866
2019,Veracruz de Ignacio de la Llave,Total,De 15 a 17 años,30,20.0787323649399
2017,Veracruz de Ignacio de la Llave,Total,De 15 a 17 años,30,15.618365119352996
2015,Veracruz de Ignacio de la Llave,Total,De 15 a 17 años,30,15.0949063078453
2013,Veracruz de Ignacio de la Llave,Total,De 15 a 17 años,30,16.0542286129253
2011,Veracruz de Ignacio de la Llave,Total,De 15 a 17 años,30,19.367561033713
2009,Veracruz de Ignacio de la Llave,Total,De 15 a 17 años,30,22.7111523862354
2007,Veracruz de Ignacio de la Llave,Total,De 15 a 17 años,30,27.0841748080413
2019,Veracruz de Ignacio de la Llave,Hombres,Total,30,
2017,Veracruz de Ignacio de la Llave,Hombres,Total,30,
2015,Veracruz de Ignacio de la Llave,Hombres,Total,30,
2013,Veracruz de Ignacio de la Llave,Hombres,Total,30,
2011,Veracruz de Ignacio de la Llave,Hombres,Total,30,
2009,Veracruz de Ignacio de la Llave,Hombres,Total,30,
2007,Veracruz de Ignacio de la Llave,Hombres,Total,30,
2019,Veracruz de Ignacio de la Llave,Hombres,De 5 a 14 años,30,
2017,Veracruz de Ignacio de la Llave,Hombres,De 5 a 14 años,30,
2015,Veracruz de Ignacio de la Llave,Hombres,De 5 a 14 años,30,
2013,Veracruz de Ignacio de la Llave,Hombres,De 5 a 14 años,30,
2011,Veracruz de Ignacio de la Llave,Hombres,De 5 a 14 años,30,
2009,Veracruz de Ignacio de la Llave,Hombres,De 5 a 14 años,30,
2007,Veracruz de Ignacio de la Llave,Hombres,De 5 a 14 años,30,
2019,Veracruz de Ignacio de la Llave,Hombres,De 15 a 17 años,30,
2017,Veracruz de Ignacio de la Llave,Hombres,De 15 a 17 años,30,
2015,Veracruz de Ignacio de la Llave,Hombres,De 15 a 17 años,30,
2013,Veracruz de Ignacio de la Llave,Hombres,De 15 a 17 años,30,
2011,Veracruz de Ignacio de la Llave,Hombres,De 15 a 17 años,30,
2009,Veracruz de Ignacio de la Llave,Hombres,De 15 a 17 años,30,
2007,Veracruz de Ignacio de la Llave,Hombres,De 15 a 17 años,30,
2019,Veracruz de Ignacio de la Llave,Mujeres,Total,30,
2017,Veracruz de Ignacio de la Llave,Mujeres,Total,30,
2015,Veracruz de Ignacio de la Llave,Mujeres,Total,30,
2013,Veracruz de Ignacio de la Llave,Mujeres,Total,30,
2011,Veracruz de Ignacio de la Llave,Mujeres,Total,30,
2009,Veracruz de Ignacio de la Llave,Mujeres,Total,30,
2007,Veracruz de Ignacio de la Llave,Mujeres,Total,30,
2019,Veracruz de Ignacio de la Llave,Mujeres,De 5 a 14 años,30,
2017,Veracruz de Ignacio de la Llave,Mujeres,De 5 a 14 años,30,
2015,Veracruz de Ignacio de la Llave,Mujeres,De 5 a 14 años,30,
2013,Veracruz de Ignacio de la Llave,Mujeres,De 5 a 14 años,30,
2011,Veracruz de Ignacio de la Llave,Mujeres,De 5 a 14 años,30,
2009,Veracruz de Ignacio de la Llave,Mujeres,De 5 a 14 años,30,
2007,Veracruz de Ignacio de la Llave,Mujeres,De 5 a 14 años,30,
2019,Veracruz de Ignacio de la Llave,Mujeres,De 15 a 17 años,30,
2017,Veracruz de Ignacio de la Llave,Mujeres,De 15 a 17 años,30,
2015,Veracruz de Ignacio de la Llave,Mujeres,De 15 a 17 años,30,
2013,Veracruz de Ignacio de la Llave,Mujeres,De 15 a 17 años,30,
2011,Veracruz de Ignacio de la Llave,Mujeres,De 15 a 17 años,30,
2009,Veracruz de Ignacio de la Llave,Mujeres,De 15 a 17 años,30,
2007,Veracruz de Ignacio de la Llave,Mujeres,De 15 a 17 años,30,
2019,Yucatán,Total,Total,31,6.898060627747
2017,Yucatán,Total,Total,31,7.2541113949504
2015,Yucatán,Total,Total,31,8.0133789291995
2013,Yucatán,Total,Total,31,7.168213645986
2011,Yucatán,Total,Total,31,9.5510956082515
2009,Yucatán,Total,Total,31,11.253836865917
2007,Yucatán,Total,Total,31,12.1297183578411
2019,Yucatán,Total,De 5 a 14 años,31,3.4810306742878
2017,Yucatán,Total,De 5 a 14 años,31,3.1065722375025
2015,Yucatán,Total,De 5 a 14 años,31,3.9891130288994
2013,Yucatán,Total,De 5 a 14 años,31,4.1080987102757
2011,Yucatán,Total,De 5 a 14 años,31,4.5360992917443
2009,Yucatán,Total,De 5 a 14 años,31,5.8927497828943
2007,Yucatán,Total,De 5 a 14 años,31,6.8970957146921
2019,Yucatán,Total,De 15 a 17 años,31,17.5580992638244
2017,Yucatán,Total,De 15 a 17 años,31,20.5093325986638
2015,Yucatán,Total,De 15 a 17 años,31,20.3485307682172
2013,Yucatán,Total,De 15 a 17 años,31,17.5714643931795
2011,Yucatán,Total,De 15 a 17 años,31,25.5543987506507
2009,Yucatán,Total,De 15 a 17 años,31,27.05245457901
2007,Yucatán,Total,De 15 a 17 años,31,29.6810347071019
2019,Yucatán,Hombres,Total,31,
2017,Yucatán,Hombres,Total,31,
2015,Yucatán,Hombres,Total,31,
2013,Yucatán,Hombres,Total,31,
2011,Yucatán,Hombres,Total,31,
2009,Yucatán,Hombres,Total,31,
2007,Yucatán,Hombres,Total,31,
2019,Yucatán,Hombres,De 5 a 14 años,31,
2017,Yucatán,Hombres,De 5 a 14 años,31,
2015,Yucatán,Hombres,De 5 a 14 años,31,
2013,Yucatán,Hombres,De 5 a 14 años,31,
2011,Yucatán,Hombres,De 5 a 14 años,31,
2009,Yucatán,Hombres,De 5 a 14 años,31,
2007,Yucatán,Hombres,De 5 a 14 años,31,
2019,Yucatán,Hombres,De 15 a 17 años,31,
2017,Yucatán,Hombres,De 15 a 17 años,31,
2015,Yucatán,Hombres,De 15 a 17 años,31,
2013,Yucatán,Hombres,De 15 a 17 años,31,
2011,Yucatán,Hombres,De 15 a 17 años,31,
2009,Yucatán,Hombres,De 15 a 17 años,31,
2007,Yucatán,Hombres,De 15 a 17 años,31,
2019,Yucatán,Mujeres,Total,31,
2017,Yucatán,Mujeres,Total,31,
2015,Yucatán,Mujeres,Total,31,
2013,Yucatán,Mujeres,Total,31,
2011,Yucatán,Mujeres,Total,31,
2009,Yucatán,Mujeres,Total,31,
2007,Yucatán,Mujeres,Total,31,
2019,Yucatán,Mujeres,De 5 a 14 años,31,
2017,Yucatán,Mujeres,De 5 a 14 años,31,
2015,Yucatán,Mujeres,De 5 a 14 años,31,
2013,Yucatán,Mujeres,De 5 a 14 años,31,
2011,Yucatán,Mujeres,De 5 a 14 años,31,
2009,Yucatán,Mujeres,De 5 a 14 años,31,
2007,Yucatán,Mujeres,De 5 a 14 años,31,
2019,Yucatán,Mujeres,De 15 a 17 años,31,
2017,Yucatán,Mujeres,De 15 a 17 años,31,
2015,Yucatán,Mujeres,De 15 a 17 años,31,
2013,Yucatán,Mujeres,De 15 a 17 años,31,
2011,Yucatán,Mujeres,De 15 a 17 años,31,
2009,Yucatán,Mujeres,De 15 a 17 años,31,
2007,Yucatán,Mujeres,De 15 a 17 años,31,
2019,Zacatecas,Total,Total,32,7.890610622400499
2017,Zacatecas,Total,Total,32,11.9412278351641
2015,Zacatecas,Total,Total,32,11.1707791192904
2013,Zacatecas,Total,Total,32,11.3563253869118
2011,Zacatecas,Total,Total,32,12.6714630934204
2009,Zacatecas,Total,Total,32,15.2712135893532
2007,Zacatecas,Total,Total,32,16.6526181323443
2019,Zacatecas,Total,De 5 a 14 años,32,3.8841392431999
2017,Zacatecas,Total,De 5 a 14 años,32,6.4088867818537
2015,Zacatecas,Total,De 5 a 14 años,32,7.1184366563218
2013,Zacatecas,Total,De 5 a 14 años,32,7.1939727011939
2011,Zacatecas,Total,De 5 a 14 años,32,8.2190876409984
2009,Zacatecas,Total,De 5 a 14 años,32,10.6193885963944
2007,Zacatecas,Total,De 5 a 14 años,32,10.9043526953975
2019,Zacatecas,Total,De 15 a 17 años,32,22.4428556814694
2017,Zacatecas,Total,De 15 a 17 años,32,29.846667997856105
2015,Zacatecas,Total,De 15 a 17 años,32,25.0724919934216
2013,Zacatecas,Total,De 15 a 17 años,32,25.9771916079046
2011,Zacatecas,Total,De 15 a 17 años,32,26.543247968733898
2009,Zacatecas,Total,De 15 a 17 años,32,30.1262516325642
2007,Zacatecas,Total,De 15 a 17 años,32,36.0851656924133
2019,Zacatecas,Hombres,Total,32,
2017,Zacatecas,Hombres,Total,32,
2015,Zacatecas,Hombres,Total,32,
2013,Zacatecas,Hombres,Total,32,
2011,Zacatecas,Hombres,Total,32,
2009,Zacatecas,Hombres,Total,32,
2007,Zacatecas,Hombres,Total,32,
2019,Zacatecas,Hombres,De 5 a 14 años,32,
2017,Zacatecas,Hombres,De 5 a 14 años,32,
2015,Zacatecas,Hombres,De 5 a 14 años,32,
2013,Zacatecas,Hombres,De 5 a 14 años,32,
2011,Zacatecas,Hombres,De 5 a 14 años,32,
2009,Zacatecas,Hombres,De 5 a 14 años,32,
2007,Zacatecas,Hombres,De 5 a 14 años,32,
2019,Zacatecas,Hombres,De 15 a 17 años,32,
2017,Zacatecas,Hombres,De 15 a 17 años,32,
2015,Zacatecas,Hombres,De 15 a 17 años,32,
2013,Zacatecas,Hombres,De 15 a 17 años,32,
2011,Zacatecas,Hombres,De 15 a 17 años,32,
2009,Zacatecas,Hombres,De 15 a 17 años,32,
2007,Zacatecas,Hombres,De 15 a 17 años,32,
2019,Zacatecas,Mujeres,Total,32,
2017,Zacatecas,Mujeres,Total,32,
2015,Zacatecas,Mujeres,Total,32,
2013,Zacatecas,Mujeres,Total,32,
2011,Zacatecas,Mujeres,Total,32,
2009,Zacatecas,Mujeres,Total,32,
2007,Zacatecas,Mujeres,Total,32,
2019,Zacatecas,Mujeres,De 5 a 14 años,32,
2017,Zacatecas,Mujeres,De 5 a 14 años,32,
2015,Zacatecas,Mujeres,De 5 a 14 años,32,
2013,Zacatecas,Mujeres,De 5 a 14 años,32,
2011,Zacatecas,Mujeres,De 5 a 14 años,32,
2009,Zacatecas,Mujeres,De 5 a 14 años,32,
2007,Zacatecas,Mujeres,De 5 a 14 años,32,
2019,Zacatecas,Mujeres,De 15 a 17 años,32,
2017,Zacatecas,Mujeres,De 15 a 17 años,32,
2015,Zacatecas,Mujeres,De 15 a 17 años,32,
2013,Zacatecas,Mujeres,De 15 a 17 años,32,
2011,Zacatecas,Mujeres,De 15 a 17 años,32,
2009,Zacatecas,Mujeres,De 15 a 17 años,32,
2007,Zacatecas,Mujeres,De 15 a 17 años,32,
