Year,Entidad federativa,Sexo,GeoCode,Value
2021,Estados Unidos Mexicanos,Total,0,24.20726594999997
2020,Estados Unidos Mexicanos,Total,0,23.519720109999984
2019,Estados Unidos Mexicanos,Total,0,24.849040989997743
2018,Estados Unidos Mexicanos,Total,0,28.26856996034715
2017,Estados Unidos Mexicanos,Total,0,29.74616351344445
2016,Estados Unidos Mexicanos,Total,0,28.788280782982515
2015,Estados Unidos Mexicanos,Total,0,28.201782480658032
2014,Estados Unidos Mexicanos,Total,0,28.200305307555485
2013,Estados Unidos Mexicanos,Total,0,28.223984686096145
2012,Estados Unidos Mexicanos,Total,0,27.337448462293164
2011,Estados Unidos Mexicanos,Total,0,24.31683405669582
2010,Estados Unidos Mexicanos,Total,0,23.99337005982867
2021,Estados Unidos Mexicanos,Hombres,0,25.253418729999943
2020,Estados Unidos Mexicanos,Hombres,0,25.120509429999974
2019,Estados Unidos Mexicanos,Hombres,0,26.440380681698112
2018,Estados Unidos Mexicanos,Hombres,0,29.650279485701372
2017,Estados Unidos Mexicanos,Hombres,0,31.419399609378644
2016,Estados Unidos Mexicanos,Hombres,0,30.124198886846347
2015,Estados Unidos Mexicanos,Hombres,0,30.180656966811483
2014,Estados Unidos Mexicanos,Hombres,0,29.43038235221151
2013,Estados Unidos Mexicanos,Hombres,0,30.284795226168143
2012,Estados Unidos Mexicanos,Hombres,0,29.56035328986478
2011,Estados Unidos Mexicanos,Hombres,0,25.867857063246863
2010,Estados Unidos Mexicanos,Hombres,0,26.682097276338624
2021,Estados Unidos Mexicanos,Mujeres,0,23.309100259999955
2020,Estados Unidos Mexicanos,Mujeres,0,22.128920499999985
2019,Estados Unidos Mexicanos,Mujeres,0,23.47118998043545
2018,Estados Unidos Mexicanos,Mujeres,0,27.04461045771362
2017,Estados Unidos Mexicanos,Mujeres,0,28.27952835181815
2016,Estados Unidos Mexicanos,Mujeres,0,27.60915427646432
2015,Estados Unidos Mexicanos,Mujeres,0,26.467100255226832
2014,Estados Unidos Mexicanos,Mujeres,0,27.129643445820847
2013,Estados Unidos Mexicanos,Mujeres,0,26.432083867260637
2012,Estados Unidos Mexicanos,Mujeres,0,25.37069817894337
2011,Estados Unidos Mexicanos,Mujeres,0,22.98226080969029
2010,Estados Unidos Mexicanos,Mujeres,0,21.54783602558614
2021,Aguascalientes,Total,1,27.29457779999996
2020,Aguascalientes,Total,1,26.875646190000083
2019,Aguascalientes,Total,1,33.24630308072164
2018,Aguascalientes,Total,1,31.61762582015578
2017,Aguascalientes,Total,1,33.8755088560497
2016,Aguascalientes,Total,1,32.60189465987288
2015,Aguascalientes,Total,1,30.72086827496957
2014,Aguascalientes,Total,1,33.375787395860584
2013,Aguascalientes,Total,1,26.78448166820261
2012,Aguascalientes,Total,1,27.224927160032752
2011,Aguascalientes,Total,1,25.668097579828544
2010,Aguascalientes,Total,1,36.284805101892736
2021,Aguascalientes,Hombres,1,29.712574449999945
2020,Aguascalientes,Hombres,1,29.21303613000006
2019,Aguascalientes,Hombres,1,34.57065190124559
2018,Aguascalientes,Hombres,1,30.060780526731858
2017,Aguascalientes,Hombres,1,37.403707853166445
2016,Aguascalientes,Hombres,1,34.865288951070745
2015,Aguascalientes,Hombres,1,33.471967889078776
2014,Aguascalientes,Hombres,1,34.78933670957303
2013,Aguascalientes,Hombres,1,28.95847102612382
2012,Aguascalientes,Hombres,1,28.929067450333143
2011,Aguascalientes,Hombres,1,26.305475164849245
2010,Aguascalientes,Hombres,1,38.69909322303526
2021,Aguascalientes,Mujeres,1,25.42359296999997
2020,Aguascalientes,Mujeres,1,24.902854389999938
2019,Aguascalientes,Mujeres,1,32.082756465098456
2018,Aguascalientes,Mujeres,1,32.91132288477774
2017,Aguascalientes,Mujeres,1,30.916998912649458
2016,Aguascalientes,Mujeres,1,30.54318336470576
2015,Aguascalientes,Mujeres,1,28.326561734593245
2014,Aguascalientes,Mujeres,1,32.23278076012727
2013,Aguascalientes,Mujeres,1,24.73851219107258
2012,Aguascalientes,Mujeres,1,25.649981048759365
2011,Aguascalientes,Mujeres,1,25.105809109030663
2010,Aguascalientes,Mujeres,1,34.224833540574345
2021,Baja California,Total,2,27.20834286999993
2020,Baja California,Total,2,25.663809849999925
2019,Baja California,Total,2,30.12248446281726
2018,Baja California,Total,2,33.836399600045326
2017,Baja California,Total,2,36.57805865357486
2016,Baja California,Total,2,39.886139222354274
2015,Baja California,Total,2,30.78581254285834
2014,Baja California,Total,2,37.58313019906511
2013,Baja California,Total,2,39.50687629238198
2012,Baja California,Total,2,36.5794858093072
2011,Baja California,Total,2,30.549495524672142
2010,Baja California,Total,2,30.942775255967717
2021,Baja California,Hombres,2,26.770352840000072
2020,Baja California,Hombres,2,24.530128049999952
2019,Baja California,Hombres,2,29.580482627357444
2018,Baja California,Hombres,2,32.89694230504664
2017,Baja California,Hombres,2,36.1376161813314
2016,Baja California,Hombres,2,40.53563764012317
2015,Baja California,Hombres,2,29.85409385437882
2014,Baja California,Hombres,2,36.53188585385126
2013,Baja California,Hombres,2,41.48327540443186
2012,Baja California,Hombres,2,36.04550804965898
2011,Baja California,Hombres,2,30.3398130905548
2010,Baja California,Hombres,2,32.09681579902327
2021,Baja California,Mujeres,2,27.603385620000044
2020,Baja California,Mujeres,2,26.73960763000003
2019,Baja California,Mujeres,2,30.645042377629704
2018,Baja California,Mujeres,2,34.69513343051445
2017,Baja California,Mujeres,2,36.98494898215174
2016,Baja California,Mujeres,2,39.243530419600646
2015,Baja California,Mujeres,2,31.612180712830742
2014,Baja California,Mujeres,2,38.5497503626697
2013,Baja California,Mujeres,2,37.65490862944587
2012,Baja California,Mujeres,2,37.05877692952353
2011,Baja California,Mujeres,2,30.751313272587133
2010,Baja California,Mujeres,2,29.70111382587298
2021,Baja California Sur,Total,3,19.00289257000001
2020,Baja California Sur,Total,3,19.58043754
2019,Baja California Sur,Total,3,15.896145941613836
2018,Baja California Sur,Total,3,25.590850400303253
2017,Baja California Sur,Total,3,24.427425925131946
2016,Baja California Sur,Total,3,27.135486745377552
2015,Baja California Sur,Total,3,24.212308843854927
2014,Baja California Sur,Total,3,30.31003056090652
2013,Baja California Sur,Total,3,24.74581111191549
2012,Baja California Sur,Total,3,27.04339867009626
2011,Baja California Sur,Total,3,26.93898140553224
2010,Baja California Sur,Total,3,23.27988965517245
2021,Baja California Sur,Hombres,3,18.7808814
2020,Baja California Sur,Hombres,3,20.42208983999995
2019,Baja California Sur,Hombres,3,16.451489280849227
2018,Baja California Sur,Hombres,3,25.028822539385565
2017,Baja California Sur,Hombres,3,26.027926176051437
2016,Baja California Sur,Hombres,3,27.410522611296955
2015,Baja California Sur,Hombres,3,24.41384457099805
2014,Baja California Sur,Hombres,3,31.444895364566957
2013,Baja California Sur,Hombres,3,25.14984748196878
2012,Baja California Sur,Hombres,3,29.8265046847705
2011,Baja California Sur,Hombres,3,30.124065261726653
2010,Baja California Sur,Hombres,3,27.86392108002932
2021,Baja California Sur,Mujeres,3,19.22355719000003
2020,Baja California Sur,Mujeres,3,18.72665377000001
2019,Baja California Sur,Mujeres,3,15.356575176159872
2018,Baja California Sur,Mujeres,3,26.207152562791524
2017,Baja California Sur,Mujeres,3,22.897987797310623
2016,Baja California Sur,Mujeres,3,26.853326112464963
2015,Baja California Sur,Mujeres,3,24.00134998824448
2014,Baja California Sur,Mujeres,3,29.16369758427628
2013,Baja California Sur,Mujeres,3,24.328148835839748
2012,Baja California Sur,Mujeres,3,24.1590994186214
2011,Baja California Sur,Mujeres,3,24.06985879177323
2010,Baja California Sur,Mujeres,3,18.368904877926077
2021,Campeche,Total,4,16.891086670000035
2020,Campeche,Total,4,20.672306440000003
2019,Campeche,Total,4,16.858174319670766
2018,Campeche,Total,4,23.106119113137208
2017,Campeche,Total,4,22.665681125267387
2016,Campeche,Total,4,22.765963454732624
2015,Campeche,Total,4,19.469097587916472
2014,Campeche,Total,4,22.638949944557808
2013,Campeche,Total,4,23.709768898600064
2012,Campeche,Total,4,21.990915285782364
2011,Campeche,Total,4,17.190627947172572
2010,Campeche,Total,4,17.259912553052107
2021,Campeche,Hombres,4,17.370844459999965
2020,Campeche,Hombres,4,19.17104837000003
2019,Campeche,Hombres,4,17.002835131159163
2018,Campeche,Hombres,4,24.845163794905567
2017,Campeche,Hombres,4,25.28431160296984
2016,Campeche,Hombres,4,23.451627229964757
2015,Campeche,Hombres,4,21.847896231285496
2014,Campeche,Hombres,4,21.992113765978967
2013,Campeche,Hombres,4,25.215426057033262
2012,Campeche,Hombres,4,23.261087506564262
2011,Campeche,Hombres,4,19.14712929544139
2010,Campeche,Hombres,4,20.410793636520328
2021,Campeche,Mujeres,4,16.442028380000007
2020,Campeche,Mujeres,4,22.129650700000024
2019,Campeche,Mujeres,4,16.7259687008243
2018,Campeche,Mujeres,4,21.35190902929436
2017,Campeche,Mujeres,4,20.14136336153846
2016,Campeche,Mujeres,4,22.123062613416263
2015,Campeche,Mujeres,4,17.11328544404113
2014,Campeche,Mujeres,4,23.256388060658526
2013,Campeche,Mujeres,4,22.35010936738853
2012,Campeche,Mujeres,4,20.80015344532709
2011,Campeche,Mujeres,4,15.50796559437093
2010,Campeche,Mujeres,4,14.407389065648202
2021,Coahuila de Zaragoza,Total,5,20.07518686000002
2020,Coahuila de Zaragoza,Total,5,20.62708131999993
2019,Coahuila de Zaragoza,Total,5,17.455720387837797
2018,Coahuila de Zaragoza,Total,5,20.582382438459405
2017,Coahuila de Zaragoza,Total,5,20.978487589219363
2016,Coahuila de Zaragoza,Total,5,18.893072964913408
2015,Coahuila de Zaragoza,Total,5,21.501469248791143
2014,Coahuila de Zaragoza,Total,5,17.080371091626823
2013,Coahuila de Zaragoza,Total,5,24.039831462144356
2012,Coahuila de Zaragoza,Total,5,19.540295168550383
2011,Coahuila de Zaragoza,Total,5,22.9443393402994
2010,Coahuila de Zaragoza,Total,5,25.20319062558168
2021,Coahuila de Zaragoza,Hombres,5,18.92183907
2020,Coahuila de Zaragoza,Hombres,5,18.61284432999997
2019,Coahuila de Zaragoza,Hombres,5,17.81152367714772
2018,Coahuila de Zaragoza,Hombres,5,21.41209566761259
2017,Coahuila de Zaragoza,Hombres,5,23.770112530493403
2016,Coahuila de Zaragoza,Hombres,5,20.426819066315552
2015,Coahuila de Zaragoza,Hombres,5,22.458158656557316
2014,Coahuila de Zaragoza,Hombres,5,18.61649771175184
2013,Coahuila de Zaragoza,Hombres,5,24.9159050019615
2012,Coahuila de Zaragoza,Hombres,5,19.7830266380206
2011,Coahuila de Zaragoza,Hombres,5,23.74514819100656
2010,Coahuila de Zaragoza,Hombres,5,26.60333447789105
2021,Coahuila de Zaragoza,Mujeres,5,21.14677515999998
2020,Coahuila de Zaragoza,Mujeres,5,22.42437127999997
2019,Coahuila de Zaragoza,Mujeres,5,17.138037019684184
2018,Coahuila de Zaragoza,Mujeres,5,19.818313407108224
2017,Coahuila de Zaragoza,Mujeres,5,18.5423787474947
2016,Coahuila de Zaragoza,Mujeres,5,17.456701303091847
2015,Coahuila de Zaragoza,Mujeres,5,20.591650390576422
2014,Coahuila de Zaragoza,Mujeres,5,15.776478120684432
2013,Coahuila de Zaragoza,Mujeres,5,23.2804863511742
2012,Coahuila de Zaragoza,Mujeres,5,19.327996285936784
2011,Coahuila de Zaragoza,Mujeres,5,22.1327782784283
2010,Coahuila de Zaragoza,Mujeres,5,23.831141779804973
2021,Colima,Total,6,21.460463429999937
2020,Colima,Total,6,22.98557068999996
2019,Colima,Total,6,20.26781154239021
2018,Colima,Total,6,23.923841361052503
2017,Colima,Total,6,22.1518891238246
2016,Colima,Total,6,26.53576178442276
2015,Colima,Total,6,24.244023754734705
2014,Colima,Total,6,21.56240543866368
2013,Colima,Total,6,22.058541755845
2012,Colima,Total,6,24.907659528960757
2011,Colima,Total,6,21.06899100575124
2010,Colima,Total,6,17.2236656423513
2021,Colima,Hombres,6,23.74187855999996
2020,Colima,Hombres,6,21.817485999999956
2019,Colima,Hombres,6,20.260121795907263
2018,Colima,Hombres,6,24.53672019450004
2017,Colima,Hombres,6,23.16986125591471
2016,Colima,Hombres,6,27.609289501949338
2015,Colima,Hombres,6,25.013831288304115
2014,Colima,Hombres,6,22.87228051326929
2013,Colima,Hombres,6,22.71527097076155
2012,Colima,Hombres,6,25.575495711321736
2011,Colima,Hombres,6,20.540559808228718
2010,Colima,Hombres,6,19.2356937001532
2021,Colima,Mujeres,6,19.421756239999965
2020,Colima,Mujeres,6,24.07932934000004
2019,Colima,Mujeres,6,20.27468670332291
2018,Colima,Mujeres,6,23.35460352801936
2017,Colima,Mujeres,6,21.236998969287747
2016,Colima,Mujeres,6,25.63895139553699
2015,Colima,Mujeres,6,23.585739486336927
2014,Colima,Mujeres,6,20.420876183572695
2013,Colima,Mujeres,6,21.49537310494184
2012,Colima,Mujeres,6,24.289374982672555
2011,Colima,Mujeres,6,21.542577618049275
2010,Colima,Mujeres,6,15.424205200807815
2021,Chiapas,Total,7,15.153490440000027
2020,Chiapas,Total,7,13.400125780000035
2019,Chiapas,Total,7,12.258007041430185
2018,Chiapas,Total,7,15.957740584160726
2017,Chiapas,Total,7,15.630971192123983
2016,Chiapas,Total,7,17.046459272453166
2015,Chiapas,Total,7,14.34707577054547
2014,Chiapas,Total,7,15.352394069881026
2013,Chiapas,Total,7,16.445306483503376
2012,Chiapas,Total,7,12.620139405725084
2011,Chiapas,Total,7,12.525999379886512
2010,Chiapas,Total,7,12.813905849830975
2021,Chiapas,Hombres,7,15.75453375000002
2020,Chiapas,Hombres,7,15.59816864999998
2019,Chiapas,Hombres,7,12.142102099612416
2018,Chiapas,Hombres,7,17.496790790942626
2017,Chiapas,Hombres,7,16.18020316871848
2016,Chiapas,Hombres,7,17.49857930803938
2015,Chiapas,Hombres,7,16.477310075566933
2014,Chiapas,Hombres,7,15.7419285014073
2013,Chiapas,Hombres,7,18.81899571986089
2012,Chiapas,Hombres,7,14.455923972078883
2011,Chiapas,Hombres,7,12.932041770607173
2010,Chiapas,Hombres,7,12.369045696638985
2021,Chiapas,Mujeres,7,14.674068519999992
2020,Chiapas,Mujeres,7,11.64958428
2019,Chiapas,Mujeres,7,12.362686879286436
2018,Chiapas,Mujeres,7,14.67897979520962
2017,Chiapas,Mujeres,7,15.156708958393423
2016,Chiapas,Mujeres,7,16.664283691919252
2015,Chiapas,Mujeres,7,12.3887536399061
2014,Chiapas,Mujeres,7,15.02783049324921
2013,Chiapas,Mujeres,7,14.531854346942286
2012,Chiapas,Mujeres,7,11.056277579784298
2011,Chiapas,Mujeres,7,12.191205592253707
2010,Chiapas,Mujeres,7,13.21761492732418
2021,Chihuahua,Total,8,23.819120319999943
2020,Chihuahua,Total,8,20.572350760000027
2019,Chihuahua,Total,8,20.843442564212783
2018,Chihuahua,Total,8,23.796137150965446
2017,Chihuahua,Total,8,24.95378246624126
2016,Chihuahua,Total,8,26.897794578891222
2015,Chihuahua,Total,8,23.99281711591311
2014,Chihuahua,Total,8,22.39493665725607
2013,Chihuahua,Total,8,27.34444843748484
2012,Chihuahua,Total,8,32.56727582839175
2011,Chihuahua,Total,8,30.417027464611262
2010,Chihuahua,Total,8,35.828438480575215
2021,Chihuahua,Hombres,8,25.19068349000005
2020,Chihuahua,Hombres,8,24.64424612999997
2019,Chihuahua,Hombres,8,20.82579248131245
2018,Chihuahua,Hombres,8,24.94251006809357
2017,Chihuahua,Hombres,8,25.455487121379832
2016,Chihuahua,Hombres,8,26.513919939007227
2015,Chihuahua,Hombres,8,25.158093522063755
2014,Chihuahua,Hombres,8,21.955568726863056
2013,Chihuahua,Hombres,8,27.86717544281922
2012,Chihuahua,Hombres,8,34.858632431071754
2011,Chihuahua,Hombres,8,32.612693370466324
2010,Chihuahua,Hombres,8,37.2701307900083
2021,Chihuahua,Mujeres,8,22.57554061000003
2020,Chihuahua,Mujeres,8,17.173979899999967
2019,Chihuahua,Mujeres,8,20.859880369750808
2018,Chihuahua,Mujeres,8,22.74019567457721
2017,Chihuahua,Mujeres,8,24.49311451399717
2016,Chihuahua,Mujeres,8,27.273454998764347
2015,Chihuahua,Mujeres,8,22.81854001912568
2014,Chihuahua,Mujeres,8,22.80742800503971
2013,Chihuahua,Mujeres,8,26.867300442576862
2012,Chihuahua,Mujeres,8,30.418318571356423
2011,Chihuahua,Mujeres,8,28.48724428914976
2010,Chihuahua,Mujeres,8,34.52323413106695
2021,Ciudad de México,Total,9,32.07758818999994
2020,Ciudad de México,Total,9,33.344442260000044
2019,Ciudad de México,Total,9,37.25376590774794
2018,Ciudad de México,Total,9,42.60267654327256
2017,Ciudad de México,Total,9,43.069019061648426
2016,Ciudad de México,Total,9,36.00951935374997
2015,Ciudad de México,Total,9,38.47450832637293
2014,Ciudad de México,Total,9,36.01912570845648
2013,Ciudad de México,Total,9,33.06768305222576
2012,Ciudad de México,Total,9,31.67525125797793
2011,Ciudad de México,Total,9,33.2564136580246
2010,Ciudad de México,Total,9,32.34011457658735
2021,Ciudad de México,Hombres,9,33.81824839
2020,Ciudad de México,Hombres,9,35.531260490000015
2019,Ciudad de México,Hombres,9,39.555517970297295
2018,Ciudad de México,Hombres,9,45.12970754864336
2017,Ciudad de México,Hombres,9,46.34293616567357
2016,Ciudad de México,Hombres,9,36.42831076787985
2015,Ciudad de México,Hombres,9,40.51473068832648
2014,Ciudad de México,Hombres,9,35.949054575444784
2013,Ciudad de México,Hombres,9,35.861482090849684
2012,Ciudad de México,Hombres,9,33.86025526209971
2011,Ciudad de México,Hombres,9,35.66171923897125
2010,Ciudad de México,Hombres,9,36.30820013842904
2021,Ciudad de México,Mujeres,9,30.55646815
2020,Ciudad de México,Mujeres,9,31.45033668999995
2019,Ciudad de México,Mujeres,9,35.23818043638311
2018,Ciudad de México,Mujeres,9,40.472676663321785
2017,Ciudad de México,Mujeres,9,40.3009068381134
2016,Ciudad de México,Mujeres,9,35.639384109617815
2015,Ciudad de México,Mujeres,9,36.766956667269454
2014,Ciudad de México,Mujeres,9,36.0792762368592
2013,Ciudad de México,Mujeres,9,30.81590452558193
2012,Ciudad de México,Mujeres,9,29.46984425238985
2011,Ciudad de México,Mujeres,9,31.08115856787945
2010,Ciudad de México,Mujeres,9,28.79466202069852
2021,Durango,Total,10,15.853586180000038
2020,Durango,Total,10,17.554596799999963
2019,Durango,Total,10,17.097564369775473
2018,Durango,Total,10,20.21873531776914
2017,Durango,Total,10,18.208670995453097
2016,Durango,Total,10,19.76088546359414
2015,Durango,Total,10,22.2599819842917
2014,Durango,Total,10,22.949466102715665
2013,Durango,Total,10,22.157284774092247
2012,Durango,Total,10,24.23193218685992
2011,Durango,Total,10,19.838561604683797
2010,Durango,Total,10,20.417962362593236
2021,Durango,Hombres,10,15.68326653999998
2020,Durango,Hombres,10,16.58300792999995
2019,Durango,Hombres,10,18.15998932811595
2018,Durango,Hombres,10,21.147557823012857
2017,Durango,Hombres,10,19.41781136015693
2016,Durango,Hombres,10,21.12595567496846
2015,Durango,Hombres,10,23.039322317882743
2014,Durango,Hombres,10,23.119765009737453
2013,Durango,Hombres,10,22.73314858485703
2012,Durango,Hombres,10,24.238656948576597
2011,Durango,Hombres,10,22.08468746976993
2010,Durango,Hombres,10,21.91783785910276
2021,Durango,Mujeres,10,15.995687229999977
2020,Durango,Mujeres,10,18.383033639999965
2019,Durango,Mujeres,10,16.116443429183175
2018,Durango,Mujeres,10,19.381809711421727
2017,Durango,Mujeres,10,17.111906773153116
2016,Durango,Mujeres,10,18.488165069330798
2015,Durango,Mujeres,10,21.54470605705609
2014,Durango,Mujeres,10,22.804240076974693
2013,Durango,Mujeres,10,21.722875613365463
2012,Durango,Mujeres,10,24.226231190150457
2011,Durango,Mujeres,10,18.05257335131381
2010,Durango,Mujeres,10,19.03057650494449
2021,Guanajuato,Total,11,25.64835653999993
2020,Guanajuato,Total,11,22.928411259999983
2019,Guanajuato,Total,11,26.980308224738447
2018,Guanajuato,Total,11,27.191178310385247
2017,Guanajuato,Total,11,27.858578095876062
2016,Guanajuato,Total,11,27.855564373865622
2015,Guanajuato,Total,11,28.03487573104715
2014,Guanajuato,Total,11,31.65903437220505
2013,Guanajuato,Total,11,27.29253730212303
2012,Guanajuato,Total,11,28.860759020197754
2011,Guanajuato,Total,11,24.487564598365832
2010,Guanajuato,Total,11,21.099718601054803
2021,Guanajuato,Hombres,11,26.60756574000004
2020,Guanajuato,Hombres,11,26.047032989999963
2019,Guanajuato,Hombres,11,29.236006682910133
2018,Guanajuato,Hombres,11,29.159401387807645
2017,Guanajuato,Hombres,11,28.269173830377927
2016,Guanajuato,Hombres,11,30.94142981586983
2015,Guanajuato,Hombres,11,29.4174365233871
2014,Guanajuato,Hombres,11,32.489077356476265
2013,Guanajuato,Hombres,11,28.630508202242705
2012,Guanajuato,Hombres,11,32.98519741225673
2011,Guanajuato,Hombres,11,27.39479604748245
2010,Guanajuato,Hombres,11,24.41178346719243
2021,Guanajuato,Mujeres,11,24.87937924000004
2020,Guanajuato,Mujeres,11,20.411839760000017
2019,Guanajuato,Mujeres,11,25.263333586094035
2018,Guanajuato,Mujeres,11,25.534023077632806
2017,Guanajuato,Mujeres,11,27.51247639887107
2016,Guanajuato,Mujeres,11,25.191995004725374
2015,Guanajuato,Mujeres,11,26.895839299401672
2014,Guanajuato,Mujeres,11,30.962508364210283
2013,Guanajuato,Mujeres,11,26.250118563677468
2012,Guanajuato,Mujeres,11,25.471158559171617
2011,Guanajuato,Mujeres,11,21.98989377245656
2010,Guanajuato,Mujeres,11,18.01392943220633
2021,Guerrero,Total,12,18.830828469999982
2020,Guerrero,Total,12,19.071639120000025
2019,Guerrero,Total,12,20.79924926593186
2018,Guerrero,Total,12,25.03021199832395
2017,Guerrero,Total,12,30.444974762940557
2016,Guerrero,Total,12,32.05803369633575
2015,Guerrero,Total,12,31.344015574272724
2014,Guerrero,Total,12,27.721091118402136
2013,Guerrero,Total,12,26.00213913370136
2012,Guerrero,Total,12,26.789368060248734
2011,Guerrero,Total,12,20.24929218740741
2010,Guerrero,Total,12,20.216486759121523
2021,Guerrero,Hombres,12,19.595319489999994
2020,Guerrero,Hombres,12,20.77950290999997
2019,Guerrero,Hombres,12,21.649810170327747
2018,Guerrero,Hombres,12,26.393001358221547
2017,Guerrero,Hombres,12,33.817169787024824
2016,Guerrero,Hombres,12,32.58906501233104
2015,Guerrero,Hombres,12,33.50458436080774
2014,Guerrero,Hombres,12,28.638465483763408
2013,Guerrero,Hombres,12,27.321615155903945
2012,Guerrero,Hombres,12,28.34359881457974
2011,Guerrero,Hombres,12,21.049892604279925
2010,Guerrero,Hombres,12,20.527302868251628
2021,Guerrero,Mujeres,12,18.207770819999965
2020,Guerrero,Mujeres,12,17.57146026000004
2019,Guerrero,Mujeres,12,20.058437413545526
2018,Guerrero,Mujeres,12,23.8852231323558
2017,Guerrero,Mujeres,12,27.692822234649142
2016,Guerrero,Mujeres,12,31.60032785122203
2015,Guerrero,Mujeres,12,29.48880093984293
2014,Guerrero,Mujeres,12,26.978568061371018
2013,Guerrero,Mujeres,12,24.89905219943515
2012,Guerrero,Mujeres,12,25.554081100260525
2011,Guerrero,Mujeres,12,19.64812401114731
2010,Guerrero,Mujeres,12,19.962082200372787
2021,Hidalgo,Total,13,15.265662969999996
2020,Hidalgo,Total,13,20.09413829000004
2019,Hidalgo,Total,13,16.609504519675042
2018,Hidalgo,Total,13,22.53558088858017
2017,Hidalgo,Total,13,19.027669994652165
2016,Hidalgo,Total,13,20.02739369638907
2015,Hidalgo,Total,13,19.245444191343992
2014,Hidalgo,Total,13,18.420069701739227
2013,Hidalgo,Total,13,19.889695478608257
2012,Hidalgo,Total,13,19.45136128036706
2011,Hidalgo,Total,13,21.7874445482139
2010,Hidalgo,Total,13,20.225377304207395
2021,Hidalgo,Hombres,13,16.317417879999997
2020,Hidalgo,Hombres,13,22.20682428000005
2019,Hidalgo,Hombres,13,18.856971390885217
2018,Hidalgo,Hombres,13,22.82661242557772
2017,Hidalgo,Hombres,13,22.381032491565737
2016,Hidalgo,Hombres,13,22.677306343101005
2015,Hidalgo,Hombres,13,17.924461864382295
2014,Hidalgo,Hombres,13,19.305735073045984
2013,Hidalgo,Hombres,13,20.6271981242673
2012,Hidalgo,Hombres,13,24.63289267314345
2011,Hidalgo,Hombres,13,24.213560446322838
2010,Hidalgo,Hombres,13,22.30776862531609
2021,Hidalgo,Mujeres,13,14.379661089999964
2020,Hidalgo,Mujeres,13,18.377737119999946
2019,Hidalgo,Mujeres,13,14.803939857796474
2018,Hidalgo,Mujeres,13,22.289718193800585
2017,Hidalgo,Mujeres,13,16.369601101404047
2016,Hidalgo,Mujeres,13,17.89278421540787
2015,Hidalgo,Mujeres,13,20.319406053040428
2014,Hidalgo,Mujeres,13,17.594519284740564
2013,Hidalgo,Mujeres,13,19.279232770474504
2012,Hidalgo,Mujeres,13,15.133355697816736
2011,Hidalgo,Mujeres,13,20.020737731711204
2010,Hidalgo,Mujeres,13,18.49253156303716
2021,Jalisco,Total,14,25.22282376000006
2020,Jalisco,Total,14,25.763716949999925
2019,Jalisco,Total,14,27.29344192189057
2018,Jalisco,Total,14,30.445074420594565
2017,Jalisco,Total,14,31.049596516765654
2016,Jalisco,Total,14,30.938570791617497
2015,Jalisco,Total,14,33.79972147798026
2014,Jalisco,Total,14,31.374736449203372
2013,Jalisco,Total,14,33.02937396516463
2012,Jalisco,Total,14,31.86144020992115
2011,Jalisco,Total,14,25.50542704189377
2010,Jalisco,Total,14,24.4542194257233
2021,Jalisco,Hombres,14,27.20817903999992
2020,Jalisco,Hombres,14,26.146888549999968
2019,Jalisco,Hombres,14,28.715047947749976
2018,Jalisco,Hombres,14,31.673854559987497
2017,Jalisco,Hombres,14,33.40953344443141
2016,Jalisco,Hombres,14,31.312534841789788
2015,Jalisco,Hombres,14,36.748979467234655
2014,Jalisco,Hombres,14,32.60194306047506
2013,Jalisco,Hombres,14,33.62230064235439
2012,Jalisco,Hombres,14,34.05100523994269
2011,Jalisco,Hombres,14,26.48181885618666
2010,Jalisco,Hombres,14,27.620863579586644
2021,Jalisco,Mujeres,14,23.483130190000008
2020,Jalisco,Mujeres,14,25.443076800000053
2019,Jalisco,Mujeres,14,26.080178817576357
2018,Jalisco,Mujeres,14,29.327280317898516
2017,Jalisco,Mujeres,14,28.95369166300633
2016,Jalisco,Mujeres,14,30.59737561762859
2015,Jalisco,Mujeres,14,31.090266662855807
2014,Jalisco,Mujeres,14,30.30126504525967
2013,Jalisco,Mujeres,14,32.53945279786251
2012,Jalisco,Mujeres,14,29.891871539281063
2011,Jalisco,Mujeres,14,24.643893765908167
2010,Jalisco,Mujeres,14,21.646057130687183
2021,México,Total,15,38.25278493999999
2020,México,Total,15,32.501078209999946
2019,México,Total,15,38.52799443874747
2018,México,Total,15,41.38948652591323
2017,México,Total,15,46.705133654744735
2016,México,Total,15,47.64835032667821
2015,México,Total,15,45.79516331006958
2014,México,Total,15,45.13869325086335
2013,México,Total,15,47.77807659083222
2012,México,Total,15,41.04805696119085
2011,México,Total,15,30.920202537098824
2010,México,Total,15,27.957435631043143
2021,México,Hombres,15,39.74404152999988
2020,México,Hombres,15,37.271145440000005
2019,México,Hombres,15,43.8861233242593
2018,México,Hombres,15,44.778498007384194
2017,México,Hombres,15,49.17740564533081
2016,México,Hombres,15,49.906885659644765
2015,México,Hombres,15,51.55499242326892
2014,México,Hombres,15,49.874218203475735
2013,México,Hombres,15,53.21720365661373
2012,México,Hombres,15,45.50579571071278
2011,México,Hombres,15,33.88863653950239
2010,México,Hombres,15,31.454100439268124
2021,México,Mujeres,15,36.94728402000003
2020,México,Mujeres,15,28.32491667000009
2019,México,Mujeres,15,34.275875764348704
2018,México,Mujeres,15,38.29655135351631
2017,México,Mujeres,15,44.51326264965703
2016,México,Mujeres,15,45.63767675862534
2015,México,Mujeres,15,40.653289877320375
2014,México,Mujeres,15,40.93788064540978
2013,México,Mujeres,15,42.5548095007165
2012,México,Mujeres,15,37.10503566397678
2011,México,Mujeres,15,28.38037852751144
2010,México,Mujeres,15,24.776607503092656
2021,Michoacán de Ocampo,Total,16,14.082257909999967
2020,Michoacán de Ocampo,Total,16,16.70764912999998
2019,Michoacán de Ocampo,Total,16,16.112463361283513
2018,Michoacán de Ocampo,Total,16,18.52033747402173
2017,Michoacán de Ocampo,Total,16,19.784818092103404
2016,Michoacán de Ocampo,Total,16,21.262866560935425
2015,Michoacán de Ocampo,Total,16,19.78366024980416
2014,Michoacán de Ocampo,Total,16,21.31068936634164
2013,Michoacán de Ocampo,Total,16,20.00167278028034
2012,Michoacán de Ocampo,Total,16,20.35449861254469
2011,Michoacán de Ocampo,Total,16,20.80459182921278
2010,Michoacán de Ocampo,Total,16,15.106073536558322
2021,Michoacán de Ocampo,Hombres,16,14.90581978999996
2020,Michoacán de Ocampo,Hombres,16,16.390488680000036
2019,Michoacán de Ocampo,Hombres,16,16.499235815874968
2018,Michoacán de Ocampo,Hombres,16,20.09261521556896
2017,Michoacán de Ocampo,Hombres,16,20.75786698506137
2016,Michoacán de Ocampo,Hombres,16,22.17239991235797
2015,Michoacán de Ocampo,Hombres,16,21.331468496045822
2014,Michoacán de Ocampo,Hombres,16,21.05186948847036
2013,Michoacán de Ocampo,Hombres,16,21.04939752257252
2012,Michoacán de Ocampo,Hombres,16,23.668319324772668
2011,Michoacán de Ocampo,Hombres,16,21.509954935401357
2010,Michoacán de Ocampo,Hombres,16,17.479658764781853
2021,Michoacán de Ocampo,Mujeres,16,13.43761833000002
2020,Michoacán de Ocampo,Mujeres,16,16.977235730000025
2019,Michoacán de Ocampo,Mujeres,16,15.780330852853918
2018,Michoacán de Ocampo,Mujeres,16,17.16377146650667
2017,Michoacán de Ocampo,Mujeres,16,18.95271309090932
2016,Michoacán de Ocampo,Mujeres,16,20.533578162856426
2015,Michoacán de Ocampo,Mujeres,16,18.4822934831216
2014,Michoacán de Ocampo,Mujeres,16,21.517601366651466
2013,Michoacán de Ocampo,Mujeres,16,19.105111881603992
2012,Michoacán de Ocampo,Mujeres,16,17.654768540861532
2011,Michoacán de Ocampo,Mujeres,16,20.20449046491654
2010,Michoacán de Ocampo,Mujeres,16,13.065362349648623
2021,Morelos,Total,17,22.72816315
2020,Morelos,Total,17,24.20888834000003
2019,Morelos,Total,17,27.44703028912815
2018,Morelos,Total,17,31.511729860654675
2017,Morelos,Total,17,31.8418797854148
2016,Morelos,Total,17,29.59065436080116
2015,Morelos,Total,17,29.13882161113529
2014,Morelos,Total,17,29.64748484419023
2013,Morelos,Total,17,26.14581894469496
2012,Morelos,Total,17,29.31038209111502
2011,Morelos,Total,17,22.9558188635407
2010,Morelos,Total,17,21.89792279945274
2021,Morelos,Hombres,17,24.008765250000003
2020,Morelos,Hombres,17,23.52498438000005
2019,Morelos,Hombres,17,29.73690251809136
2018,Morelos,Hombres,17,33.88626661873433
2017,Morelos,Hombres,17,34.061382175127136
2016,Morelos,Hombres,17,28.58797549025156
2015,Morelos,Hombres,17,30.1514865251114
2014,Morelos,Hombres,17,32.30434874692298
2013,Morelos,Hombres,17,27.07732224636217
2012,Morelos,Hombres,17,30.53998544136484
2011,Morelos,Hombres,17,25.18496197395552
2010,Morelos,Hombres,17,26.20869658510957
2021,Morelos,Mujeres,17,21.64056212000001
2020,Morelos,Mujeres,17,24.81667091000005
2019,Morelos,Mujeres,17,25.485391896022183
2018,Morelos,Mujeres,17,29.551792483246576
2017,Morelos,Mujeres,17,29.698018849778723
2016,Morelos,Mujeres,17,30.42719399211276
2015,Morelos,Mujeres,17,28.27394456619325
2014,Morelos,Mujeres,17,27.336420785316346
2013,Morelos,Mujeres,17,25.25706087887601
2012,Morelos,Mujeres,17,28.172857922166745
2011,Morelos,Mujeres,17,21.01319278938714
2010,Morelos,Mujeres,17,18.395363622290294
2021,Nayarit,Total,18,18.539329040000005
2020,Nayarit,Total,18,17.85852015
2019,Nayarit,Total,18,13.731051334447168
2018,Nayarit,Total,18,22.063195399565256
2017,Nayarit,Total,18,24.98337865401528
2016,Nayarit,Total,18,21.71050933216296
2015,Nayarit,Total,18,19.940567238560057
2014,Nayarit,Total,18,22.051683306985986
2013,Nayarit,Total,18,18.534889158752986
2012,Nayarit,Total,18,19.168657454326464
2011,Nayarit,Total,18,20.80436768957024
2010,Nayarit,Total,18,23.105638999855604
2021,Nayarit,Hombres,18,17.051363589999983
2020,Nayarit,Hombres,18,16.772194639999967
2019,Nayarit,Hombres,18,12.791617747631507
2018,Nayarit,Hombres,18,23.25182487804526
2017,Nayarit,Hombres,18,24.59543131663064
2016,Nayarit,Hombres,18,20.92495181247281
2015,Nayarit,Hombres,18,19.735885177030436
2014,Nayarit,Hombres,18,22.00266746723491
2013,Nayarit,Hombres,18,20.051358216620606
2012,Nayarit,Hombres,18,21.887761569111586
2011,Nayarit,Hombres,18,20.13788297225934
2010,Nayarit,Hombres,18,22.80672367440261
2021,Nayarit,Mujeres,18,19.791579209999973
2020,Nayarit,Mujeres,18,18.762165439999997
2019,Nayarit,Mujeres,18,14.50291500460258
2018,Nayarit,Mujeres,18,20.99418083104815
2017,Nayarit,Mujeres,18,25.32990834157877
2016,Nayarit,Mujeres,18,22.412188235189628
2015,Nayarit,Mujeres,18,20.129528538270243
2014,Nayarit,Mujeres,18,22.10038360826485
2013,Nayarit,Mujeres,18,17.279843399265232
2012,Nayarit,Mujeres,18,16.74846159317393
2011,Nayarit,Mujeres,18,21.38103389420853
2010,Nayarit,Mujeres,18,23.38518495310897
2021,Nuevo León,Total,19,23.10640173000001
2020,Nuevo León,Total,19,23.31261089000005
2019,Nuevo León,Total,19,24.539917762345368
2018,Nuevo León,Total,19,25.14771495436647
2017,Nuevo León,Total,19,30.04462389800745
2016,Nuevo León,Total,19,26.979499966899773
2015,Nuevo León,Total,19,25.202707346524363
2014,Nuevo León,Total,19,24.249608578515684
2013,Nuevo León,Total,19,26.516301470250568
2012,Nuevo León,Total,19,31.3155870213401
2011,Nuevo León,Total,19,25.06258798778027
2010,Nuevo León,Total,19,27.96231891995512
2021,Nuevo León,Hombres,19,23.68645013000001
2020,Nuevo León,Hombres,19,24.922626099999924
2019,Nuevo León,Hombres,19,24.630867897464363
2018,Nuevo León,Hombres,19,25.775911339941548
2017,Nuevo León,Hombres,19,31.11157506098506
2016,Nuevo León,Hombres,19,26.698180514642026
2015,Nuevo León,Hombres,19,26.79014246197392
2014,Nuevo León,Hombres,19,24.2356557953682
2013,Nuevo León,Hombres,19,27.76190715334325
2012,Nuevo León,Hombres,19,34.30563009147318
2011,Nuevo León,Hombres,19,27.48794681448348
2010,Nuevo León,Hombres,19,33.345679539365285
2021,Nuevo León,Mujeres,19,22.54208130000003
2020,Nuevo León,Mujeres,19,21.72319921000004
2019,Nuevo León,Mujeres,19,24.44794141233794
2018,Nuevo León,Mujeres,19,24.553061808970156
2017,Nuevo León,Mujeres,19,29.037657424461056
2016,Nuevo León,Mujeres,19,27.23300202101563
2015,Nuevo León,Mujeres,19,23.80491787603069
2014,Nuevo León,Mujeres,19,24.26272830354885
2013,Nuevo León,Mujeres,19,25.297047275487643
2012,Nuevo León,Mujeres,19,28.59682952544868
2011,Nuevo León,Mujeres,19,22.95694857161168
2010,Nuevo León,Mujeres,19,22.898940598654477
2021,Oaxaca,Total,20,14.96075706000004
2020,Oaxaca,Total,20,16.59082807999998
2019,Oaxaca,Total,20,16.529737621910442
2018,Oaxaca,Total,20,17.756657010198776
2017,Oaxaca,Total,20,17.73534570084574
2016,Oaxaca,Total,20,19.687375965831457
2015,Oaxaca,Total,20,18.38156270546413
2014,Oaxaca,Total,20,20.06130719085645
2013,Oaxaca,Total,20,16.29121551237334
2012,Oaxaca,Total,20,14.33522637304462
2011,Oaxaca,Total,20,17.523956568380733
2010,Oaxaca,Total,20,16.18942388947858
2021,Oaxaca,Hombres,20,16.298879420000034
2020,Oaxaca,Hombres,20,19.58593599999996
2019,Oaxaca,Hombres,20,18.0946422156112
2018,Oaxaca,Hombres,20,17.703887433950566
2017,Oaxaca,Hombres,20,20.557694949882272
2016,Oaxaca,Hombres,20,19.323480964202005
2015,Oaxaca,Hombres,20,18.983358924892105
2014,Oaxaca,Hombres,20,20.15790025669109
2013,Oaxaca,Hombres,20,16.904099121227038
2012,Oaxaca,Hombres,20,14.307970600590336
2011,Oaxaca,Hombres,20,17.948181888822717
2010,Oaxaca,Hombres,20,17.0079300670925
2021,Oaxaca,Mujeres,20,13.946631849999967
2020,Oaxaca,Mujeres,20,13.84006778000002
2019,Oaxaca,Mujeres,20,15.291418744274374
2018,Oaxaca,Mujeres,20,17.79907261838167
2017,Oaxaca,Mujeres,20,15.20747195202239
2016,Oaxaca,Mujeres,20,20.00642497266229
2015,Oaxaca,Mujeres,20,17.870792844999617
2014,Oaxaca,Mujeres,20,19.982365917745064
2013,Oaxaca,Mujeres,20,15.742926462024858
2012,Oaxaca,Mujeres,20,14.35645957993092
2011,Oaxaca,Mujeres,20,17.199303677074855
2010,Oaxaca,Mujeres,20,15.452075342082646
2021,Puebla,Total,21,26.13859967999997
2020,Puebla,Total,21,25.148688350000032
2019,Puebla,Total,21,25.38050259374316
2018,Puebla,Total,21,29.57644393172584
2017,Puebla,Total,21,31.83391364522676
2016,Puebla,Total,21,25.50158004429474
2015,Puebla,Total,21,22.95890475035006
2014,Puebla,Total,21,23.741182872616715
2013,Puebla,Total,21,23.584582012178533
2012,Puebla,Total,21,22.73279566697069
2011,Puebla,Total,21,22.59148787232364
2010,Puebla,Total,21,21.44124334313624
2021,Puebla,Hombres,21,28.018680889999946
2020,Puebla,Hombres,21,27.17353467000007
2019,Puebla,Hombres,21,29.185335466772028
2018,Puebla,Hombres,21,31.239245660884443
2017,Puebla,Hombres,21,34.34872526949618
2016,Puebla,Hombres,21,29.591760879989707
2015,Puebla,Hombres,21,24.221749529070618
2014,Puebla,Hombres,21,25.286033229461765
2013,Puebla,Hombres,21,24.789503682428368
2012,Puebla,Hombres,21,24.860078729609665
2011,Puebla,Hombres,21,23.64328350197108
2010,Puebla,Hombres,21,26.642485826639728
2021,Puebla,Mujeres,21,24.66809577000003
2020,Puebla,Mujeres,21,23.512267229999942
2019,Puebla,Mujeres,21,22.13803202172493
2018,Puebla,Mujeres,21,28.086437937377788
2017,Puebla,Mujeres,21,29.746872522330733
2016,Puebla,Mujeres,21,22.01457715668225
2015,Puebla,Mujeres,21,21.881337963941235
2014,Puebla,Mujeres,21,22.48590577621871
2013,Puebla,Mujeres,21,22.583631000044083
2012,Puebla,Mujeres,21,20.996001293630066
2011,Puebla,Mujeres,21,21.75453666413204
2010,Puebla,Mujeres,21,16.957052185746086
2021,Querétaro,Total,22,26.456717370000064
2020,Querétaro,Total,22,24.97831114000004
2019,Querétaro,Total,22,27.959157187671632
2018,Querétaro,Total,22,29.14705504093353
2017,Querétaro,Total,22,28.229148675941367
2016,Querétaro,Total,22,24.227807213487388
2015,Querétaro,Total,22,28.12759027710662
2014,Querétaro,Total,22,25.659922975601027
2013,Querétaro,Total,22,23.553708157436624
2012,Querétaro,Total,22,24.00175002724551
2011,Querétaro,Total,22,21.022160591589955
2010,Querétaro,Total,22,19.06154327287093
2021,Querétaro,Hombres,22,27.924416480000083
2020,Querétaro,Hombres,22,26.22770510999999
2019,Querétaro,Hombres,22,29.66637148905192
2018,Querétaro,Hombres,22,32.98626234030192
2017,Querétaro,Hombres,22,29.83669867901117
2016,Querétaro,Hombres,22,26.122309425751748
2015,Querétaro,Hombres,22,29.606652383668035
2014,Querétaro,Hombres,22,27.90921481365693
2013,Querétaro,Hombres,22,25.594664813251853
2012,Querétaro,Hombres,22,26.03053342716884
2011,Querétaro,Hombres,22,22.18017816245582
2010,Querétaro,Hombres,22,21.251039710909197
2021,Querétaro,Mujeres,22,25.337917589999968
2020,Querétaro,Mujeres,22,23.98173365999995
2019,Querétaro,Mujeres,22,26.56634027262852
2018,Querétaro,Mujeres,22,26.006425585558336
2017,Querétaro,Mujeres,22,26.96090485936926
2016,Querétaro,Mujeres,22,22.595015972729176
2015,Querétaro,Mujeres,22,26.789037151936064
2014,Querétaro,Mujeres,22,23.74492591278116
2013,Querétaro,Mujeres,22,21.76757846442601
2012,Querétaro,Mujeres,22,22.29627486921268
2011,Querétaro,Mujeres,22,20.099187354692
2010,Querétaro,Mujeres,22,17.32522123567337
2021,Quintana Roo,Total,23,23.048586830000044
2020,Quintana Roo,Total,23,24.485408439999937
2019,Quintana Roo,Total,23,25.407425278363945
2018,Quintana Roo,Total,23,26.31130183295423
2017,Quintana Roo,Total,23,25.931551934451846
2016,Quintana Roo,Total,23,26.860042143506657
2015,Quintana Roo,Total,23,29.32107899553886
2014,Quintana Roo,Total,23,28.638197544426955
2013,Quintana Roo,Total,23,26.51923271817521
2012,Quintana Roo,Total,23,29.702836939136336
2011,Quintana Roo,Total,23,26.603237681687343
2010,Quintana Roo,Total,23,28.418768512507963
2021,Quintana Roo,Hombres,23,22.40059166999997
2020,Quintana Roo,Hombres,23,25.449845050000015
2019,Quintana Roo,Hombres,23,26.95581717406811
2018,Quintana Roo,Hombres,23,27.00653305208594
2017,Quintana Roo,Hombres,23,26.14843604767248
2016,Quintana Roo,Hombres,23,29.0005320249461
2015,Quintana Roo,Hombres,23,30.80845325635798
2014,Quintana Roo,Hombres,23,30.24628448264642
2013,Quintana Roo,Hombres,23,29.53093095569251
2012,Quintana Roo,Hombres,23,31.903761221720732
2011,Quintana Roo,Hombres,23,28.32141897122164
2010,Quintana Roo,Hombres,23,33.79264163179423
2021,Quintana Roo,Mujeres,23,23.672565100000025
2020,Quintana Roo,Mujeres,23,23.57065161999996
2019,Quintana Roo,Mujeres,23,23.95659571250327
2018,Quintana Roo,Mujeres,23,25.621979023420405
2017,Quintana Roo,Mujeres,23,25.71876810113505
2016,Quintana Roo,Mujeres,23,24.875529865125227
2015,Quintana Roo,Mujeres,23,27.96525383037225
2014,Quintana Roo,Mujeres,23,27.34367635918036
2013,Quintana Roo,Mujeres,23,23.975418474266583
2012,Quintana Roo,Mujeres,23,27.61480354957862
2011,Quintana Roo,Mujeres,23,24.84163411626969
2010,Quintana Roo,Mujeres,23,22.8528483193636
2021,San Luis Potosí,Total,24,22.467231739999992
2020,San Luis Potosí,Total,24,24.26477703
2019,San Luis Potosí,Total,24,20.042056549488887
2018,San Luis Potosí,Total,24,26.024695252217462
2017,San Luis Potosí,Total,24,23.92630187681731
2016,San Luis Potosí,Total,24,22.039027152365623
2015,San Luis Potosí,Total,24,21.28033356862898
2014,San Luis Potosí,Total,24,25.87265707376488
2013,San Luis Potosí,Total,24,25.709882486734426
2012,San Luis Potosí,Total,24,26.80959313146636
2011,San Luis Potosí,Total,24,24.661879687250767
2010,San Luis Potosí,Total,24,22.502532093432333
2021,San Luis Potosí,Hombres,24,23.87708016
2020,San Luis Potosí,Hombres,24,23.53145485999997
2019,San Luis Potosí,Hombres,24,22.90567852179843
2018,San Luis Potosí,Hombres,24,27.062304133375942
2017,San Luis Potosí,Hombres,24,26.83283662310955
2016,San Luis Potosí,Hombres,24,22.46735683253519
2015,San Luis Potosí,Hombres,24,22.085615495241942
2014,San Luis Potosí,Hombres,24,26.84114975826503
2013,San Luis Potosí,Hombres,24,26.12841663119483
2012,San Luis Potosí,Hombres,24,30.095025949063583
2011,San Luis Potosí,Hombres,24,24.75208518451244
2010,San Luis Potosí,Hombres,24,25.41128231069573
2021,San Luis Potosí,Mujeres,24,21.24286164000005
2020,San Luis Potosí,Mujeres,24,24.900438449999942
2019,San Luis Potosí,Mujeres,24,17.536369781249558
2018,San Luis Potosí,Mujeres,24,25.14603907384056
2017,San Luis Potosí,Mujeres,24,21.654656133942805
2016,San Luis Potosí,Mujeres,24,21.683849034088745
2015,San Luis Potosí,Mujeres,24,20.6282964304898
2014,San Luis Potosí,Mujeres,24,25.045427805055937
2013,San Luis Potosí,Mujeres,24,25.37512115523817
2012,San Luis Potosí,Mujeres,24,23.932367616807063
2011,San Luis Potosí,Mujeres,24,24.580989600816217
2010,San Luis Potosí,Mujeres,24,19.73705507230291
2021,Sinaloa,Total,25,20.6797435
2020,Sinaloa,Total,25,17.655752550000003
2019,Sinaloa,Total,25,21.153307378838644
2018,Sinaloa,Total,25,23.06365592636254
2017,Sinaloa,Total,25,23.80398478584674
2016,Sinaloa,Total,25,19.60900547568261
2015,Sinaloa,Total,25,20.2631356024026
2014,Sinaloa,Total,25,22.06261059071689
2013,Sinaloa,Total,25,23.58833896534936
2012,Sinaloa,Total,25,26.140936458496416
2011,Sinaloa,Total,25,23.836486895221373
2010,Sinaloa,Total,25,26.056422089292592
2021,Sinaloa,Hombres,25,19.85971070000004
2020,Sinaloa,Hombres,25,17.587000069999984
2019,Sinaloa,Hombres,25,20.735716053746543
2018,Sinaloa,Hombres,25,21.929949794179883
2017,Sinaloa,Hombres,25,24.259192449564274
2016,Sinaloa,Hombres,25,19.330503069441114
2015,Sinaloa,Hombres,25,19.80717629669308
2014,Sinaloa,Hombres,25,22.997868678569706
2013,Sinaloa,Hombres,25,24.19560250011685
2012,Sinaloa,Hombres,25,27.51708165757677
2011,Sinaloa,Hombres,25,24.75781311227016
2010,Sinaloa,Hombres,25,28.302825757494254
2021,Sinaloa,Mujeres,25,21.400671230000004
2020,Sinaloa,Mujeres,25,17.723188780000037
2019,Sinaloa,Mujeres,25,21.526939373805853
2018,Sinaloa,Mujeres,25,24.09389654442339
2017,Sinaloa,Mujeres,25,23.391689001490747
2016,Sinaloa,Mujeres,25,19.86577896529985
2015,Sinaloa,Mujeres,25,20.6808978096472
2014,Sinaloa,Mujeres,25,21.27965736713013
2013,Sinaloa,Mujeres,25,23.067531127782203
2012,Sinaloa,Mujeres,25,24.838892436608276
2011,Sinaloa,Mujeres,25,22.997429596417945
2010,Sinaloa,Mujeres,25,23.95901909150764
2021,Sonora,Total,26,20.896739269999987
2020,Sonora,Total,26,24.99094238999999
2019,Sonora,Total,26,21.588861331742745
2018,Sonora,Total,26,31.853231363699155
2017,Sonora,Total,26,31.18375221668336
2016,Sonora,Total,26,33.268317153058454
2015,Sonora,Total,26,29.58746550378341
2014,Sonora,Total,26,24.24563569535936
2013,Sonora,Total,26,27.39455728096377
2012,Sonora,Total,26,29.130758201473352
2011,Sonora,Total,26,29.97994242332801
2010,Sonora,Total,26,29.007585258459155
2021,Sonora,Hombres,26,20.66243020999996
2020,Sonora,Hombres,26,26.477652720000037
2019,Sonora,Hombres,26,24.938441149000056
2018,Sonora,Hombres,26,30.22543429253404
2017,Sonora,Hombres,26,30.554993776413877
2016,Sonora,Hombres,26,36.5262477326574
2015,Sonora,Hombres,26,32.86520550583375
2014,Sonora,Hombres,26,26.39400570335934
2013,Sonora,Hombres,26,27.97725652299382
2012,Sonora,Hombres,26,29.60466433976093
2011,Sonora,Hombres,26,30.054645377955232
2010,Sonora,Hombres,26,28.91104261418744
2021,Sonora,Mujeres,26,21.12199929000004
2020,Sonora,Mujeres,26,23.634057790000032
2019,Sonora,Mujeres,26,18.4224485558291
2018,Sonora,Mujeres,26,33.41990852627395
2017,Sonora,Mujeres,26,31.72314863339682
2016,Sonora,Mujeres,26,30.386949748338672
2015,Sonora,Mujeres,26,26.7114902948897
2014,Sonora,Mujeres,26,22.165291960462717
2013,Sonora,Mujeres,26,26.832557839683084
2012,Sonora,Mujeres,26,28.674379125802616
2011,Sonora,Mujeres,26,29.903570192486864
2010,Sonora,Mujeres,26,29.108398101193284
2021,Tabasco,Total,27,26.89645234
2020,Tabasco,Total,27,27.07598680000001
2019,Tabasco,Total,27,24.90135147884333
2018,Tabasco,Total,27,30.30775715176024
2017,Tabasco,Total,27,33.58855412142282
2016,Tabasco,Total,27,26.75981692936145
2015,Tabasco,Total,27,25.909543982058352
2014,Tabasco,Total,27,24.75858582488842
2013,Tabasco,Total,27,22.725488810919916
2012,Tabasco,Total,27,20.836846876284643
2011,Tabasco,Total,27,19.2168515314949
2010,Tabasco,Total,27,24.47991457452296
2021,Tabasco,Hombres,27,27.92968353000004
2020,Tabasco,Hombres,27,28.784895669999976
2019,Tabasco,Hombres,27,25.225986485084825
2018,Tabasco,Hombres,27,31.79704313105876
2017,Tabasco,Hombres,27,36.44026126329846
2016,Tabasco,Hombres,27,29.039177722761877
2015,Tabasco,Hombres,27,27.216391831311423
2014,Tabasco,Hombres,27,26.414957403334025
2013,Tabasco,Hombres,27,24.177828073744088
2012,Tabasco,Hombres,27,20.8425409426915
2011,Tabasco,Hombres,27,18.154339796001583
2010,Tabasco,Hombres,27,27.30646946146805
2021,Tabasco,Mujeres,27,25.97038989000006
2020,Tabasco,Mujeres,27,25.65320845999997
2019,Tabasco,Mujeres,27,24.617897780615145
2018,Tabasco,Mujeres,27,29.02450229195525
2017,Tabasco,Mujeres,27,31.08902927232884
2016,Tabasco,Mujeres,27,24.779509428585847
2015,Tabasco,Mujeres,27,24.764738502268766
2014,Tabasco,Mujeres,27,23.349528165234872
2013,Tabasco,Mujeres,27,21.505028156230352
2012,Tabasco,Mujeres,27,20.831208132449916
2011,Tabasco,Mujeres,27,20.174405631746417
2010,Tabasco,Mujeres,27,21.62803219224675
2021,Tamaulipas,Total,28,16.055753890000002
2020,Tamaulipas,Total,28,16.65916023
2019,Tamaulipas,Total,28,16.125365214950776
2018,Tamaulipas,Total,28,19.312694850816527
2017,Tamaulipas,Total,28,18.804489372064683
2016,Tamaulipas,Total,28,19.42828154785867
2015,Tamaulipas,Total,28,18.907980138851546
2014,Tamaulipas,Total,28,23.33935382796195
2013,Tamaulipas,Total,28,17.56950090308031
2012,Tamaulipas,Total,28,21.406737068772912
2011,Tamaulipas,Total,28,18.067123006122028
2010,Tamaulipas,Total,28,22.661060537880687
2021,Tamaulipas,Hombres,28,16.42063882000002
2020,Tamaulipas,Hombres,28,17.042162219999966
2019,Tamaulipas,Hombres,28,16.007979074334173
2018,Tamaulipas,Hombres,28,19.3638649069112
2017,Tamaulipas,Hombres,28,18.677463778560814
2016,Tamaulipas,Hombres,28,22.091429319308634
2015,Tamaulipas,Hombres,28,17.74148875088036
2014,Tamaulipas,Hombres,28,24.24419500326712
2013,Tamaulipas,Hombres,28,18.24120845293989
2012,Tamaulipas,Hombres,28,24.43756574843834
2011,Tamaulipas,Hombres,28,19.63366047062058
2010,Tamaulipas,Hombres,28,24.19719686003525
2021,Tamaulipas,Mujeres,28,15.732289159999985
2020,Tamaulipas,Mujeres,28,16.31273646
2019,Tamaulipas,Mujeres,28,16.233806741386115
2018,Tamaulipas,Mujeres,28,19.26841473755854
2017,Tamaulipas,Mujeres,28,18.91161772976516
2016,Tamaulipas,Mujeres,28,17.057611134233355
2015,Tamaulipas,Mujeres,28,19.92106898979609
2014,Tamaulipas,Mujeres,28,22.538215511970357
2013,Tamaulipas,Mujeres,28,17.008636006456737
2012,Tamaulipas,Mujeres,28,18.854636601302044
2011,Tamaulipas,Mujeres,28,16.792182621971232
2010,Tamaulipas,Mujeres,28,21.188083662009557
2021,Tlaxcala,Total,29,23.675983640000016
2020,Tlaxcala,Total,29,24.49102118000004
2019,Tlaxcala,Total,29,25.458216853931397
2018,Tlaxcala,Total,29,31.512263202455387
2017,Tlaxcala,Total,29,30.21204448113655
2016,Tlaxcala,Total,29,24.797508795305813
2015,Tlaxcala,Total,29,26.9052546707012
2014,Tlaxcala,Total,29,26.012242154561623
2013,Tlaxcala,Total,29,21.92434536222346
2012,Tlaxcala,Total,29,18.15020408981962
2011,Tlaxcala,Total,29,18.135438231238663
2010,Tlaxcala,Total,29,20.87422264880342
2021,Tlaxcala,Hombres,29,25.880475710000034
2020,Tlaxcala,Hombres,29,27.85895376999997
2019,Tlaxcala,Hombres,29,27.42886552801835
2018,Tlaxcala,Hombres,29,33.91287342176698
2017,Tlaxcala,Hombres,29,31.63021349147165
2016,Tlaxcala,Hombres,29,27.318245294927348
2015,Tlaxcala,Hombres,29,30.4603897089661
2014,Tlaxcala,Hombres,29,30.4830446131009
2013,Tlaxcala,Hombres,29,24.32664157823762
2012,Tlaxcala,Hombres,29,20.007961481593792
2011,Tlaxcala,Hombres,29,19.294913562447128
2010,Tlaxcala,Hombres,29,23.25656986377031
2021,Tlaxcala,Mujeres,29,21.814251090000027
2020,Tlaxcala,Mujeres,29,21.55016376999996
2019,Tlaxcala,Mujeres,29,23.822995715768226
2018,Tlaxcala,Mujeres,29,29.448797267766267
2017,Tlaxcala,Mujeres,29,28.99362569171753
2016,Tlaxcala,Mujeres,29,22.609560249240243
2015,Tlaxcala,Mujeres,29,23.9316128948949
2014,Tlaxcala,Mujeres,29,22.239796414275634
2013,Tlaxcala,Mujeres,29,19.95470754555385
2012,Tlaxcala,Mujeres,29,16.54886673980532
2011,Tlaxcala,Mujeres,29,17.105250192152255
2010,Tlaxcala,Mujeres,29,18.827146762369424
2021,Veracruz de Ignacio de la Llave,Total,30,15.653551079999955
2020,Veracruz de Ignacio de la Llave,Total,30,14.60199229
2019,Veracruz de Ignacio de la Llave,Total,30,14.108415013329482
2018,Veracruz de Ignacio de la Llave,Total,30,16.001471776701283
2017,Veracruz de Ignacio de la Llave,Total,30,16.511984710085425
2016,Veracruz de Ignacio de la Llave,Total,30,16.918038856411442
2015,Veracruz de Ignacio de la Llave,Total,30,18.42209225400328
2014,Veracruz de Ignacio de la Llave,Total,30,17.2084010181502
2013,Veracruz de Ignacio de la Llave,Total,30,20.2458185683516
2012,Veracruz de Ignacio de la Llave,Total,30,18.732632889955507
2011,Veracruz de Ignacio de la Llave,Total,30,17.707777700732148
2010,Veracruz de Ignacio de la Llave,Total,30,16.89960103952193
2021,Veracruz de Ignacio de la Llave,Hombres,30,16.65463129999995
2020,Veracruz de Ignacio de la Llave,Hombres,30,14.360970360000008
2019,Veracruz de Ignacio de la Llave,Hombres,30,13.961232719201073
2018,Veracruz de Ignacio de la Llave,Hombres,30,16.414076226031785
2017,Veracruz de Ignacio de la Llave,Hombres,30,17.185951447526584
2016,Veracruz de Ignacio de la Llave,Hombres,30,17.261666895612972
2015,Veracruz de Ignacio de la Llave,Hombres,30,19.060063598586066
2014,Veracruz de Ignacio de la Llave,Hombres,30,16.55824603406359
2013,Veracruz de Ignacio de la Llave,Hombres,30,20.96497041257634
2012,Veracruz de Ignacio de la Llave,Hombres,30,17.39313697634477
2011,Veracruz de Ignacio de la Llave,Hombres,30,17.358353776249082
2010,Veracruz de Ignacio de la Llave,Hombres,30,17.559853858967063
2021,Veracruz de Ignacio de la Llave,Mujeres,30,14.83268475
2020,Veracruz de Ignacio de la Llave,Mujeres,30,14.801338870000045
2019,Veracruz de Ignacio de la Llave,Mujeres,30,14.240834816600438
2018,Veracruz de Ignacio de la Llave,Mujeres,30,15.633000622537796
2017,Veracruz de Ignacio de la Llave,Mujeres,30,15.913036750380328
2016,Veracruz de Ignacio de la Llave,Mujeres,30,16.628835813660036
2015,Veracruz de Ignacio de la Llave,Mujeres,30,17.89679431654663
2014,Veracruz de Ignacio de la Llave,Mujeres,30,17.790604440611506
2013,Veracruz de Ignacio de la Llave,Mujeres,30,19.631209453109435
2012,Veracruz de Ignacio de la Llave,Mujeres,30,19.90033485867026
2011,Veracruz de Ignacio de la Llave,Mujeres,30,18.000326782047313
2010,Veracruz de Ignacio de la Llave,Mujeres,30,16.31048619306198
2021,Yucatán,Total,31,17.442226829999985
2020,Yucatán,Total,31,16.01088836000003
2019,Yucatán,Total,31,15.436697930458196
2018,Yucatán,Total,31,18.6351727428264
2017,Yucatán,Total,31,20.999004691243545
2016,Yucatán,Total,31,19.66806304509449
2015,Yucatán,Total,31,20.491434000220544
2014,Yucatán,Total,31,22.85993488086065
2013,Yucatán,Total,31,18.438344173132005
2012,Yucatán,Total,31,19.547981255013383
2011,Yucatán,Total,31,14.816345825982337
2010,Yucatán,Total,31,17.71535093034346
2021,Yucatán,Hombres,31,17.900730869999986
2020,Yucatán,Hombres,31,16.536331439999966
2019,Yucatán,Hombres,31,15.742113977230426
2018,Yucatán,Hombres,31,18.6003825724126
2017,Yucatán,Hombres,31,20.82188534977577
2016,Yucatán,Hombres,31,21.071447177412036
2015,Yucatán,Hombres,31,22.354967141276543
2014,Yucatán,Hombres,31,22.79423890125686
2013,Yucatán,Hombres,31,20.10104577948683
2012,Yucatán,Hombres,31,19.95268533539825
2011,Yucatán,Hombres,31,16.57118001812904
2010,Yucatán,Hombres,31,19.93449730581183
2021,Yucatán,Mujeres,31,16.994227350000028
2020,Yucatán,Mujeres,31,15.530528300000013
2019,Yucatán,Mujeres,31,15.178153612264458
2018,Yucatán,Mujeres,31,18.66602318200801
2017,Yucatán,Mujeres,31,21.167215120902245
2016,Yucatán,Mujeres,31,18.420502550301997
2015,Yucatán,Mujeres,31,18.84750764690509
2014,Yucatán,Mujeres,31,22.919803029693085
2013,Yucatán,Mujeres,31,16.85761247721093
2012,Yucatán,Mujeres,31,19.177434094713785
2011,Yucatán,Mujeres,31,13.345169206854504
2010,Yucatán,Mujeres,31,15.66983840384813
2021,Zacatecas,Total,32,17.90131135000001
2020,Zacatecas,Total,32,18.041549549999967
2019,Zacatecas,Total,32,17.601457058796097
2018,Zacatecas,Total,32,22.14087024333458
2017,Zacatecas,Total,32,24.95807279018937
2016,Zacatecas,Total,32,19.15803989542524
2015,Zacatecas,Total,32,17.63490949185349
2014,Zacatecas,Total,32,22.924467086092434
2013,Zacatecas,Total,32,20.862929914164443
2012,Zacatecas,Total,32,20.33683941055642
2011,Zacatecas,Total,32,20.136842009404077
2010,Zacatecas,Total,32,22.247375960627483
2021,Zacatecas,Hombres,32,18.96119974000001
2020,Zacatecas,Hombres,32,17.95929614000004
2019,Zacatecas,Hombres,32,19.0859147408648
2018,Zacatecas,Hombres,32,24.24133477403696
2017,Zacatecas,Hombres,32,26.264684370008723
2016,Zacatecas,Hombres,32,21.300379633361946
2015,Zacatecas,Hombres,32,21.56966746089301
2014,Zacatecas,Hombres,32,24.14461400637735
2013,Zacatecas,Hombres,32,21.567696676275144
2012,Zacatecas,Hombres,32,21.838877053513308
2011,Zacatecas,Hombres,32,24.194253947278447
2010,Zacatecas,Hombres,32,29.21921282137636
2021,Zacatecas,Mujeres,32,17.03932895000002
2020,Zacatecas,Mujeres,32,18.115943280000007
2019,Zacatecas,Mujeres,32,16.271232620116038
2018,Zacatecas,Mujeres,32,20.22204967558263
2017,Zacatecas,Mujeres,32,23.606887609403667
2016,Zacatecas,Mujeres,32,17.20006378404337
2015,Zacatecas,Mujeres,32,14.023594826176366
2014,Zacatecas,Mujeres,32,21.908321668248707
2013,Zacatecas,Mujeres,32,20.25025254930081
2012,Zacatecas,Mujeres,32,19.118975307983412
2011,Zacatecas,Mujeres,32,16.89531711028552
2010,Zacatecas,Mujeres,32,16.4857737314303
