Year,Entidad federativa,GeoCode,Value
2021,Estados Unidos Mexicanos,0,14.78249
2020,Estados Unidos Mexicanos,0,14.44902
2019,Estados Unidos Mexicanos,0,15.4185
2018,Estados Unidos Mexicanos,0,15.24884
2017,Estados Unidos Mexicanos,0,15.81054
2016,Estados Unidos Mexicanos,0,15.77442
2015,Estados Unidos Mexicanos,0,16.00102
2014,Estados Unidos Mexicanos,0,15.88503
2013,Estados Unidos Mexicanos,0,16.88742
2012,Estados Unidos Mexicanos,0,17.30022
2011,Estados Unidos Mexicanos,0,17.95019
2010,Estados Unidos Mexicanos,0,18.66259
2009,Estados Unidos Mexicanos,0,19.08885
2008,Estados Unidos Mexicanos,0,19.53676
2007,Estados Unidos Mexicanos,0,20.02813
2006,Estados Unidos Mexicanos,0,20.54119
2005,Estados Unidos Mexicanos,0,21.09316
2004,Estados Unidos Mexicanos,0,21.67923
2003,Estados Unidos Mexicanos,0,22.44791
2002,Estados Unidos Mexicanos,0,23.45102
2001,Estados Unidos Mexicanos,0,24.63551
2000,Estados Unidos Mexicanos,0,25.89249
1999,Estados Unidos Mexicanos,0,27.12265
1998,Estados Unidos Mexicanos,0,28.31302
1997,Estados Unidos Mexicanos,0,29.49933
1996,Estados Unidos Mexicanos,0,30.67533
1995,Estados Unidos Mexicanos,0,31.80922
1994,Estados Unidos Mexicanos,0,32.919
1993,Estados Unidos Mexicanos,0,34.19945
1992,Estados Unidos Mexicanos,0,35.65786
1991,Estados Unidos Mexicanos,0,37.30325
1990,Estados Unidos Mexicanos,0,41.79346
2021,Aguascalientes,1,12.25653
2020,Aguascalientes,1,11.84039
2019,Aguascalientes,1,12.7177
2018,Aguascalientes,1,10.90637
2017,Aguascalientes,1,11.71314
2016,Aguascalientes,1,11.02887
2015,Aguascalientes,1,10.44126
2014,Aguascalientes,1,11.79843
2013,Aguascalientes,1,11.06618
2012,Aguascalientes,1,12.20674
2011,Aguascalientes,1,11.85932
2010,Aguascalientes,1,14.71916
2009,Aguascalientes,1,15.1664
2008,Aguascalientes,1,15.70001
2007,Aguascalientes,1,16.20535
2006,Aguascalientes,1,16.72848
2005,Aguascalientes,1,17.1767
2004,Aguascalientes,1,17.65777
2003,Aguascalientes,1,18.29972
2002,Aguascalientes,1,19.06322
2001,Aguascalientes,1,20.32879
2000,Aguascalientes,1,21.62358
1999,Aguascalientes,1,23.00521
1998,Aguascalientes,1,24.20331
1997,Aguascalientes,1,25.47976
1996,Aguascalientes,1,26.15775
1995,Aguascalientes,1,26.75761
1994,Aguascalientes,1,27.52706
1993,Aguascalientes,1,28.42088
1992,Aguascalientes,1,29.25655
1991,Aguascalientes,1,30.18316
1990,Aguascalientes,1,32.16477
2021,Baja California,2,11.89129
2020,Baja California,2,13.92147
2019,Baja California,2,10.87441
2018,Baja California,2,12.49579
2017,Baja California,2,12.57508
2016,Baja California,2,11.41394
2015,Baja California,2,12.30323
2014,Baja California,2,11.66611
2013,Baja California,2,13.03729
2012,Baja California,2,15.13718
2011,Baja California,2,15.06675
2010,Baja California,2,14.06183
2009,Baja California,2,14.57028
2008,Baja California,2,15.01784
2007,Baja California,2,15.55235
2006,Baja California,2,16.04975
2005,Baja California,2,16.6009
2004,Baja California,2,17.19251
2003,Baja California,2,17.91556
2002,Baja California,2,18.83579
2001,Baja California,2,19.76973
2000,Baja California,2,20.7928
1999,Baja California,2,21.78716
1998,Baja California,2,22.72811
1997,Baja California,2,23.67945
1996,Baja California,2,24.58272
1995,Baja California,2,25.42974
1994,Baja California,2,25.9356
1993,Baja California,2,26.50351
1992,Baja California,2,27.19922
1991,Baja California,2,28.03334
1990,Baja California,2,31.25621
2021,Baja California Sur,3,9.93306
2020,Baja California Sur,3,12.71571
2019,Baja California Sur,3,9.75434
2018,Baja California Sur,3,13.96719
2017,Baja California Sur,3,12.76565
2016,Baja California Sur,3,10.02488
2015,Baja California Sur,3,11.38986
2014,Baja California Sur,3,12.14093
2013,Baja California Sur,3,13.24556
2012,Baja California Sur,3,12.49515
2011,Baja California Sur,3,11.64633
2010,Baja California Sur,3,15.93207
2009,Baja California Sur,3,16.40023
2008,Baja California Sur,3,16.74826
2007,Baja California Sur,3,17.38588
2006,Baja California Sur,3,17.84229
2005,Baja California Sur,3,18.44632
2004,Baja California Sur,3,19.02728
2003,Baja California Sur,3,19.75971
2002,Baja California Sur,3,20.70646
2001,Baja California Sur,3,21.44633
2000,Baja California Sur,3,22.22222
1999,Baja California Sur,3,22.88108
1998,Baja California Sur,3,23.48739
1997,Baja California Sur,3,24.0977
1996,Baja California Sur,3,24.82425
1995,Baja California Sur,3,25.55911
1994,Baja California Sur,3,26.21145
1993,Baja California Sur,3,26.95835
1992,Baja California Sur,3,27.64823
1991,Baja California Sur,3,29.26067
1990,Baja California Sur,3,34.06408
2021,Campeche,4,15.88562
2020,Campeche,4,10.3384
2019,Campeche,4,13.10451
2018,Campeche,4,16.54793
2017,Campeche,4,13.30947
2016,Campeche,4,15.2524
2015,Campeche,4,17.7938
2014,Campeche,4,14.26089
2013,Campeche,4,17.00357
2012,Campeche,4,18.91412
2011,Campeche,4,17.679
2010,Campeche,4,19.81716
2009,Campeche,4,20.04953
2008,Campeche,4,20.42979
2007,Campeche,4,20.87008
2006,Campeche,4,21.33896
2005,Campeche,4,21.91107
2004,Campeche,4,22.57894
2003,Campeche,4,23.47307
2002,Campeche,4,24.54243
2001,Campeche,4,26.17146
2000,Campeche,4,28.25332
1999,Campeche,4,29.9982
1998,Campeche,4,31.72142
1997,Campeche,4,33.43826
1996,Campeche,4,33.89329
1995,Campeche,4,34.22435
1994,Campeche,4,34.47873
1993,Campeche,4,34.60912
1992,Campeche,4,34.80682
1991,Campeche,4,37.40215
1990,Campeche,4,45.55478
2021,Coahuila de Zaragoza,5,10.68745
2020,Coahuila de Zaragoza,5,12.81062
2019,Coahuila de Zaragoza,5,14.42038
2018,Coahuila de Zaragoza,5,13.60959
2017,Coahuila de Zaragoza,5,14.31532
2016,Coahuila de Zaragoza,5,15.04645
2015,Coahuila de Zaragoza,5,14.03503
2014,Coahuila de Zaragoza,5,16.09273
2013,Coahuila de Zaragoza,5,13.63828
2012,Coahuila de Zaragoza,5,14.80628
2011,Coahuila de Zaragoza,5,11.61476
2010,Coahuila de Zaragoza,5,13.91502
2009,Coahuila de Zaragoza,5,14.38725
2008,Coahuila de Zaragoza,5,14.90098
2007,Coahuila de Zaragoza,5,15.47372
2006,Coahuila de Zaragoza,5,16.0269
2005,Coahuila de Zaragoza,5,16.56716
2004,Coahuila de Zaragoza,5,17.10158
2003,Coahuila de Zaragoza,5,17.81518
2002,Coahuila de Zaragoza,5,18.70445
2001,Coahuila de Zaragoza,5,19.10652
2000,Coahuila de Zaragoza,5,19.51464
1999,Coahuila de Zaragoza,5,19.88885
1998,Coahuila de Zaragoza,5,20.1639
1997,Coahuila de Zaragoza,5,20.4645
1996,Coahuila de Zaragoza,5,23.24347
1995,Coahuila de Zaragoza,5,25.72178
1994,Coahuila de Zaragoza,5,28.05364
1993,Coahuila de Zaragoza,5,30.80015
1992,Coahuila de Zaragoza,5,34.0942
1991,Coahuila de Zaragoza,5,34.06494
1990,Coahuila de Zaragoza,5,33.45934
2021,Colima,6,11.31071
2020,Colima,6,8.85288
2019,Colima,6,12.50465
2018,Colima,6,12.962
2017,Colima,6,12.55599
2016,Colima,6,10.64611
2015,Colima,6,10.36772
2014,Colima,6,10.9776
2013,Colima,6,14.44647
2012,Colima,6,12.57071
2011,Colima,6,14.15874
2010,Colima,6,15.41002
2009,Colima,6,15.78989
2008,Colima,6,16.21969
2007,Colima,6,16.65989
2006,Colima,6,17.08138
2005,Colima,6,17.61462
2004,Colima,6,18.19225
2003,Colima,6,18.96354
2002,Colima,6,19.87942
2001,Colima,6,20.9127
2000,Colima,6,22.34772
1999,Colima,6,23.36825
1998,Colima,6,24.52404
1997,Colima,6,25.75488
1996,Colima,6,26.90257
1995,Colima,6,27.73746
1994,Colima,6,29.11909
1993,Colima,6,30.46358
1992,Colima,6,32.38287
1991,Colima,6,34.03164
1990,Colima,6,37.475
2021,Chiapas,7,23.52704
2020,Chiapas,7,22.14069
2019,Chiapas,7,23.13111
2018,Chiapas,7,23.91909
2017,Chiapas,7,24.69304
2016,Chiapas,7,25.72152
2015,Chiapas,7,25.83533
2014,Chiapas,7,26.78362
2013,Chiapas,7,25.9865
2012,Chiapas,7,27.70207
2011,Chiapas,7,27.16006
2010,Chiapas,7,27.60275
2009,Chiapas,7,28.13575
2008,Chiapas,7,28.72524
2007,Chiapas,7,29.45405
2006,Chiapas,7,30.11037
2005,Chiapas,7,30.93494
2004,Chiapas,7,31.83348
2003,Chiapas,7,33.05016
2002,Chiapas,7,34.59378
2001,Chiapas,7,35.81977
2000,Chiapas,7,37.10119
1999,Chiapas,7,38.46926
1998,Chiapas,7,39.83593
1997,Chiapas,7,41.21457
1996,Chiapas,7,45.03383
1995,Chiapas,7,48.61175
1994,Chiapas,7,51.56027
1993,Chiapas,7,54.89818
1992,Chiapas,7,58.82769
1991,Chiapas,7,60.37042
1990,Chiapas,7,64.35067
2021,Chihuahua,8,19.0777
2020,Chihuahua,8,17.33713
2019,Chihuahua,8,15.93074
2018,Chihuahua,8,16.91457
2017,Chihuahua,8,17.9879
2016,Chihuahua,8,17.13467
2015,Chihuahua,8,18.37093
2014,Chihuahua,8,17.13665
2013,Chihuahua,8,18.11187
2012,Chihuahua,8,16.51323
2011,Chihuahua,8,17.42954
2010,Chihuahua,8,19.27112
2009,Chihuahua,8,19.80284
2008,Chihuahua,8,20.28
2007,Chihuahua,8,20.76827
2006,Chihuahua,8,21.23017
2005,Chihuahua,8,21.74006
2004,Chihuahua,8,22.24667
2003,Chihuahua,8,22.90098
2002,Chihuahua,8,23.79083
2001,Chihuahua,8,24.59051
2000,Chihuahua,8,25.43467
1999,Chihuahua,8,26.31765
1998,Chihuahua,8,27.25385
1997,Chihuahua,8,28.14838
1996,Chihuahua,8,28.92933
1995,Chihuahua,8,29.56801
1994,Chihuahua,8,30.01604
1993,Chihuahua,8,30.5786
1992,Chihuahua,8,31.23117
1991,Chihuahua,8,31.93495
1990,Chihuahua,8,33.98841
2021,Ciudad de México,9,13.74619
2020,Ciudad de México,9,15.53667
2019,Ciudad de México,9,14.39391
2018,Ciudad de México,9,14.03467
2017,Ciudad de México,9,14.38709
2016,Ciudad de México,9,13.7315
2015,Ciudad de México,9,14.22589
2014,Ciudad de México,9,13.47139
2013,Ciudad de México,9,14.86445
2012,Ciudad de México,9,15.32715
2011,Ciudad de México,9,16.42938
2010,Ciudad de México,9,13.89798
2009,Ciudad de México,9,14.36211
2008,Ciudad de México,9,14.76915
2007,Ciudad de México,9,15.19503
2006,Ciudad de México,9,15.6356
2005,Ciudad de México,9,16.1094
2004,Ciudad de México,9,16.59196
2003,Ciudad de México,9,17.23178
2002,Ciudad de México,9,18.08172
2001,Ciudad de México,9,18.20961
2000,Ciudad de México,9,18.37515
1999,Ciudad de México,9,18.52586
1998,Ciudad de México,9,18.65667
1997,Ciudad de México,9,18.78565
1996,Ciudad de México,9,19.86862
1995,Ciudad de México,9,20.86289
1994,Ciudad de México,9,21.91779
1993,Ciudad de México,9,23.11178
1992,Ciudad de México,9,24.49802
1991,Ciudad de México,9,24.93766
1990,Ciudad de México,9,25.6068
2021,Durango,10,16.47894
2020,Durango,10,12.23306
2019,Durango,10,14.89702
2018,Durango,10,16.91079
2017,Durango,10,15.29213
2016,Durango,10,15.42247
2015,Durango,10,16.50623
2014,Durango,10,16.32386
2013,Durango,10,15.94677
2012,Durango,10,15.5058
2011,Durango,10,17.10465
2010,Durango,10,20.08316
2009,Durango,10,20.47155
2008,Durango,10,20.98119
2007,Durango,10,21.46912
2006,Durango,10,21.94849
2005,Durango,10,22.44098
2004,Durango,10,23.00309
2003,Durango,10,23.68486
2002,Durango,10,24.6453
2001,Durango,10,25.79269
2000,Durango,10,27.12555
1999,Durango,10,28.40594
1998,Durango,10,29.68167
1997,Durango,10,30.8998
1996,Durango,10,31.46487
1995,Durango,10,32.02603
1994,Durango,10,32.5003
1993,Durango,10,32.95697
1992,Durango,10,33.47338
1991,Durango,10,34.91703
1990,Durango,10,39.28732
2021,Guanajuato,11,18.68911
2020,Guanajuato,11,12.19236
2019,Guanajuato,11,17.50978
2018,Guanajuato,11,13.23756
2017,Guanajuato,11,17.35197
2016,Guanajuato,11,17.75842
2015,Guanajuato,11,17.58156
2014,Guanajuato,11,14.26002
2013,Guanajuato,11,18.98233
2012,Guanajuato,11,19.32692
2011,Guanajuato,11,19.27017
2010,Guanajuato,11,19.92797
2009,Guanajuato,11,20.40428
2008,Guanajuato,11,20.95713
2007,Guanajuato,11,21.5242
2006,Guanajuato,11,22.10118
2005,Guanajuato,11,22.69374
2004,Guanajuato,11,23.28
2003,Guanajuato,11,24.05231
2002,Guanajuato,11,25.0194
2001,Guanajuato,11,26.15445
2000,Guanajuato,11,27.33543
1999,Guanajuato,11,28.48774
1998,Guanajuato,11,29.52602
1997,Guanajuato,11,30.60598
1996,Guanajuato,11,31.16677
1995,Guanajuato,11,31.83255
1994,Guanajuato,11,32.38837
1993,Guanajuato,11,33.05691
1992,Guanajuato,11,33.80069
1991,Guanajuato,11,35.6932
1990,Guanajuato,11,40.90295
2021,Guerrero,12,26.00549
2020,Guerrero,12,17.52856
2019,Guerrero,12,19.73751
2018,Guerrero,12,23.15382
2017,Guerrero,12,19.90799
2016,Guerrero,12,20.90972
2015,Guerrero,12,21.30102
2014,Guerrero,12,20.92797
2013,Guerrero,12,22.74218
2012,Guerrero,12,22.4504
2011,Guerrero,12,24.04403
2010,Guerrero,12,23.51912
2009,Guerrero,12,23.99909
2008,Guerrero,12,24.55852
2007,Guerrero,12,25.14154
2006,Guerrero,12,26.04371
2005,Guerrero,12,27.0671
2004,Guerrero,12,28.17216
2003,Guerrero,12,29.68567
2002,Guerrero,12,31.56549
2001,Guerrero,12,33.08739
2000,Guerrero,12,34.72123
1999,Guerrero,12,36.10682
1998,Guerrero,12,37.21922
1997,Guerrero,12,38.27122
1996,Guerrero,12,39.65437
1995,Guerrero,12,41.02246
1994,Guerrero,12,42.60371
1993,Guerrero,12,44.41098
1992,Guerrero,12,46.48445
1991,Guerrero,12,49.21385
1990,Guerrero,12,56.57779
2021,Hidalgo,13,9.82986
2020,Hidalgo,13,11.91301
2019,Hidalgo,13,10.91657
2018,Hidalgo,13,11.11217
2017,Hidalgo,13,11.39037
2016,Hidalgo,13,11.76978
2015,Hidalgo,13,12.74767
2014,Hidalgo,13,13.20477
2013,Hidalgo,13,13.98695
2012,Hidalgo,13,14.03599
2011,Hidalgo,13,14.90076
2010,Hidalgo,13,16.14088
2009,Hidalgo,13,16.50879
2008,Hidalgo,13,16.85765
2007,Hidalgo,13,17.2509
2006,Hidalgo,13,17.62439
2005,Hidalgo,13,18.1184
2004,Hidalgo,13,18.67968
2003,Hidalgo,13,19.39534
2002,Hidalgo,13,20.32564
2001,Hidalgo,13,22.44047
2000,Hidalgo,13,24.65686
1999,Hidalgo,13,26.83303
1998,Hidalgo,13,28.88595
1997,Hidalgo,13,31.01951
1996,Hidalgo,13,34.05055
1995,Hidalgo,13,36.80287
1994,Hidalgo,13,40.2222
1993,Hidalgo,13,44.26693
1992,Hidalgo,13,49.06853
1991,Hidalgo,13,51.68421
1990,Hidalgo,13,57.03121
2021,Jalisco,14,12.95328
2020,Jalisco,14,13.53604
2019,Jalisco,14,13.05922
2018,Jalisco,14,13.22416
2017,Jalisco,14,13.91264
2016,Jalisco,14,12.83921
2015,Jalisco,14,12.8869
2014,Jalisco,14,13.00453
2013,Jalisco,14,12.94652
2012,Jalisco,14,13.53283
2011,Jalisco,14,14.63465
2010,Jalisco,14,14.3097
2009,Jalisco,14,14.76586
2008,Jalisco,14,15.22447
2007,Jalisco,14,15.70812
2006,Jalisco,14,16.21459
2005,Jalisco,14,16.70366
2004,Jalisco,14,17.19728
2003,Jalisco,14,17.83123
2002,Jalisco,14,18.66491
2001,Jalisco,14,20.15807
2000,Jalisco,14,21.73065
1999,Jalisco,14,23.27319
1998,Jalisco,14,24.75659
1997,Jalisco,14,26.23586
1996,Jalisco,14,27.0843
1995,Jalisco,14,28.06581
1994,Jalisco,14,28.61775
1993,Jalisco,14,29.30939
1992,Jalisco,14,30.13059
1991,Jalisco,14,30.7438
1990,Jalisco,14,32.47894
2021,México,15,10.84681
2020,México,15,15.10552
2019,México,15,15.80589
2018,México,15,15.76176
2017,México,15,15.90459
2016,México,15,15.37387
2015,México,15,15.96083
2014,México,15,16.27027
2013,México,15,17.56841
2012,México,15,17.47582
2011,México,15,18.77495
2010,México,15,19.99244
2009,México,15,20.48088
2008,México,15,20.87841
2007,México,15,21.35552
2006,México,15,21.79512
2005,México,15,22.24759
2004,México,15,22.72026
2003,México,15,23.3574
2002,México,15,24.23154
2001,México,15,25.11326
2000,México,15,26.06873
1999,México,15,27.07828
1998,México,15,28.15515
1997,México,15,29.2216
1996,México,15,29.90355
1995,México,15,30.66162
1994,México,15,30.90831
1993,México,15,31.24895
1992,México,15,31.66585
1991,México,15,32.32271
1990,México,15,34.48517
2021,Michoacán de Ocampo,16,21.69396
2020,Michoacán de Ocampo,16,18.04279
2019,Michoacán de Ocampo,16,19.10005
2018,Michoacán de Ocampo,16,19.03328
2017,Michoacán de Ocampo,16,19.36926
2016,Michoacán de Ocampo,16,19.21692
2015,Michoacán de Ocampo,16,20.53847
2014,Michoacán de Ocampo,16,18.97348
2013,Michoacán de Ocampo,16,19.07551
2012,Michoacán de Ocampo,16,19.57596
2011,Michoacán de Ocampo,16,21.41765
2010,Michoacán de Ocampo,16,21.25971
2009,Michoacán de Ocampo,16,21.48753
2008,Michoacán de Ocampo,16,21.86132
2007,Michoacán de Ocampo,16,22.24564
2006,Michoacán de Ocampo,16,22.65352
2005,Michoacán de Ocampo,16,23.12151
2004,Michoacán de Ocampo,16,23.67076
2003,Michoacán de Ocampo,16,24.36842
2002,Michoacán de Ocampo,16,25.31721
2001,Michoacán de Ocampo,16,26.67326
2000,Michoacán de Ocampo,16,28.09675
1999,Michoacán de Ocampo,16,29.52878
1998,Michoacán de Ocampo,16,30.91109
1997,Michoacán de Ocampo,16,32.30142
1996,Michoacán de Ocampo,16,32.70924
1995,Michoacán de Ocampo,16,33.20065
1994,Michoacán de Ocampo,16,33.50798
1993,Michoacán de Ocampo,16,33.91329
1992,Michoacán de Ocampo,16,34.33059
1991,Michoacán de Ocampo,16,36.36605
1990,Michoacán de Ocampo,16,42.21118
2021,Morelos,17,9.02581
2020,Morelos,17,8.63143
2019,Morelos,17,10.17506
2018,Morelos,17,11.04808
2017,Morelos,17,13.43964
2016,Morelos,17,13.19245
2015,Morelos,17,11.74676
2014,Morelos,17,12.40268
2013,Morelos,17,12.49444
2012,Morelos,17,13.68712
2011,Morelos,17,15.69376
2010,Morelos,17,15.12787
2009,Morelos,17,15.50805
2008,Morelos,17,15.92852
2007,Morelos,17,16.38317
2006,Morelos,17,16.7242
2005,Morelos,17,17.17676
2004,Morelos,17,17.84465
2003,Morelos,17,18.52867
2002,Morelos,17,19.41748
2001,Morelos,17,20.50891
2000,Morelos,17,21.67364
1999,Morelos,17,22.72916
1998,Morelos,17,23.68579
1997,Morelos,17,24.59771
1996,Morelos,17,27.47518
1995,Morelos,17,29.95724
1994,Morelos,17,33.16291
1993,Morelos,17,37.04022
1992,Morelos,17,41.50539
1991,Morelos,17,42.2313
1990,Morelos,17,42.2884
2021,Nayarit,18,9.55328
2020,Nayarit,18,8.12178
2019,Nayarit,18,11.35173
2018,Nayarit,18,10.6142
2017,Nayarit,18,11.53879
2016,Nayarit,18,12.82493
2015,Nayarit,18,11.69864
2014,Nayarit,18,12.65985
2013,Nayarit,18,12.8654
2012,Nayarit,18,12.79723
2011,Nayarit,18,14.84369
2010,Nayarit,18,14.21642
2009,Nayarit,18,14.72523
2008,Nayarit,18,15.12467
2007,Nayarit,18,15.53424
2006,Nayarit,18,15.92414
2005,Nayarit,18,16.43552
2004,Nayarit,18,17.00099
2003,Nayarit,18,17.72778
2002,Nayarit,18,18.57014
2001,Nayarit,18,20.81184
2000,Nayarit,18,23.17985
1999,Nayarit,18,25.44484
1998,Nayarit,18,27.54797
1997,Nayarit,18,29.63575
1996,Nayarit,18,29.90534
1995,Nayarit,18,30.56005
1994,Nayarit,18,31.08131
1993,Nayarit,18,31.80256
1992,Nayarit,18,32.53525
1991,Nayarit,18,34.34226
1990,Nayarit,18,39.24334
2021,Nuevo León,19,11.91094
2020,Nuevo León,19,10.66148
2019,Nuevo León,19,12.21231
2018,Nuevo León,19,12.52755
2017,Nuevo León,19,12.02231
2016,Nuevo León,19,11.73083
2015,Nuevo León,19,11.54927
2014,Nuevo León,19,11.81042
2013,Nuevo León,19,11.8206
2012,Nuevo León,19,11.46313
2011,Nuevo León,19,13.6345
2010,Nuevo León,19,13.61239
2009,Nuevo León,19,14.10774
2008,Nuevo León,19,14.63156
2007,Nuevo León,19,15.19668
2006,Nuevo León,19,15.76423
2005,Nuevo León,19,16.25978
2004,Nuevo León,19,16.69542
2003,Nuevo León,19,17.27981
2002,Nuevo León,19,18.05951
2001,Nuevo León,19,18.09664
2000,Nuevo León,19,18.13938
1999,Nuevo León,19,18.23653
1998,Nuevo León,19,18.34483
1997,Nuevo León,19,18.44678
1996,Nuevo León,19,19.48949
1995,Nuevo León,19,20.34161
1994,Nuevo León,19,21.58785
1993,Nuevo León,19,22.97918
1992,Nuevo León,19,24.54698
1991,Nuevo León,19,25.94865
1990,Nuevo León,19,29.36906
2021,Oaxaca,20,25.80334
2020,Oaxaca,20,23.42859
2019,Oaxaca,20,24.34867
2018,Oaxaca,20,22.48828
2017,Oaxaca,20,24.13436
2016,Oaxaca,20,24.04114
2015,Oaxaca,20,24.0547
2014,Oaxaca,20,24.57275
2013,Oaxaca,20,24.39244
2012,Oaxaca,20,25.80296
2011,Oaxaca,20,26.41131
2010,Oaxaca,20,26.63407
2009,Oaxaca,20,26.95064
2008,Oaxaca,20,27.36963
2007,Oaxaca,20,27.82236
2006,Oaxaca,20,28.25856
2005,Oaxaca,20,28.9059
2004,Oaxaca,20,29.77682
2003,Oaxaca,20,30.90166
2002,Oaxaca,20,32.33983
2001,Oaxaca,20,33.59065
2000,Oaxaca,20,34.90807
1999,Oaxaca,20,36.10697
1998,Oaxaca,20,37.16296
1997,Oaxaca,20,38.26985
1996,Oaxaca,20,41.56161
1995,Oaxaca,20,44.90323
1994,Oaxaca,20,47.74968
1993,Oaxaca,20,51.05721
1992,Oaxaca,20,54.90716
1991,Oaxaca,20,56.92352
1990,Oaxaca,20,62.34892
2021,Puebla,21,15.52289
2020,Puebla,21,15.92718
2019,Puebla,21,16.84485
2018,Puebla,21,16.38142
2017,Puebla,21,17.90398
2016,Puebla,21,17.37661
2015,Puebla,21,17.19265
2014,Puebla,21,17.42688
2013,Puebla,21,18.57218
2012,Puebla,21,19.7295
2011,Puebla,21,21.56227
2010,Puebla,21,22.70682
2009,Puebla,21,23.0107
2008,Puebla,21,23.46143
2007,Puebla,21,23.95872
2006,Puebla,21,24.50405
2005,Puebla,21,24.99499
2004,Puebla,21,25.46381
2003,Puebla,21,26.13027
2002,Puebla,21,27.0362
2001,Puebla,21,28.82607
2000,Puebla,21,30.77327
1999,Puebla,21,32.71315
1998,Puebla,21,34.62629
1997,Puebla,21,36.48757
1996,Puebla,21,36.65928
1995,Puebla,21,36.76364
1994,Puebla,21,37.23563
1993,Puebla,21,37.77227
1992,Puebla,21,38.24213
1991,Puebla,21,40.6749
1990,Puebla,21,47.54876
2021,Querétaro,22,12.98375
2020,Querétaro,22,11.41572
2019,Querétaro,22,12.10304
2018,Querétaro,22,12.07047
2017,Querétaro,22,11.83611
2016,Querétaro,22,12.57339
2015,Querétaro,22,12.99153
2014,Querétaro,22,12.37337
2013,Querétaro,22,14.03553
2012,Querétaro,22,14.30658
2011,Querétaro,22,13.80591
2010,Querétaro,22,17.39201
2009,Querétaro,22,17.69027
2008,Querétaro,22,18.04466
2007,Querétaro,22,18.38466
2006,Querétaro,22,18.87103
2005,Querétaro,22,19.45803
2004,Querétaro,22,20.06735
2003,Querétaro,22,20.92364
2002,Querétaro,22,21.92394
2001,Querétaro,22,22.87995
2000,Querétaro,22,23.84185
1999,Querétaro,22,24.75149
1998,Querétaro,22,25.67044
1997,Querétaro,22,26.61696
1996,Querétaro,22,29.8564
1995,Querétaro,22,33.05325
1994,Querétaro,22,35.60967
1993,Querétaro,22,38.61201
1992,Querétaro,22,42.16529
1991,Querétaro,22,42.60547
1990,Querétaro,22,43.87014
2021,Quintana Roo,23,13.60217
2020,Quintana Roo,23,12.19037
2019,Quintana Roo,23,13.09114
2018,Quintana Roo,23,13.71828
2017,Quintana Roo,23,12.59639
2016,Quintana Roo,23,13.5836
2015,Quintana Roo,23,13.74832
2014,Quintana Roo,23,11.70749
2013,Quintana Roo,23,13.39159
2012,Quintana Roo,23,13.67989
2011,Quintana Roo,23,13.21291
2010,Quintana Roo,23,14.92746
2009,Quintana Roo,23,15.31275
2008,Quintana Roo,23,15.65397
2007,Quintana Roo,23,16.02204
2006,Quintana Roo,23,16.49788
2005,Quintana Roo,23,16.96756
2004,Quintana Roo,23,17.49828
2003,Quintana Roo,23,18.17755
2002,Quintana Roo,23,19.13224
2001,Quintana Roo,23,20.85296
2000,Quintana Roo,23,22.73109
1999,Quintana Roo,23,24.50811
1998,Quintana Roo,23,26.1548
1997,Quintana Roo,23,27.83101
1996,Quintana Roo,23,28.65073
1995,Quintana Roo,23,29.39612
1994,Quintana Roo,23,29.93238
1993,Quintana Roo,23,30.61749
1992,Quintana Roo,23,31.29158
1991,Quintana Roo,23,33.63897
1990,Quintana Roo,23,40.8046
2021,San Luis Potosí,24,12.32356
2020,San Luis Potosí,24,10.74234
2019,San Luis Potosí,24,12.69413
2018,San Luis Potosí,24,11.9451
2017,San Luis Potosí,24,12.22731
2016,San Luis Potosí,24,12.60151
2015,San Luis Potosí,24,12.31185
2014,San Luis Potosí,24,12.30271
2013,San Luis Potosí,24,15.87302
2012,San Luis Potosí,24,16.57657
2011,San Luis Potosí,24,13.44254
2010,San Luis Potosí,24,16.88793
2009,San Luis Potosí,24,17.18813
2008,San Luis Potosí,24,17.57093
2007,San Luis Potosí,24,17.97567
2006,San Luis Potosí,24,18.54607
2005,San Luis Potosí,24,19.12487
2004,San Luis Potosí,24,19.60175
2003,San Luis Potosí,24,20.35371
2002,San Luis Potosí,24,21.32344
2001,San Luis Potosí,24,23.21919
2000,San Luis Potosí,24,25.23016
1999,San Luis Potosí,24,27.19984
1998,San Luis Potosí,24,29.09861
1997,San Luis Potosí,24,31.02059
1996,San Luis Potosí,24,33.67664
1995,San Luis Potosí,24,36.03534
1994,San Luis Potosí,24,38.53674
1993,San Luis Potosí,24,41.40083
1992,San Luis Potosí,24,44.76212
1991,San Luis Potosí,24,46.28234
1990,San Luis Potosí,24,49.6088
2021,Sinaloa,25,18.61661
2020,Sinaloa,25,15.32053
2019,Sinaloa,25,15.30406
2018,Sinaloa,25,13.20523
2017,Sinaloa,25,15.62374
2016,Sinaloa,25,14.93453
2015,Sinaloa,25,13.06645
2014,Sinaloa,25,15.42198
2013,Sinaloa,25,16.51191
2012,Sinaloa,25,15.89846
2011,Sinaloa,25,18.14919
2010,Sinaloa,25,17.27825
2009,Sinaloa,25,17.62796
2008,Sinaloa,25,18.04201
2007,Sinaloa,25,18.39667
2006,Sinaloa,25,18.90317
2005,Sinaloa,25,19.50773
2004,Sinaloa,25,20.12986
2003,Sinaloa,25,20.95235
2002,Sinaloa,25,22.06273
2001,Sinaloa,25,23.06036
2000,Sinaloa,25,24.13101
1999,Sinaloa,25,25.12778
1998,Sinaloa,25,26.02237
1997,Sinaloa,25,26.91714
1996,Sinaloa,25,27.48394
1995,Sinaloa,25,27.94901
1994,Sinaloa,25,28.87259
1993,Sinaloa,25,29.93005
1992,Sinaloa,25,31.048
1991,Sinaloa,25,33.64861
1990,Sinaloa,25,41.09806
2021,Sonora,26,9.26114
2020,Sonora,26,8.70792
2019,Sonora,26,11.95512
2018,Sonora,26,12.24315
2017,Sonora,26,10.89755
2016,Sonora,26,13.31358
2015,Sonora,26,12.83593
2014,Sonora,26,12.22569
2013,Sonora,26,13.25111
2012,Sonora,26,16.15671
2011,Sonora,26,14.86353
2010,Sonora,26,16.04391
2009,Sonora,26,16.51919
2008,Sonora,26,17.08222
2007,Sonora,26,17.63268
2006,Sonora,26,18.17682
2005,Sonora,26,18.68902
2004,Sonora,26,19.23454
2003,Sonora,26,19.92952
2002,Sonora,26,20.82437
2001,Sonora,26,21.42718
2000,Sonora,26,21.97674
1999,Sonora,26,22.57297
1998,Sonora,26,23.16136
1997,Sonora,26,23.75036
1996,Sonora,26,24.39666
1995,Sonora,26,24.77114
1994,Sonora,26,25.74838
1993,Sonora,26,26.73066
1992,Sonora,26,27.78723
1991,Sonora,26,29.4021
1990,Sonora,26,33.82824
2021,Tabasco,27,15.53938
2020,Tabasco,27,15.21266
2019,Tabasco,27,16.7029
2018,Tabasco,27,17.57891
2017,Tabasco,27,16.88841
2016,Tabasco,27,16.49185
2015,Tabasco,27,16.64154
2014,Tabasco,27,16.66904
2013,Tabasco,27,15.92525
2012,Tabasco,27,16.71824
2011,Tabasco,27,16.84795
2010,Tabasco,27,19.4531
2009,Tabasco,27,19.68304
2008,Tabasco,27,19.97178
2007,Tabasco,27,20.31409
2006,Tabasco,27,20.62492
2005,Tabasco,27,21.0201
2004,Tabasco,27,21.48246
2003,Tabasco,27,22.08393
2002,Tabasco,27,23.00923
2001,Tabasco,27,24.28745
2000,Tabasco,27,25.61666
1999,Tabasco,27,26.94642
1998,Tabasco,27,28.2786
1997,Tabasco,27,29.59677
1996,Tabasco,27,30.17733
1995,Tabasco,27,30.71362
1994,Tabasco,27,31.4959
1993,Tabasco,27,32.38646
1992,Tabasco,27,33.34392
1991,Tabasco,27,36.66817
1990,Tabasco,27,46.26998
2021,Tamaulipas,28,10.70834
2020,Tamaulipas,28,13.03063
2019,Tamaulipas,28,12.13089
2018,Tamaulipas,28,12.39689
2017,Tamaulipas,28,12.46634
2016,Tamaulipas,28,12.79291
2015,Tamaulipas,28,13.278
2014,Tamaulipas,28,13.30897
2013,Tamaulipas,28,14.30908
2012,Tamaulipas,28,14.55649
2011,Tamaulipas,28,14.23672
2010,Tamaulipas,28,16.96508
2009,Tamaulipas,28,17.40206
2008,Tamaulipas,28,17.78742
2007,Tamaulipas,28,18.2174
2006,Tamaulipas,28,18.75418
2005,Tamaulipas,28,19.32112
2004,Tamaulipas,28,19.95378
2003,Tamaulipas,28,20.73132
2002,Tamaulipas,28,21.74941
2001,Tamaulipas,28,22.74774
2000,Tamaulipas,28,23.75673
1999,Tamaulipas,28,24.71016
1998,Tamaulipas,28,25.5947
1997,Tamaulipas,28,26.42119
1996,Tamaulipas,28,27.07787
1995,Tamaulipas,28,27.57437
1994,Tamaulipas,28,28.40276
1993,Tamaulipas,28,29.37097
1992,Tamaulipas,28,30.32187
1991,Tamaulipas,28,32.33575
1990,Tamaulipas,28,38.1068
2021,Tlaxcala,29,14.13243
2020,Tlaxcala,29,14.10553
2019,Tlaxcala,29,13.99258
2018,Tlaxcala,29,14.68354
2017,Tlaxcala,29,14.42723
2016,Tlaxcala,29,15.3948
2015,Tlaxcala,29,15.58546
2014,Tlaxcala,29,14.54028
2013,Tlaxcala,29,16.13713
2012,Tlaxcala,29,17.23754
2011,Tlaxcala,29,16.41646
2010,Tlaxcala,29,20.39062
2009,Tlaxcala,29,20.67478
2008,Tlaxcala,29,21.06242
2007,Tlaxcala,29,21.49458
2006,Tlaxcala,29,21.89606
2005,Tlaxcala,29,22.35724
2004,Tlaxcala,29,22.87711
2003,Tlaxcala,29,23.45212
2002,Tlaxcala,29,24.2608
2001,Tlaxcala,29,25.47923
2000,Tlaxcala,29,26.75786
1999,Tlaxcala,29,27.89116
1998,Tlaxcala,29,29.19562
1997,Tlaxcala,29,30.3852
1996,Tlaxcala,29,30.81946
1995,Tlaxcala,29,31.3805
1994,Tlaxcala,29,32.1815
1993,Tlaxcala,29,33.04334
1992,Tlaxcala,29,34.01022
1991,Tlaxcala,29,36.21076
1990,Tlaxcala,29,41.86927
2021,Veracruz de Ignacio de la Llave,30,10.14674
2020,Veracruz de Ignacio de la Llave,30,10.64182
2019,Veracruz de Ignacio de la Llave,30,11.93814
2018,Veracruz de Ignacio de la Llave,30,11.89489
2017,Veracruz de Ignacio de la Llave,30,13.02177
2016,Veracruz de Ignacio de la Llave,30,13.23311
2015,Veracruz de Ignacio de la Llave,30,14.18158
2014,Veracruz de Ignacio de la Llave,30,13.98143
2013,Veracruz de Ignacio de la Llave,30,15.97052
2012,Veracruz de Ignacio de la Llave,30,15.6576
2011,Veracruz de Ignacio de la Llave,30,15.74593
2010,Veracruz de Ignacio de la Llave,30,17.08211
2009,Veracruz de Ignacio de la Llave,30,17.46283
2008,Veracruz de Ignacio de la Llave,30,17.89096
2007,Veracruz de Ignacio de la Llave,30,18.37256
2006,Veracruz de Ignacio de la Llave,30,18.98722
2005,Veracruz de Ignacio de la Llave,30,19.60758
2004,Veracruz de Ignacio de la Llave,30,20.24731
2003,Veracruz de Ignacio de la Llave,30,21.07379
2002,Veracruz de Ignacio de la Llave,30,22.12278
2001,Veracruz de Ignacio de la Llave,30,24.22167
2000,Veracruz de Ignacio de la Llave,30,26.37583
1999,Veracruz de Ignacio de la Llave,30,28.51938
1998,Veracruz de Ignacio de la Llave,30,30.69833
1997,Veracruz de Ignacio de la Llave,30,32.89328
1996,Veracruz de Ignacio de la Llave,30,33.68123
1995,Veracruz de Ignacio de la Llave,30,34.34788
1994,Veracruz de Ignacio de la Llave,30,35.16616
1993,Veracruz de Ignacio de la Llave,30,36.11769
1992,Veracruz de Ignacio de la Llave,30,37.15234
1991,Veracruz de Ignacio de la Llave,30,40.56476
1990,Veracruz de Ignacio de la Llave,30,50.75887
2021,Yucatán,31,19.3959
2020,Yucatán,31,13.6646
2019,Yucatán,31,17.20782
2018,Yucatán,31,13.0155
2017,Yucatán,31,14.26579
2016,Yucatán,31,16.28664
2015,Yucatán,31,14.79571
2014,Yucatán,31,17.4753
2013,Yucatán,31,18.01063
2012,Yucatán,31,15.16091
2011,Yucatán,31,20.5699
2010,Yucatán,31,19.79071
2009,Yucatán,31,20.06313
2008,Yucatán,31,20.49892
2007,Yucatán,31,21.01877
2006,Yucatán,31,21.47605
2005,Yucatán,31,21.93535
2004,Yucatán,31,22.44285
2003,Yucatán,31,23.10601
2002,Yucatán,31,23.97064
2001,Yucatán,31,25.22251
2000,Yucatán,31,26.57067
1999,Yucatán,31,27.79996
1998,Yucatán,31,29.0717
1997,Yucatán,31,30.29843
1996,Yucatán,31,30.83634
1995,Yucatán,31,31.44092
1994,Yucatán,31,31.82506
1993,Yucatán,31,32.24718
1992,Yucatán,31,32.74072
1991,Yucatán,31,35.27295
1990,Yucatán,31,42.90553
2021,Zacatecas,32,19.79566
2020,Zacatecas,32,18.60606
2019,Zacatecas,32,19.45824
2018,Zacatecas,32,18.48833
2017,Zacatecas,32,18.3555
2016,Zacatecas,32,18.49556
2015,Zacatecas,32,19.40167
2014,Zacatecas,32,18.35058
2013,Zacatecas,32,19.52066
2012,Zacatecas,32,22.17735
2011,Zacatecas,32,20.57452
2010,Zacatecas,32,20.28586
2009,Zacatecas,32,20.68283
2008,Zacatecas,32,21.04443
2007,Zacatecas,32,21.59698
2006,Zacatecas,32,22.02379
2005,Zacatecas,32,22.50938
2004,Zacatecas,32,23.05628
2003,Zacatecas,32,23.72108
2002,Zacatecas,32,24.62511
2001,Zacatecas,32,25.96284
2000,Zacatecas,32,27.26548
1999,Zacatecas,32,28.63901
1998,Zacatecas,32,29.98388
1997,Zacatecas,32,31.25943
1996,Zacatecas,32,32.01624
1995,Zacatecas,32,32.88682
1994,Zacatecas,32,33.68438
1993,Zacatecas,32,34.48984
1992,Zacatecas,32,35.36336
1991,Zacatecas,32,37.78614
1990,Zacatecas,32,44.66965
