Year,Entidad federativa,GeoCode,Value
2021,Estados Unidos Mexicanos,0,12.40187
2020,Estados Unidos Mexicanos,0,10.32848
2019,Estados Unidos Mexicanos,0,14.07515
2018,Estados Unidos Mexicanos,0,14.00966
2017,Estados Unidos Mexicanos,0,13.78649
2016,Estados Unidos Mexicanos,0,13.78232
2015,Estados Unidos Mexicanos,0,13.56596
2014,Estados Unidos Mexicanos,0,13.53801
2013,Estados Unidos Mexicanos,0,13.5749
2012,Estados Unidos Mexicanos,0,13.5613
2011,Estados Unidos Mexicanos,0,13.39806
2010,Estados Unidos Mexicanos,0,13.52455
2009,Estados Unidos Mexicanos,0,13.253
2008,Estados Unidos Mexicanos,0,13.61799
2007,Estados Unidos Mexicanos,0,13.37994
2006,Estados Unidos Mexicanos,0,12.89063
2005,Estados Unidos Mexicanos,0,14.02488
2004,Estados Unidos Mexicanos,0,13.85121
2003,Estados Unidos Mexicanos,0,14.63206
2002,Estados Unidos Mexicanos,0,15.20484
2001,Estados Unidos Mexicanos,0,16.30583
2000,Estados Unidos Mexicanos,0,15.84143
1999,Estados Unidos Mexicanos,0,17.31694
1998,Estados Unidos Mexicanos,0,18.76048
1997,Estados Unidos Mexicanos,0,20.66817
1996,Estados Unidos Mexicanos,0,18.21645
1995,Estados Unidos Mexicanos,0,18.68061
1994,Estados Unidos Mexicanos,0,14.88557
1993,Estados Unidos Mexicanos,0,13.92221
1992,Estados Unidos Mexicanos,0,13.57769
1991,Estados Unidos Mexicanos,0,14.64045
1990,Estados Unidos Mexicanos,0,14.54445
2021,Aguascalientes,1,3.44009
2020,Aguascalientes,1,1.32438
2019,Aguascalientes,1,2.75536
2018,Aguascalientes,1,2.2926
2017,Aguascalientes,1,2.32595
2016,Aguascalientes,1,2.58241
2015,Aguascalientes,1,3.07848
2014,Aguascalientes,1,2.29837
2013,Aguascalientes,1,3.05116
2012,Aguascalientes,1,2.71791
2011,Aguascalientes,1,3.75994
2010,Aguascalientes,1,5.17309
2009,Aguascalientes,1,3.40087
2008,Aguascalientes,1,3.20772
2007,Aguascalientes,1,3.88945
2006,Aguascalientes,1,5.76571
2005,Aguascalientes,1,4.41664
2004,Aguascalientes,1,5.74625
2003,Aguascalientes,1,6.46271
2002,Aguascalientes,1,4.74332
2001,Aguascalientes,1,7.18973
2000,Aguascalientes,1,9.6472
1999,Aguascalientes,1,13.46737
1998,Aguascalientes,1,11.90837
1997,Aguascalientes,1,12.27535
1996,Aguascalientes,1,6.44333
1995,Aguascalientes,1,6.02324
1994,Aguascalientes,1,7.37795
1993,Aguascalientes,1,6.362
1992,Aguascalientes,1,17.37184
1991,Aguascalientes,1,11.66574
1990,Aguascalientes,1,11.21889
2021,Baja California,2,43.38565
2020,Baja California,2,38.62589
2019,Baja California,2,52.06003
2018,Baja California,2,47.08566
2017,Baja California,2,46.03116
2016,Baja California,2,46.63073
2015,Baja California,2,46.5782
2014,Baja California,2,45.51716
2013,Baja California,2,43.48927
2012,Baja California,2,46.24989
2011,Baja California,2,44.2499
2010,Baja California,2,41.99578
2009,Baja California,2,38.14177
2008,Baja California,2,40.68611
2007,Baja California,2,38.22145
2006,Baja California,2,39.3925
2005,Baja California,2,43.79138
2004,Baja California,2,42.64365
2003,Baja California,2,42.70025
2002,Baja California,2,45.66916
2001,Baja California,2,51.48285
2000,Baja California,2,35.28928
1999,Baja California,2,32.5459
1998,Baja California,2,35.297
1997,Baja California,2,38.63844
1996,Baja California,2,39.13995
1995,Baja California,2,35.9592
1994,Baja California,2,31.25736
1993,Baja California,2,34.64526
1992,Baja California,2,41.95971
1991,Baja California,2,39.71094
1990,Baja California,2,44.40331
2021,Baja California Sur,3,19.60882
2020,Baja California Sur,3,21.99556
2019,Baja California Sur,3,27.28014
2018,Baja California Sur,3,25.41184
2017,Baja California Sur,3,22.53835
2016,Baja California Sur,3,22.5239
2015,Baja California Sur,3,21.6713
2014,Baja California Sur,3,20.0591
2013,Baja California Sur,3,22.01859
2012,Baja California Sur,3,20.33995
2011,Baja California Sur,3,21.95208
2010,Baja California Sur,3,18.54806
2009,Baja California Sur,3,23.20969
2008,Baja California Sur,3,21.38177
2007,Baja California Sur,3,25.21696
2006,Baja California Sur,3,24.35845
2005,Baja California Sur,3,21.48082
2004,Baja California Sur,3,20.21136
2003,Baja California Sur,3,20.70462
2002,Baja California Sur,3,22.29874
2001,Baja California Sur,3,20.88462
2000,Baja California Sur,3,19.34067
1999,Baja California Sur,3,14.73416
1998,Baja California Sur,3,15.88772
1997,Baja California Sur,3,24.90679
1996,Baja California Sur,3,17.10496
1995,Baja California Sur,3,21.30918
1994,Baja California Sur,3,28.13093
1993,Baja California Sur,3,31.94548
1992,Baja California Sur,3,34.52403
1991,Baja California Sur,3,25.41957
1990,Baja California Sur,3,30.38396
2021,Campeche,4,14.7491
2020,Campeche,4,12.69217
2019,Campeche,4,15.85292
2018,Campeche,4,15.09326
2017,Campeche,4,13.88804
2016,Campeche,4,16.92671
2015,Campeche,4,13.52483
2014,Campeche,4,11.77007
2013,Campeche,4,15.61243
2012,Campeche,4,13.72448
2011,Campeche,4,14.82456
2010,Campeche,4,11.87133
2009,Campeche,4,11.33041
2008,Campeche,4,9.64104
2007,Campeche,4,15.54767
2006,Campeche,4,12.9673
2005,Campeche,4,13.17862
2004,Campeche,4,13.1643
2003,Campeche,4,15.29116
2002,Campeche,4,15.03872
2001,Campeche,4,11.28794
2000,Campeche,4,13.91334
1999,Campeche,4,13.72228
1998,Campeche,4,20.27119
1997,Campeche,4,18.98211
1996,Campeche,4,22.21647
1995,Campeche,4,36.24975
1994,Campeche,4,16.77619
1993,Campeche,4,16.25645
1992,Campeche,4,14.01745
1991,Campeche,4,14.94992
1990,Campeche,4,18.98026
2021,Coahuila de Zaragoza,5,12.63316
2020,Coahuila de Zaragoza,5,11.77487
2019,Coahuila de Zaragoza,5,15.42995
2018,Coahuila de Zaragoza,5,15.42137
2017,Coahuila de Zaragoza,5,16.28964
2016,Coahuila de Zaragoza,5,14.36054
2015,Coahuila de Zaragoza,5,16.53027
2014,Coahuila de Zaragoza,5,14.5601
2013,Coahuila de Zaragoza,5,17.95799
2012,Coahuila de Zaragoza,5,16.03618
2011,Coahuila de Zaragoza,5,14.52138
2010,Coahuila de Zaragoza,5,15.72076
2009,Coahuila de Zaragoza,5,14.81151
2008,Coahuila de Zaragoza,5,15.92565
2007,Coahuila de Zaragoza,5,16.24306
2006,Coahuila de Zaragoza,5,15.67629
2005,Coahuila de Zaragoza,5,18.10127
2004,Coahuila de Zaragoza,5,18.78637
2003,Coahuila de Zaragoza,5,17.42588
2002,Coahuila de Zaragoza,5,17.41957
2001,Coahuila de Zaragoza,5,6.30813
2000,Coahuila de Zaragoza,5,17.00224
1999,Coahuila de Zaragoza,5,19.42666
1998,Coahuila de Zaragoza,5,22.56281
1997,Coahuila de Zaragoza,5,25.92089
1996,Coahuila de Zaragoza,5,17.59974
1995,Coahuila de Zaragoza,5,19.7078
1994,Coahuila de Zaragoza,5,14.08513
1993,Coahuila de Zaragoza,5,15.50219
1992,Coahuila de Zaragoza,5,18.10959
1991,Coahuila de Zaragoza,5,17.60918
1990,Coahuila de Zaragoza,5,20.19375
2021,Colima,6,13.29579
2020,Colima,6,14.26474
2019,Colima,6,17.3386
2018,Colima,6,17.75538
2017,Colima,6,19.39532
2016,Colima,6,18.92024
2015,Colima,6,17.32031
2014,Colima,6,18.34246
2013,Colima,6,13.94865
2012,Colima,6,19.35805
2011,Colima,6,21.40328
2010,Colima,6,17.24635
2009,Colima,6,14.66703
2008,Colima,6,17.62524
2007,Colima,6,19.58245
2006,Colima,6,21.9648
2005,Colima,6,19.47061
2004,Colima,6,19.02159
2003,Colima,6,18.38196
2002,Colima,6,16.83309
2001,Colima,6,24.13324
2000,Colima,6,22.23529
1999,Colima,6,22.41964
1998,Colima,6,29.77497
1997,Colima,6,28.8718
1996,Colima,6,30.52113
1995,Colima,6,18.94456
1994,Colima,6,18.90257
1993,Colima,6,12.92817
1992,Colima,6,26.82972
1991,Colima,6,23.2078
1990,Colima,6,36.59504
2021,Chiapas,7,20.6112
2020,Chiapas,7,16.64815
2019,Chiapas,7,22.50541
2018,Chiapas,7,21.90921
2017,Chiapas,7,22.21066
2016,Chiapas,7,21.4129
2015,Chiapas,7,22.30671
2014,Chiapas,7,22.23873
2013,Chiapas,7,21.61585
2012,Chiapas,7,21.94973
2011,Chiapas,7,19.25201
2010,Chiapas,7,22.56116
2009,Chiapas,7,20.84699
2008,Chiapas,7,24.08492
2007,Chiapas,7,21.73983
2006,Chiapas,7,16.12131
2005,Chiapas,7,21.3288
2004,Chiapas,7,23.3891
2003,Chiapas,7,31.33014
2002,Chiapas,7,29.84726
2001,Chiapas,7,34.53574
2000,Chiapas,7,23.92634
1999,Chiapas,7,38.79148
1998,Chiapas,7,48.65331
1997,Chiapas,7,31.19621
1996,Chiapas,7,37.6286
1995,Chiapas,7,41.48956
1994,Chiapas,7,23.98315
1993,Chiapas,7,22.42403
1992,Chiapas,7,23.0517
1991,Chiapas,7,24.94597
1990,Chiapas,7,24.37011
2021,Chihuahua,8,13.52793
2020,Chihuahua,8,10.5222
2019,Chihuahua,8,13.65088
2018,Chihuahua,8,13.76079
2017,Chihuahua,8,14.77206
2016,Chihuahua,8,15.23531
2015,Chihuahua,8,15.95474
2014,Chihuahua,8,15.48598
2013,Chihuahua,8,15.94742
2012,Chihuahua,8,17.83892
2011,Chihuahua,8,17.74513
2010,Chihuahua,8,16.58058
2009,Chihuahua,8,16.60384
2008,Chihuahua,8,16.83351
2007,Chihuahua,8,18.16506
2006,Chihuahua,8,15.74096
2005,Chihuahua,8,13.79728
2004,Chihuahua,8,11.56718
2003,Chihuahua,8,15.93116
2002,Chihuahua,8,18.18254
2001,Chihuahua,8,17.07204
2000,Chihuahua,8,14.87843
1999,Chihuahua,8,18.87695
1998,Chihuahua,8,16.46883
1997,Chihuahua,8,21.68008
1996,Chihuahua,8,16.06423
1995,Chihuahua,8,23.68028
1994,Chihuahua,8,22.26061
1993,Chihuahua,8,27.20079
1992,Chihuahua,8,16.31013
1991,Chihuahua,8,7.57914
1990,Chihuahua,8,13.40285
2021,Ciudad de México,9,4.60915
2020,Ciudad de México,9,3.51494
2019,Ciudad de México,9,5.40348
2018,Ciudad de México,9,4.96605
2017,Ciudad de México,9,6.00061
2016,Ciudad de México,9,5.01436
2015,Ciudad de México,9,5.2546
2014,Ciudad de México,9,5.34097
2013,Ciudad de México,9,5.58633
2012,Ciudad de México,9,5.30439
2011,Ciudad de México,9,5.20229
2010,Ciudad de México,9,5.38863
2009,Ciudad de México,9,4.83161
2008,Ciudad de México,9,5.46817
2007,Ciudad de México,9,5.20032
2006,Ciudad de México,9,4.999
2005,Ciudad de México,9,5.45148
2004,Ciudad de México,9,5.16837
2003,Ciudad de México,9,5.74485
2002,Ciudad de México,9,6.87878
2001,Ciudad de México,9,6.99321
2000,Ciudad de México,9,6.96679
1999,Ciudad de México,9,7.61308
1998,Ciudad de México,9,8.19655
1997,Ciudad de México,9,10.56504
1996,Ciudad de México,9,8.06914
1995,Ciudad de México,9,7.76062
1994,Ciudad de México,9,3.06597
1993,Ciudad de México,9,6.02433
1992,Ciudad de México,9,5.76691
1991,Ciudad de México,9,6.64915
1990,Ciudad de México,9,5.14921
2021,Durango,10,5.67753
2020,Durango,10,3.79883
2019,Durango,10,8.14916
2018,Durango,10,9.31139
2017,Durango,10,8.90357
2016,Durango,10,9.21218
2015,Durango,10,8.47565
2014,Durango,10,8.36101
2013,Durango,10,7.9026
2012,Durango,10,10.24327
2011,Durango,10,10.22326
2010,Durango,10,8.99431
2009,Durango,10,9.73435
2008,Durango,10,10.91937
2007,Durango,10,11.19108
2006,Durango,10,12.35465
2005,Durango,10,11.33996
2004,Durango,10,11.72144
2003,Durango,10,12.17612
2002,Durango,10,14.2405
2001,Durango,10,15.88013
2000,Durango,10,22.64651
1999,Durango,10,20.1625
1998,Durango,10,22.21771
1997,Durango,10,26.95912
1996,Durango,10,24.53524
1995,Durango,10,14.72768
1994,Durango,10,8.86928
1993,Durango,10,8.65661
1992,Durango,10,5.55995
1991,Durango,10,10.36559
1990,Durango,10,6.66444
2021,Guanajuato,11,3.40729
2020,Guanajuato,11,2.84192
2019,Guanajuato,11,4.53535
2018,Guanajuato,11,4.36474
2017,Guanajuato,11,3.69724
2016,Guanajuato,11,3.61818
2015,Guanajuato,11,4.06366
2014,Guanajuato,11,3.97748
2013,Guanajuato,11,4.27198
2012,Guanajuato,11,3.55891
2011,Guanajuato,11,4.7122
2010,Guanajuato,11,4.58241
2009,Guanajuato,11,4.46208
2008,Guanajuato,11,4.38934
2007,Guanajuato,11,4.42629
2006,Guanajuato,11,4.9501
2005,Guanajuato,11,4.35614
2004,Guanajuato,11,4.42947
2003,Guanajuato,11,4.50402
2002,Guanajuato,11,3.71446
2001,Guanajuato,11,5.26597
2000,Guanajuato,11,5.41437
1999,Guanajuato,11,5.64893
1998,Guanajuato,11,6.43227
1997,Guanajuato,11,9.05837
1996,Guanajuato,11,6.5564
1995,Guanajuato,11,6.78006
1994,Guanajuato,11,5.389
1993,Guanajuato,11,6.30032
1992,Guanajuato,11,3.80864
1991,Guanajuato,11,4.4889
1990,Guanajuato,11,4.70695
2021,Guerrero,12,23.71236
2020,Guerrero,12,21.62947
2019,Guerrero,12,29.44587
2018,Guerrero,12,29.20325
2017,Guerrero,12,29.38376
2016,Guerrero,12,30.21701
2015,Guerrero,12,34.22252
2014,Guerrero,12,33.56078
2013,Guerrero,12,34.41587
2012,Guerrero,12,30.72153
2011,Guerrero,12,32.05906
2010,Guerrero,12,28.9806
2009,Guerrero,12,31.57224
2008,Guerrero,12,31.16676
2007,Guerrero,12,27.67008
2006,Guerrero,12,29.51175
2005,Guerrero,12,34.25227
2004,Guerrero,12,34.84467
2003,Guerrero,12,30.46993
2002,Guerrero,12,33.65304
2001,Guerrero,12,35.41078
2000,Guerrero,12,34.44812
1999,Guerrero,12,30.76028
1998,Guerrero,12,28.70942
1997,Guerrero,12,45.07481
1996,Guerrero,12,31.29398
1995,Guerrero,12,50.35484
1994,Guerrero,12,29.01749
1993,Guerrero,12,17.56438
1992,Guerrero,12,15.38446
1991,Guerrero,12,15.98814
1990,Guerrero,12,28.43936
2021,Hidalgo,13,4.90172
2020,Hidalgo,13,4.27681
2019,Hidalgo,13,5.27744
2018,Hidalgo,13,6.1375
2017,Hidalgo,13,4.36684
2016,Hidalgo,13,5.92087
2015,Hidalgo,13,5.34576
2014,Hidalgo,13,5.456
2013,Hidalgo,13,7.02751
2012,Hidalgo,13,8.75644
2011,Hidalgo,13,7.79726
2010,Hidalgo,13,8.96276
2009,Hidalgo,13,8.98765
2008,Hidalgo,13,9.05028
2007,Hidalgo,13,8.75315
2006,Hidalgo,13,8.51492
2005,Hidalgo,13,8.62378
2004,Hidalgo,13,10.02106
2003,Hidalgo,13,10.98225
2002,Hidalgo,13,11.92418
2001,Hidalgo,13,13.88513
2000,Hidalgo,13,13.11769
1999,Hidalgo,13,17.57421
1998,Hidalgo,13,14.92341
1997,Hidalgo,13,20.40608
1996,Hidalgo,13,17.64036
1995,Hidalgo,13,14.05937
1994,Hidalgo,13,10.09441
1993,Hidalgo,13,30.40074
1992,Hidalgo,13,8.86433
1991,Hidalgo,13,7.71989
1990,Hidalgo,13,11.74274
2021,Jalisco,14,7.23135
2020,Jalisco,14,6.43305
2019,Jalisco,14,8.25146
2018,Jalisco,14,8.48405
2017,Jalisco,14,8.98251
2016,Jalisco,14,8.4782
2015,Jalisco,14,9.70701
2014,Jalisco,14,8.80467
2013,Jalisco,14,8.46492
2012,Jalisco,14,9.01874
2011,Jalisco,14,7.99324
2010,Jalisco,14,8.53675
2009,Jalisco,14,9.68568
2008,Jalisco,14,8.90007
2007,Jalisco,14,10.45954
2006,Jalisco,14,9.45235
2005,Jalisco,14,7.97326
2004,Jalisco,14,6.94449
2003,Jalisco,14,8.84896
2002,Jalisco,14,8.16551
2001,Jalisco,14,11.06812
2000,Jalisco,14,10.99742
1999,Jalisco,14,14.19395
1998,Jalisco,14,12.14962
1997,Jalisco,14,12.41894
1996,Jalisco,14,11.23074
1995,Jalisco,14,10.48258
1994,Jalisco,14,11.94016
1993,Jalisco,14,9.5107
1992,Jalisco,14,9.61332
1991,Jalisco,14,7.83809
1990,Jalisco,14,3.00702
2021,México,15,2.65857
2020,México,15,1.84762
2019,México,15,3.11385
2018,México,15,3.11902
2017,México,15,3.2145
2016,México,15,3.22958
2015,México,15,3.11785
2014,México,15,2.95419
2013,México,15,2.86864
2012,México,15,3.47652
2011,México,15,3.01268
2010,México,15,3.17988
2009,México,15,2.83139
2008,México,15,3.04312
2007,México,15,2.92021
2006,México,15,2.50129
2005,México,15,4.28479
2004,México,15,3.49459
2003,México,15,3.32294
2002,México,15,4.95074
2001,México,15,4.31223
2000,México,15,6.12277
1999,México,15,5.94834
1998,México,15,6.65598
1997,México,15,10.05436
1996,México,15,6.51916
1995,México,15,7.89053
1994,México,15,7.58232
1993,México,15,5.89197
1992,México,15,6.3134
1991,México,15,7.14722
1990,México,15,4.64871
2021,Michoacán de Ocampo,16,4.34355
2020,Michoacán de Ocampo,16,3.99967
2019,Michoacán de Ocampo,16,4.88316
2018,Michoacán de Ocampo,16,5.75935
2017,Michoacán de Ocampo,16,5.40043
2016,Michoacán de Ocampo,16,5.69925
2015,Michoacán de Ocampo,16,5.36091
2014,Michoacán de Ocampo,16,5.60718
2013,Michoacán de Ocampo,16,5.81861
2012,Michoacán de Ocampo,16,5.37133
2011,Michoacán de Ocampo,16,6.37649
2010,Michoacán de Ocampo,16,6.04827
2009,Michoacán de Ocampo,16,6.41394
2008,Michoacán de Ocampo,16,5.86161
2007,Michoacán de Ocampo,16,7.93415
2006,Michoacán de Ocampo,16,7.13955
2005,Michoacán de Ocampo,16,7.00912
2004,Michoacán de Ocampo,16,6.53716
2003,Michoacán de Ocampo,16,7.0695
2002,Michoacán de Ocampo,16,7.33633
2001,Michoacán de Ocampo,16,7.48219
2000,Michoacán de Ocampo,16,8.83828
1999,Michoacán de Ocampo,16,9.88527
1998,Michoacán de Ocampo,16,10.43131
1997,Michoacán de Ocampo,16,10.93855
1996,Michoacán de Ocampo,16,8.93405
1995,Michoacán de Ocampo,16,10.86802
1994,Michoacán de Ocampo,16,8.20972
1993,Michoacán de Ocampo,16,8.17609
1992,Michoacán de Ocampo,16,7.43366
1991,Michoacán de Ocampo,16,8.27775
1990,Michoacán de Ocampo,16,7.55048
2021,Morelos,17,6.19851
2020,Morelos,17,3.86486
2019,Morelos,17,6.42747
2018,Morelos,17,6.64825
2017,Morelos,17,7.28028
2016,Morelos,17,7.77606
2015,Morelos,17,7.20019
2014,Morelos,17,7.13808
2013,Morelos,17,8.72802
2012,Morelos,17,6.80249
2011,Morelos,17,7.6719
2010,Morelos,17,7.90165
2009,Morelos,17,7.41334
2008,Morelos,17,9.62832
2007,Morelos,17,9.16292
2006,Morelos,17,5.5028
2005,Morelos,17,9.88621
2004,Morelos,17,9.30891
2003,Morelos,17,10.82202
2002,Morelos,17,9.68133
2001,Morelos,17,11.16722
2000,Morelos,17,12.80312
1999,Morelos,17,14.83235
1998,Morelos,17,11.27081
1997,Morelos,17,18.58569
1996,Morelos,17,17.48059
1995,Morelos,17,15.31634
1994,Morelos,17,9.27115
1993,Morelos,17,10.13539
1992,Morelos,17,11.58133
1991,Morelos,17,11.24285
1990,Morelos,17,6.68861
2021,Nayarit,18,21.51369
2020,Nayarit,18,16.91797
2019,Nayarit,18,21.32773
2018,Nayarit,18,22.51743
2017,Nayarit,18,20.18293
2016,Nayarit,18,21.15876
2015,Nayarit,18,21.33031
2014,Nayarit,18,20.57594
2013,Nayarit,18,20.58772
2012,Nayarit,18,19.72645
2011,Nayarit,18,21.44456
2010,Nayarit,18,25.76674
2009,Nayarit,18,23.5111
2008,Nayarit,18,25.54227
2007,Nayarit,18,25.70419
2006,Nayarit,18,26.15357
2005,Nayarit,18,19.85057
2004,Nayarit,18,23.54049
2003,Nayarit,18,27.50504
2002,Nayarit,18,28.18457
2001,Nayarit,18,30.78942
2000,Nayarit,18,27.42529
1999,Nayarit,18,28.03821
1998,Nayarit,18,29.58801
1997,Nayarit,18,30.08047
1996,Nayarit,18,34.98137
1995,Nayarit,18,29.64143
1994,Nayarit,18,35.00328
1993,Nayarit,18,34.0564
1992,Nayarit,18,35.7367
1991,Nayarit,18,18.33119
1990,Nayarit,18,38.2134
2021,Nuevo León,19,23.47918
2020,Nuevo León,19,18.84084
2019,Nuevo León,19,25.24784
2018,Nuevo León,19,23.20871
2017,Nuevo León,19,22.60362
2016,Nuevo León,19,23.8185
2015,Nuevo León,19,22.05391
2014,Nuevo León,19,17.98851
2013,Nuevo León,19,21.15953
2012,Nuevo León,19,21.836
2011,Nuevo León,19,21.42455
2010,Nuevo León,19,20.39195
2009,Nuevo León,19,17.50992
2008,Nuevo León,19,19.27761
2007,Nuevo León,19,17.58129
2006,Nuevo León,19,19.53499
2005,Nuevo León,19,19.79197
2004,Nuevo León,19,21.79797
2003,Nuevo León,19,28.72761
2002,Nuevo León,19,27.52993
2001,Nuevo León,19,30.82192
2000,Nuevo León,19,26.62789
1999,Nuevo León,19,25.87081
1998,Nuevo León,19,35.58882
1997,Nuevo León,19,33.69579
1996,Nuevo León,19,37.69805
1995,Nuevo León,19,25.27613
1994,Nuevo León,19,29.62161
1993,Nuevo León,19,24.58013
1992,Nuevo León,19,23.30094
1991,Nuevo León,19,33.48511
1990,Nuevo León,19,33.07874
2021,Oaxaca,20,9.72244
2020,Oaxaca,20,9.12252
2019,Oaxaca,20,14.39062
2018,Oaxaca,20,14.49842
2017,Oaxaca,20,15.20015
2016,Oaxaca,20,14.23454
2015,Oaxaca,20,12.11677
2014,Oaxaca,20,16.61622
2013,Oaxaca,20,14.5779
2012,Oaxaca,20,15.59505
2011,Oaxaca,20,14.91593
2010,Oaxaca,20,16.79421
2009,Oaxaca,20,18.08736
2008,Oaxaca,20,17.53202
2007,Oaxaca,20,17.68796
2006,Oaxaca,20,15.23408
2005,Oaxaca,20,17.37326
2004,Oaxaca,20,19.54398
2003,Oaxaca,20,17.70738
2002,Oaxaca,20,18.30519
2001,Oaxaca,20,22.20593
2000,Oaxaca,20,21.85927
1999,Oaxaca,20,27.55551
1998,Oaxaca,20,31.07713
1997,Oaxaca,20,30.31663
1996,Oaxaca,20,23.72494
1995,Oaxaca,20,32.24928
1994,Oaxaca,20,25.17211
1993,Oaxaca,20,17.07789
1992,Oaxaca,20,16.75594
1991,Oaxaca,20,22.76865
1990,Oaxaca,20,27.31888
2021,Puebla,21,4.14118
2020,Puebla,21,3.84589
2019,Puebla,21,6.57243
2018,Puebla,21,6.32831
2017,Puebla,21,6.1434
2016,Puebla,21,6.60263
2015,Puebla,21,6.61409
2014,Puebla,21,7.96934
2013,Puebla,21,6.63475
2012,Puebla,21,6.69105
2011,Puebla,21,6.85261
2010,Puebla,21,6.2872
2009,Puebla,21,6.5417
2008,Puebla,21,6.84657
2007,Puebla,21,7.33414
2006,Puebla,21,7.47127
2005,Puebla,21,7.36362
2004,Puebla,21,6.87436
2003,Puebla,21,6.09268
2002,Puebla,21,7.23026
2001,Puebla,21,7.94081
2000,Puebla,21,9.43921
1999,Puebla,21,12.05146
1998,Puebla,21,13.88207
1997,Puebla,21,17.57374
1996,Puebla,21,12.74341
1995,Puebla,21,9.33777
1994,Puebla,21,6.10856
1993,Puebla,21,6.1447
1992,Puebla,21,6.96862
1991,Puebla,21,8.91934
1990,Puebla,21,11.36259
2021,Querétaro,22,4.26809
2020,Querétaro,22,3.77253
2019,Querétaro,22,6.02918
2018,Querétaro,22,6.00563
2017,Querétaro,22,4.22045
2016,Querétaro,22,6.38681
2015,Querétaro,22,5.36347
2014,Querétaro,22,6.76938
2013,Querétaro,22,6.77658
2012,Querétaro,22,6.99161
2011,Querétaro,22,6.47538
2010,Querétaro,22,5.64492
2009,Querétaro,22,6.71844
2008,Querétaro,22,7.52302
2007,Querétaro,22,5.96698
2006,Querétaro,22,7.50283
2005,Querétaro,22,7.44686
2004,Querétaro,22,8.70358
2003,Querétaro,22,9.69618
2002,Querétaro,22,9.27926
2001,Querétaro,22,13.45896
2000,Querétaro,22,11.35812
1999,Querétaro,22,9.43438
1998,Querétaro,22,10.64581
1997,Querétaro,22,8.07541
1996,Querétaro,22,5.12393
1995,Querétaro,22,8.53233
1994,Querétaro,22,6.21522
1993,Querétaro,22,6.96578
1992,Querétaro,22,10.51476
1991,Querétaro,22,10.62825
1990,Querétaro,22,14.66216
2021,Quintana Roo,23,21.57388
2020,Quintana Roo,23,16.36434
2019,Quintana Roo,23,23.62661
2018,Quintana Roo,23,23.21854
2017,Quintana Roo,23,21.3659
2016,Quintana Roo,23,20.00102
2015,Quintana Roo,23,17.44408
2014,Quintana Roo,23,16.76192
2013,Quintana Roo,23,14.10906
2012,Quintana Roo,23,17.77574
2011,Quintana Roo,23,15.58217
2010,Quintana Roo,23,16.65505
2009,Quintana Roo,23,14.50759
2008,Quintana Roo,23,11.35645
2007,Quintana Roo,23,10.77898
2006,Quintana Roo,23,8.51027
2005,Quintana Roo,23,10.18269
2004,Quintana Roo,23,9.02611
2003,Quintana Roo,23,12.80687
2002,Quintana Roo,23,14.17934
2001,Quintana Roo,23,19.04941
2000,Quintana Roo,23,14.60301
1999,Quintana Roo,23,16.58452
1998,Quintana Roo,23,19.89957
1997,Quintana Roo,23,27.1737
1996,Quintana Roo,23,22.60287
1995,Quintana Roo,23,15.52759
1994,Quintana Roo,23,10.15525
1993,Quintana Roo,23,12.49049
1992,Quintana Roo,23,9.83489
1991,Quintana Roo,23,19.61702
1990,Quintana Roo,23,23.17031
2021,San Luis Potosí,24,8.87132
2020,San Luis Potosí,24,8.0945
2019,San Luis Potosí,24,9.80337
2018,San Luis Potosí,24,9.62778
2017,San Luis Potosí,24,9.70149
2016,San Luis Potosí,24,10.42619
2015,San Luis Potosí,24,10.18766
2014,San Luis Potosí,24,9.65669
2013,San Luis Potosí,24,9.60208
2012,San Luis Potosí,24,10.4077
2011,San Luis Potosí,24,9.87772
2010,San Luis Potosí,24,11.33106
2009,San Luis Potosí,24,13.70576
2008,San Luis Potosí,24,12.61075
2007,San Luis Potosí,24,11.4096
2006,San Luis Potosí,24,12.84879
2005,San Luis Potosí,24,12.34607
2004,San Luis Potosí,24,14.122
2003,San Luis Potosí,24,10.40487
2002,San Luis Potosí,24,11.82411
2001,San Luis Potosí,24,14.58764
2000,San Luis Potosí,24,13.00168
1999,San Luis Potosí,24,16.11127
1998,San Luis Potosí,24,16.9569
1997,San Luis Potosí,24,14.17298
1996,San Luis Potosí,24,11.7397
1995,San Luis Potosí,24,11.87378
1994,San Luis Potosí,24,8.65368
1993,San Luis Potosí,24,9.78435
1992,San Luis Potosí,24,9.4063
1991,San Luis Potosí,24,11.25304
1990,San Luis Potosí,24,11.03827
2021,Sinaloa,25,31.61922
2020,Sinaloa,25,25.43817
2019,Sinaloa,25,26.73257
2018,Sinaloa,25,27.41085
2017,Sinaloa,25,26.90557
2016,Sinaloa,25,26.07085
2015,Sinaloa,25,28.815
2014,Sinaloa,25,29.46433
2013,Sinaloa,25,27.08333
2012,Sinaloa,25,26.71584
2011,Sinaloa,25,25.05047
2010,Sinaloa,25,25.72421
2009,Sinaloa,25,24.13164
2008,Sinaloa,25,26.76731
2007,Sinaloa,25,26.17874
2006,Sinaloa,25,23.97042
2005,Sinaloa,25,25.41333
2004,Sinaloa,25,23.3955
2003,Sinaloa,25,23.35868
2002,Sinaloa,25,23.70967
2001,Sinaloa,25,26.54279
2000,Sinaloa,25,23.47772
1999,Sinaloa,25,27.20513
1998,Sinaloa,25,28.12585
1997,Sinaloa,25,32.68131
1996,Sinaloa,25,26.0546
1995,Sinaloa,25,26.28445
1994,Sinaloa,25,27.89363
1993,Sinaloa,25,26.52825
1992,Sinaloa,25,25.47425
1991,Sinaloa,25,21.40187
1990,Sinaloa,25,13.41077
2021,Sonora,26,30.31064
2020,Sonora,26,26.08346
2019,Sonora,26,32.0961
2018,Sonora,26,33.76524
2017,Sonora,26,31.39972
2016,Sonora,26,33.12045
2015,Sonora,26,29.18793
2014,Sonora,26,29.07491
2013,Sonora,26,27.5886
2012,Sonora,26,27.04425
2011,Sonora,26,26.60578
2010,Sonora,26,27.27462
2009,Sonora,26,27.59482
2008,Sonora,26,25.31861
2007,Sonora,26,25.34306
2006,Sonora,26,23.70457
2005,Sonora,26,30.66435
2004,Sonora,26,25.95056
2003,Sonora,26,23.43478
2002,Sonora,26,21.5212
2001,Sonora,26,22.46588
2000,Sonora,26,21.3374
1999,Sonora,26,21.05948
1998,Sonora,26,18.99724
1997,Sonora,26,16.9815
1996,Sonora,26,21.29728
1995,Sonora,26,26.19171
1994,Sonora,26,9.39497
1993,Sonora,26,10.73569
1992,Sonora,26,18.43333
1991,Sonora,26,17.65176
1990,Sonora,26,18.69458
2021,Tabasco,27,25.00329
2020,Tabasco,27,19.74896
2019,Tabasco,27,27.4724
2018,Tabasco,27,26.55086
2017,Tabasco,27,28.66986
2016,Tabasco,27,29.50305
2015,Tabasco,27,24.85297
2014,Tabasco,27,25.3587
2013,Tabasco,27,24.06999
2012,Tabasco,27,20.5989
2011,Tabasco,27,21.83316
2010,Tabasco,27,20.2638
2009,Tabasco,27,21.17539
2008,Tabasco,27,20.25198
2007,Tabasco,27,19.08913
2006,Tabasco,27,18.62826
2005,Tabasco,27,20.25895
2004,Tabasco,27,21.24496
2003,Tabasco,27,24.05469
2002,Tabasco,27,21.91386
2001,Tabasco,27,21.30948
2000,Tabasco,27,24.31034
1999,Tabasco,27,24.39742
1998,Tabasco,27,29.18543
1997,Tabasco,27,33.82789
1996,Tabasco,27,32.85995
1995,Tabasco,27,31.78293
1994,Tabasco,27,22.62046
1993,Tabasco,27,15.77051
1992,Tabasco,27,16.27181
1991,Tabasco,27,18.23491
1990,Tabasco,27,20.16869
2021,Tamaulipas,28,28.53553
2020,Tamaulipas,28,22.2703
2019,Tamaulipas,28,29.79914
2018,Tamaulipas,28,31.75058
2017,Tamaulipas,28,29.8095
2016,Tamaulipas,28,28.7488
2015,Tamaulipas,28,27.12664
2014,Tamaulipas,28,28.04858
2013,Tamaulipas,28,29.41614
2012,Tamaulipas,28,30.23367
2011,Tamaulipas,28,30.63731
2010,Tamaulipas,28,32.17222
2009,Tamaulipas,28,29.30128
2008,Tamaulipas,28,31.1983
2007,Tamaulipas,28,31.82057
2006,Tamaulipas,28,33.49377
2005,Tamaulipas,28,33.35886
2004,Tamaulipas,28,31.95453
2003,Tamaulipas,28,31.43025
2002,Tamaulipas,28,34.6992
2001,Tamaulipas,28,36.481
2000,Tamaulipas,28,37.19665
1999,Tamaulipas,28,33.93426
1998,Tamaulipas,28,37.85334
1997,Tamaulipas,28,33.08092
1996,Tamaulipas,28,27.0012
1995,Tamaulipas,28,30.85535
1994,Tamaulipas,28,31.78399
1993,Tamaulipas,28,32.95983
1992,Tamaulipas,28,33.19227
1991,Tamaulipas,28,46.54911
1990,Tamaulipas,28,35.04416
2021,Tlaxcala,29,1.57645
2020,Tlaxcala,29,1.52173
2019,Tlaxcala,29,2.41909
2018,Tlaxcala,29,2.89332
2017,Tlaxcala,29,1.87776
2016,Tlaxcala,29,2.73886
2015,Tlaxcala,29,2.47067
2014,Tlaxcala,29,3.68984
2013,Tlaxcala,29,3.43512
2012,Tlaxcala,29,3.41582
2011,Tlaxcala,29,3.39668
2010,Tlaxcala,29,3.54171
2009,Tlaxcala,29,3.17106
2008,Tlaxcala,29,3.65819
2007,Tlaxcala,29,2.30129
2006,Tlaxcala,29,3.95566
2005,Tlaxcala,29,2.65403
2004,Tlaxcala,29,4.94986
2003,Tlaxcala,29,4.76584
2002,Tlaxcala,29,4.96334
2001,Tlaxcala,29,4.27358
2000,Tlaxcala,29,3.04351
1999,Tlaxcala,29,4.24182
1998,Tlaxcala,29,4.64156
1997,Tlaxcala,29,11.94627
1996,Tlaxcala,29,6.04279
1995,Tlaxcala,29,5.61143
1994,Tlaxcala,29,4.01494
1993,Tlaxcala,29,3.05058
1992,Tlaxcala,29,3.2423
1991,Tlaxcala,29,13.77446
1990,Tlaxcala,29,5.92336
2021,Veracruz de Ignacio de la Llave,30,19.32824
2020,Veracruz de Ignacio de la Llave,30,16.0307
2019,Veracruz de Ignacio de la Llave,30,23.06665
2018,Veracruz de Ignacio de la Llave,30,24.16363
2017,Veracruz de Ignacio de la Llave,30,23.38554
2016,Veracruz de Ignacio de la Llave,30,22.78576
2015,Veracruz de Ignacio de la Llave,30,21.21038
2014,Veracruz de Ignacio de la Llave,30,22.72147
2013,Veracruz de Ignacio de la Llave,30,22.91635
2012,Veracruz de Ignacio de la Llave,30,21.02487
2011,Veracruz de Ignacio de la Llave,30,22.09915
2010,Veracruz de Ignacio de la Llave,30,23.06496
2009,Veracruz de Ignacio de la Llave,30,22.81343
2008,Veracruz de Ignacio de la Llave,30,22.45571
2007,Veracruz de Ignacio de la Llave,30,21.68445
2006,Veracruz de Ignacio de la Llave,30,20.66725
2005,Veracruz de Ignacio de la Llave,30,24.84641
2004,Veracruz de Ignacio de la Llave,30,23.87906
2003,Veracruz de Ignacio de la Llave,30,24.46362
2002,Veracruz de Ignacio de la Llave,30,25.54045
2001,Veracruz de Ignacio de la Llave,30,26.73635
2000,Veracruz de Ignacio de la Llave,30,27.89499
1999,Veracruz de Ignacio de la Llave,30,28.78139
1998,Veracruz de Ignacio de la Llave,30,30.24526
1997,Veracruz de Ignacio de la Llave,30,35.72394
1996,Veracruz de Ignacio de la Llave,30,31.8218
1995,Veracruz de Ignacio de la Llave,30,33.11737
1994,Veracruz de Ignacio de la Llave,30,29.01585
1993,Veracruz de Ignacio de la Llave,30,20.41184
1992,Veracruz de Ignacio de la Llave,30,21.68679
1991,Veracruz de Ignacio de la Llave,30,23.17273
1990,Veracruz de Ignacio de la Llave,30,22.24484
2021,Yucatán,31,8.84435
2020,Yucatán,31,6.86115
2019,Yucatán,31,11.23613
2018,Yucatán,31,11.32125
2017,Yucatán,31,9.94384
2016,Yucatán,31,9.97271
2015,Yucatán,31,9.48891
2014,Yucatán,31,8.6157
2013,Yucatán,31,9.70299
2012,Yucatán,31,8.86568
2011,Yucatán,31,9.69784
2010,Yucatán,31,7.42539
2009,Yucatán,31,8.65329
2008,Yucatán,31,9.63771
2007,Yucatán,31,8.28439
2006,Yucatán,31,8.90964
2005,Yucatán,31,7.42849
2004,Yucatán,31,8.22628
2003,Yucatán,31,10.44943
2002,Yucatán,31,9.05634
2001,Yucatán,31,8.8844
2000,Yucatán,31,8.99434
1999,Yucatán,31,9.5612
1998,Yucatán,31,11.95383
1997,Yucatán,31,12.68798
1996,Yucatán,31,12.94637
1995,Yucatán,31,8.62962
1994,Yucatán,31,7.36028
1993,Yucatán,31,6.84064
1992,Yucatán,31,9.01206
1991,Yucatán,31,11.5525
1990,Yucatán,31,10.81083
2021,Zacatecas,32,3.15869
2020,Zacatecas,32,1.56023
2019,Zacatecas,32,3.50539
2018,Zacatecas,32,4.2012
2017,Zacatecas,32,3.25195
2016,Zacatecas,32,2.65978
2015,Zacatecas,32,4.18305
2014,Zacatecas,32,3.65991
2013,Zacatecas,32,3.76593
2012,Zacatecas,32,3.22996
2011,Zacatecas,32,4.31783
2010,Zacatecas,32,3.77957
2009,Zacatecas,32,4.43808
2008,Zacatecas,32,5.18492
2007,Zacatecas,32,4.15298
2006,Zacatecas,32,3.72049
2005,Zacatecas,32,3.96978
2004,Zacatecas,32,3.77806
2003,Zacatecas,32,4.87462
2002,Zacatecas,32,4.54317
2001,Zacatecas,32,4.20804
2000,Zacatecas,32,4.15867
1999,Zacatecas,32,5.19476
1998,Zacatecas,32,3.66157
1997,Zacatecas,32,6.01425
1996,Zacatecas,32,23.96308
1995,Zacatecas,32,4.27797
1994,Zacatecas,32,3.40887
1993,Zacatecas,32,4.4701
1992,Zacatecas,32,3.5225
1991,Zacatecas,32,5.88457
1990,Zacatecas,32,5.69879
