Year,Entidad federativa,GeoCode,Value
2021,Estados Unidos Mexicanos,0,3.57828
2020,Estados Unidos Mexicanos,0,3.53855
2019,Estados Unidos Mexicanos,0,4.15002
2018,Estados Unidos Mexicanos,0,3.96959
2017,Estados Unidos Mexicanos,0,3.7697
2016,Estados Unidos Mexicanos,0,3.77134
2015,Estados Unidos Mexicanos,0,3.91519
2014,Estados Unidos Mexicanos,0,4.00796
2013,Estados Unidos Mexicanos,0,4.19995
2012,Estados Unidos Mexicanos,0,4.25191
2011,Estados Unidos Mexicanos,0,4.36518
2010,Estados Unidos Mexicanos,0,4.26994
2009,Estados Unidos Mexicanos,0,4.56219
2008,Estados Unidos Mexicanos,0,4.69451
2007,Estados Unidos Mexicanos,0,4.68344
2006,Estados Unidos Mexicanos,0,4.61386
2005,Estados Unidos Mexicanos,0,4.40052
2004,Estados Unidos Mexicanos,0,4.52564
2003,Estados Unidos Mexicanos,0,4.47758
2002,Estados Unidos Mexicanos,0,4.3973
2001,Estados Unidos Mexicanos,0,4.31246
2000,Estados Unidos Mexicanos,0,4.2476
1999,Estados Unidos Mexicanos,0,4.28897
1998,Estados Unidos Mexicanos,0,4.24691
1997,Estados Unidos Mexicanos,0,4.40348
1996,Estados Unidos Mexicanos,0,4.64978
1995,Estados Unidos Mexicanos,0,4.33997
1994,Estados Unidos Mexicanos,0,3.85336
1993,Estados Unidos Mexicanos,0,3.53176
1992,Estados Unidos Mexicanos,0,2.8965
1991,Estados Unidos Mexicanos,0,2.34173
1990,Estados Unidos Mexicanos,0,1.7738
2021,Aguascalientes,1,0.96322
2020,Aguascalientes,1,1.53349
2019,Aguascalientes,1,2.89666
2018,Aguascalientes,1,1.71945
2017,Aguascalientes,1,0.94492
2016,Aguascalientes,1,2.2135
2015,Aguascalientes,1,1.65187
2014,Aguascalientes,1,2.06853
2013,Aguascalientes,1,2.65999
2012,Aguascalientes,1,2.15834
2011,Aguascalientes,1,1.79823
2010,Aguascalientes,1,1.83561
2009,Aguascalientes,1,2.21057
2008,Aguascalientes,1,1.7339
2007,Aguascalientes,1,3.09388
2006,Aguascalientes,1,3.69366
2005,Aguascalientes,1,3.58852
2004,Aguascalientes,1,3.29703
2003,Aguascalientes,1,3.56896
2002,Aguascalientes,1,1.77874
2001,Aguascalientes,1,3.13918
2000,Aguascalientes,1,1.8672
1999,Aguascalientes,1,2.7571
1998,Aguascalientes,1,2.48993
1997,Aguascalientes,1,2.43295
1996,Aguascalientes,1,2.71298
1995,Aguascalientes,1,2.66412
1994,Aguascalientes,1,2.61798
1993,Aguascalientes,1,1.34581
1992,Aguascalientes,1,1.38471
1991,Aguascalientes,1,1.16657
1990,Aguascalientes,1,0.26712
2021,Baja California,2,8.15683
2020,Baja California,2,7.34552
2019,Baja California,2,8.46709
2018,Baja California,2,8.03694
2017,Baja California,2,7.797
2016,Baja California,2,8.16846
2015,Baja California,2,7.74318
2014,Baja California,2,6.70431
2013,Baja California,2,8.35164
2012,Baja California,2,8.74666
2011,Baja California,2,8.75068
2010,Baja California,2,8.22954
2009,Baja California,2,8.78475
2008,Baja California,2,9.10299
2007,Baja California,2,9.66366
2006,Baja California,2,9.35487
2005,Baja California,2,9.37142
2004,Baja California,2,10.06118
2003,Baja California,2,8.61367
2002,Baja California,2,9.61855
2001,Baja California,2,7.91144
2000,Baja California,2,10.82739
1999,Baja California,2,9.67693
1998,Baja California,2,8.85634
1997,Baja California,2,9.08358
1996,Baja California,2,9.78499
1995,Baja California,2,8.62068
1994,Baja California,2,8.04889
1993,Baja California,2,5.58629
1992,Baja California,2,2.87541
1991,Baja California,2,4.87387
1990,Baja California,2,2.422
2021,Baja California Sur,3,6.33328
2020,Baja California Sur,3,6.83478
2019,Baja California Sur,3,6.4711
2018,Baja California Sur,3,4.27852
2017,Baja California Sur,3,4.90541
2016,Baja California Sur,3,4.8847
2015,Baja California Sur,3,5.27891
2014,Baja California Sur,3,7.39768
2013,Baja California Sur,3,5.83274
2012,Baja California Sur,3,6.87969
2011,Baja California Sur,3,8.13608
2010,Baja California Sur,3,5.65873
2009,Baja California Sur,3,5.51839
2008,Baja California Sur,3,7.46665
2007,Baja California Sur,3,4.08444
2006,Baja California Sur,3,8.36741
2005,Baja California Sur,3,6.19267
2004,Baja California Sur,3,6.80382
2003,Baja California Sur,3,4.96911
2002,Baja California Sur,3,4.71704
2001,Baja California Sur,3,4.44354
2000,Baja California Sur,3,5.29566
1999,Baja California Sur,3,3.56472
1998,Baja California Sur,3,4.6441
1997,Baja California Sur,3,4.78009
1996,Baja California Sur,3,2.07333
1995,Baja California Sur,3,4.26184
1994,Baja California Sur,3,3.00427
1993,Baja California Sur,3,1.68134
1992,Baja California Sur,3,1.1508
1991,Baja California Sur,3,2.66019
1990,Baja California Sur,3,0.60768
2021,Campeche,4,7.37455
2020,Campeche,4,6.99568
2019,Campeche,4,9.5524
2018,Campeche,4,9.09731
2017,Campeche,4,8.83784
2016,Campeche,4,8.46335
2015,Campeche,4,8.61663
2014,Campeche,4,8.77204
2013,Campeche,4,7.12741
2012,Campeche,4,8.88054
2011,Campeche,4,5.88276
2010,Campeche,4,5.39606
2009,Campeche,4,7.06628
2008,Campeche,4,7.29258
2007,Campeche,4,7.89922
2006,Campeche,4,5.33948
2005,Campeche,4,4.52207
2004,Campeche,4,4.87079
2003,Campeche,4,5.63358
2002,Campeche,4,6.42564
2001,Campeche,4,4.32008
2000,Campeche,4,5.11102
1999,Campeche,4,2.8889
1998,Campeche,4,3.81921
1997,Campeche,4,3.13877
1996,Campeche,4,3.19552
1995,Campeche,4,2.1781
1994,Campeche,4,0.95864
1993,Campeche,4,1.64207
1992,Campeche,4,1.68885
1991,Campeche,4,0.69535
1990,Campeche,4,0.71624
2021,Coahuila de Zaragoza,5,2.63702
2020,Coahuila de Zaragoza,5,1.92623
2019,Coahuila de Zaragoza,5,2.67662
2018,Coahuila de Zaragoza,5,2.55426
2017,Coahuila de Zaragoza,5,2.91465
2016,Coahuila de Zaragoza,5,2.30031
2015,Coahuila de Zaragoza,5,2.23292
2014,Coahuila de Zaragoza,5,2.36475
2013,Coahuila de Zaragoza,5,3.70126
2012,Coahuila de Zaragoza,5,3.02635
2011,Coahuila de Zaragoza,5,2.72055
2010,Coahuila de Zaragoza,5,2.65602
2009,Coahuila de Zaragoza,5,3.10093
2008,Coahuila de Zaragoza,5,2.74708
2007,Coahuila de Zaragoza,5,3.47526
2006,Coahuila de Zaragoza,5,3.03536
2005,Coahuila de Zaragoza,5,2.81488
2004,Coahuila de Zaragoza,5,3.26373
2003,Coahuila de Zaragoza,5,2.99887
2002,Coahuila de Zaragoza,5,3.21973
2001,Coahuila de Zaragoza,5,2.43914
2000,Coahuila de Zaragoza,5,2.69809
1999,Coahuila de Zaragoza,5,2.08608
1998,Coahuila de Zaragoza,5,2.68291
1997,Coahuila de Zaragoza,5,2.13781
1996,Coahuila de Zaragoza,5,3.06867
1995,Coahuila de Zaragoza,5,2.37774
1994,Coahuila de Zaragoza,5,2.08497
1993,Coahuila de Zaragoza,5,1.92603
1992,Coahuila de Zaragoza,5,1.85862
1991,Coahuila de Zaragoza,5,1.2578
1990,Coahuila de Zaragoza,5,0.8844
2021,Colima,6,4.01382
2020,Colima,6,8.7881
2019,Colima,6,7.89295
2018,Colima,6,9.07497
2017,Colima,6,7.35685
2016,Colima,6,5.98914
2015,Colima,6,8.03662
2014,Colima,6,6.7726
2013,Colima,6,7.62143
2012,Colima,6,8.79911
2011,Colima,6,6.88497
2010,Colima,6,4.88392
2009,Colima,6,7.17749
2008,Colima,6,6.72964
2007,Colima,6,8.06336
2006,Colima,6,5.23776
2005,Colima,6,5.5138
2004,Colima,6,5.06079
2003,Colima,6,5.12574
2002,Colima,6,5.73041
2001,Colima,6,4.89923
2000,Colima,6,3.85902
1999,Colima,6,6.1654
1998,Colima,6,5.34423
1997,Colima,6,6.24255
1996,Colima,6,3.59072
1995,Colima,6,5.50003
1994,Colima,6,3.53125
1993,Colima,6,3.17906
1992,Colima,6,3.02916
1991,Colima,6,1.54719
1990,Colima,6,1.80716
2021,Chiapas,7,4.0603
2020,Chiapas,7,4.22312
2019,Chiapas,7,4.9048
2018,Chiapas,7,4.11584
2017,Chiapas,7,4.41658
2016,Chiapas,7,5.24662
2015,Chiapas,7,4.33323
2014,Chiapas,7,4.44391
2013,Chiapas,7,4.77537
2012,Chiapas,7,4.94167
2011,Chiapas,7,4.87367
2010,Chiapas,7,4.65221
2009,Chiapas,7,5.57877
2008,Chiapas,7,5.59267
2007,Chiapas,7,5.32002
2006,Chiapas,7,5.72407
2005,Chiapas,7,5.1326
2004,Chiapas,7,4.71967
2003,Chiapas,7,4.47912
2002,Chiapas,7,3.69768
2001,Chiapas,7,4.04273
2000,Chiapas,7,3.59398
1999,Chiapas,7,2.94457
1998,Chiapas,7,2.60876
1997,Chiapas,7,1.91486
1996,Chiapas,7,1.73629
1995,Chiapas,7,1.38022
1994,Chiapas,7,0.9526
1993,Chiapas,7,0.68297
1992,Chiapas,7,0.376
1991,Chiapas,7,0.20592
1990,Chiapas,7,0.20957
2021,Chihuahua,8,2.89326
2020,Chihuahua,8,2.52533
2019,Chihuahua,8,4.03684
2018,Chihuahua,8,3.64808
2017,Chihuahua,8,3.36098
2016,Chihuahua,8,3.3156
2015,Chihuahua,8,4.42419
2014,Chihuahua,8,3.76009
2013,Chihuahua,8,3.67801
2012,Chihuahua,8,4.02084
2011,Chihuahua,8,4.74346
2010,Chihuahua,8,4.79508
2009,Chihuahua,8,4.6981
2008,Chihuahua,8,6.35671
2007,Chihuahua,8,5.99566
2006,Chihuahua,8,5.95523
2005,Chihuahua,8,5.14372
2004,Chihuahua,8,5.27733
2003,Chihuahua,8,5.69415
2002,Chihuahua,8,5.11384
2001,Chihuahua,8,4.45218
2000,Chihuahua,8,4.09319
1999,Chihuahua,8,3.69619
1998,Chihuahua,8,3.12572
1997,Chihuahua,8,3.90447
1996,Chihuahua,8,2.68901
1995,Chihuahua,8,3.06241
1994,Chihuahua,8,2.43305
1993,Chihuahua,8,1.85291
1992,Chihuahua,8,1.92997
1991,Chihuahua,8,1.08273
1990,Chihuahua,8,0.71166
2021,Ciudad de México,9,3.55404
2020,Ciudad de México,9,4.52396
2019,Ciudad de México,9,4.10798
2018,Ciudad de México,9,4.52364
2017,Ciudad de México,9,3.22685
2016,Ciudad de México,9,3.83256
2015,Ciudad de México,9,4.00718
2014,Ciudad de México,9,4.11608
2013,Ciudad de México,9,4.51543
2012,Ciudad de México,9,4.70765
2011,Ciudad de México,9,4.43855
2010,Ciudad de México,9,4.64269
2009,Ciudad de México,9,5.6145
2008,Ciudad de México,9,5.703
2007,Ciudad de México,9,6.06145
2006,Ciudad de México,9,5.65882
2005,Ciudad de México,9,5.74313
2004,Ciudad de México,9,5.86802
2003,Ciudad de México,9,6.27847
2002,Ciudad de México,9,6.27318
2001,Ciudad de México,9,7.00471
2000,Ciudad de México,9,7.20982
1999,Ciudad de México,9,7.99606
1998,Ciudad de México,9,8.97441
1997,Ciudad de México,9,10.34421
1996,Ciudad de México,9,11.42254
1995,Ciudad de México,9,11.47171
1994,Ciudad de México,9,10.37984
1993,Ciudad de México,9,9.44165
1992,Ciudad de México,9,8.9275
1991,Ciudad de México,9,7.78697
1990,Ciudad de México,9,5.95974
2021,Durango,10,1.64489
2020,Durango,10,1.44463
2019,Durango,10,1.67301
2018,Durango,10,2.28701
2017,Durango,10,1.59385
2016,Durango,10,1.88683
2015,Durango,10,1.96455
2014,Durango,10,3.12827
2013,Durango,10,2.53806
2012,Durango,10,1.63892
2011,Durango,10,2.55581
2010,Durango,10,2.35422
2009,Durango,10,2.32645
2008,Durango,10,2.35759
2007,Durango,10,2.89208
2006,Durango,10,1.9742
2005,Durango,10,2.77056
2004,Durango,10,2.80012
2003,Durango,10,2.04032
2002,Durango,10,2.46214
2001,Durango,10,1.88408
2000,Durango,10,1.97222
1999,Durango,10,2.5972
1998,Durango,10,1.57233
1997,Durango,10,2.05272
1996,Durango,10,1.98749
1995,Durango,10,2.13345
1994,Durango,10,1.10866
1993,Durango,10,0.97736
1992,Durango,10,1.26683
1991,Durango,10,0.70997
1990,Durango,10,0.42996
2021,Guanajuato,11,1.48074
2020,Guanajuato,11,1.39688
2019,Guanajuato,11,1.83034
2018,Guanajuato,11,1.8636
2017,Guanajuato,11,1.65055
2016,Guanajuato,11,1.66737
2015,Guanajuato,11,1.70303
2014,Guanajuato,11,1.5193
2013,Guanajuato,11,1.41823
2012,Guanajuato,11,1.57784
2011,Guanajuato,11,1.99157
2010,Guanajuato,11,1.64173
2009,Guanajuato,11,1.74443
2008,Guanajuato,11,1.74448
2007,Guanajuato,11,2.31853
2006,Guanajuato,11,1.8783
2005,Guanajuato,11,2.26758
2004,Guanajuato,11,2.45634
2003,Guanajuato,11,2.58828
2002,Guanajuato,11,2.51758
2001,Guanajuato,11,2.31953
2000,Guanajuato,11,2.30534
1999,Guanajuato,11,2.41791
1998,Guanajuato,11,1.92751
1997,Guanajuato,11,1.77658
1996,Guanajuato,11,2.26696
1995,Guanajuato,11,1.71191
1994,Guanajuato,11,1.80394
1993,Guanajuato,11,1.34345
1992,Guanajuato,11,1.12848
1991,Guanajuato,11,0.5253
1990,Guanajuato,11,0.60657
2021,Guerrero,12,2.453
2020,Guerrero,12,2.24225
2019,Guerrero,12,2.99124
2018,Guerrero,12,3.66418
2017,Guerrero,12,3.4032
2016,Guerrero,12,3.8084
2015,Guerrero,12,4.66925
2014,Guerrero,12,4.89897
2013,Guerrero,12,5.10705
2012,Guerrero,12,4.34793
2011,Guerrero,12,4.99209
2010,Guerrero,12,5.83111
2009,Guerrero,12,5.49339
2008,Guerrero,12,5.54409
2007,Guerrero,12,5.35158
2006,Guerrero,12,5.67415
2005,Guerrero,12,5.41809
2004,Guerrero,12,5.72918
2003,Guerrero,12,5.91771
2002,Guerrero,12,5.50859
2001,Guerrero,12,5.31799
2000,Guerrero,12,4.67419
1999,Guerrero,12,4.68021
1998,Guerrero,12,4.80123
1997,Guerrero,12,4.5637
1996,Guerrero,12,3.92012
1995,Guerrero,12,3.80293
1994,Guerrero,12,2.89142
1993,Guerrero,12,3.457
1992,Guerrero,12,1.7724
1991,Guerrero,12,1.80047
1990,Guerrero,12,1.06144
2021,Hidalgo,13,2.30669
2020,Hidalgo,13,1.9764
2019,Hidalgo,13,2.3601
2018,Hidalgo,13,2.42182
2017,Hidalgo,13,1.94828
2016,Hidalgo,13,1.63334
2015,Hidalgo,13,1.34506
2014,Hidalgo,13,1.39897
2013,Hidalgo,13,1.91659
2012,Hidalgo,13,1.72967
2011,Hidalgo,13,1.64731
2010,Hidalgo,13,1.71073
2009,Hidalgo,13,2.12366
2008,Hidalgo,13,1.67022
2007,Hidalgo,13,1.86999
2006,Hidalgo,13,1.71113
2005,Hidalgo,13,1.40966
2004,Hidalgo,13,1.88681
2003,Hidalgo,13,1.6961
2002,Hidalgo,13,1.93017
2001,Hidalgo,13,2.21294
2000,Hidalgo,13,1.57939
1999,Hidalgo,13,1.64203
1998,Hidalgo,13,1.75305
1997,Hidalgo,13,1.45758
1996,Hidalgo,13,1.84716
1995,Hidalgo,13,1.73399
1994,Hidalgo,13,1.52368
1993,Hidalgo,13,1.69431
1992,Hidalgo,13,1.18191
1991,Hidalgo,13,0.45116
1990,Hidalgo,13,0.51055
2021,Jalisco,14,4.3341
2020,Jalisco,14,4.00728
2019,Jalisco,14,4.42
2018,Jalisco,14,4.3816
2017,Jalisco,14,3.65681
2016,Jalisco,14,3.09088
2015,Jalisco,14,2.87569
2014,Jalisco,14,3.01112
2013,Jalisco,14,3.73074
2012,Jalisco,14,3.49281
2011,Jalisco,14,3.87111
2010,Jalisco,14,3.79262
2009,Jalisco,14,3.9042
2008,Jalisco,14,3.85578
2007,Jalisco,14,4.0715
2006,Jalisco,14,4.04897
2005,Jalisco,14,4.58716
2004,Jalisco,14,4.72754
2003,Jalisco,14,5.57157
2002,Jalisco,14,5.24709
2001,Jalisco,14,5.23471
2000,Jalisco,14,5.26505
1999,Jalisco,14,6.21379
1998,Jalisco,14,5.78781
1997,Jalisco,14,5.59659
1996,Jalisco,14,6.79068
1995,Jalisco,14,7.07119
1994,Jalisco,14,5.82693
1993,Jalisco,14,5.99774
1992,Jalisco,14,5.07709
1991,Jalisco,14,4.05235
1990,Jalisco,14,3.42366
2021,México,15,2.40862
2020,México,15,2.56487
2019,México,15,2.85291
2018,México,15,2.69689
2017,México,15,2.37826
2016,México,15,2.54525
2015,México,15,2.5344
2014,México,15,2.38797
2013,México,15,2.69403
2012,México,15,2.84443
2011,México,15,2.86525
2010,México,15,2.64014
2009,México,15,2.84459
2008,México,15,3.01631
2007,México,15,2.99509
2006,México,15,2.90895
2005,México,15,2.79809
2004,México,15,2.76151
2003,México,15,2.7667
2002,México,15,3.00712
2001,México,15,3.23231
2000,México,15,3.49981
1999,México,15,3.70616
1998,México,15,3.78988
1997,México,15,4.42003
1996,México,15,4.84162
1995,México,15,4.5247
1994,México,15,4.2503
1993,México,15,4.61658
1992,México,15,3.60898
1991,México,15,3.45496
1990,México,15,2.61734
2021,Michoacán de Ocampo,16,1.91446
2020,Michoacán de Ocampo,16,1.40921
2019,Michoacán de Ocampo,16,1.96161
2018,Michoacán de Ocampo,16,1.34525
2017,Michoacán de Ocampo,16,1.56718
2016,Michoacán de Ocampo,16,1.51553
2015,Michoacán de Ocampo,16,2.08839
2014,Michoacán de Ocampo,16,1.84733
2013,Michoacán de Ocampo,16,1.99809
2012,Michoacán de Ocampo,16,2.5081
2011,Michoacán de Ocampo,16,2.06562
2010,Michoacán de Ocampo,16,2.43295
2009,Michoacán de Ocampo,16,2.30717
2008,Michoacán de Ocampo,16,1.87571
2007,Michoacán de Ocampo,16,2.31115
2006,Michoacán de Ocampo,16,2.03296
2005,Michoacán de Ocampo,16,2.29567
2004,Michoacán de Ocampo,16,2.30147
2003,Michoacán de Ocampo,16,2.38105
2002,Michoacán de Ocampo,16,2.53571
2001,Michoacán de Ocampo,16,2.32121
2000,Michoacán de Ocampo,16,2.30241
1999,Michoacán de Ocampo,16,2.55825
1998,Michoacán de Ocampo,16,2.27093
1997,Michoacán de Ocampo,16,1.85654
1996,Michoacán de Ocampo,16,2.52374
1995,Michoacán de Ocampo,16,1.95981
1994,Michoacán de Ocampo,16,1.93018
1993,Michoacán de Ocampo,16,1.64043
1992,Michoacán de Ocampo,16,1.60799
1991,Michoacán de Ocampo,16,0.88118
1990,Michoacán de Ocampo,16,0.81188
2021,Morelos,17,4.11619
2020,Morelos,17,3.96271
2019,Morelos,17,4.05425
2018,Morelos,17,4.44883
2017,Morelos,17,4.70185
2016,Morelos,17,4.50193
2015,Morelos,17,4.45479
2014,Morelos,17,4.77622
2013,Morelos,17,4.89621
2012,Morelos,17,4.21107
2011,Morelos,17,4.21954
2010,Morelos,17,3.6726
2009,Morelos,17,5.54586
2008,Morelos,17,5.01595
2007,Morelos,17,4.6402
2006,Morelos,17,4.84486
2005,Morelos,17,4.85213
2004,Morelos,17,5.02191
2003,Morelos,17,5.00905
2002,Morelos,17,5.99618
2001,Morelos,17,5.2997
2000,Morelos,17,5.54165
1999,Morelos,17,7.48066
1998,Morelos,17,5.83199
1997,Morelos,17,6.12861
1996,Morelos,17,7.31745
1995,Morelos,17,6.30673
1994,Morelos,17,4.49294
1993,Morelos,17,5.50836
1992,Morelos,17,2.9521
1991,Morelos,17,3.82569
1990,Morelos,17,3.14284
2021,Nayarit,18,3.90462
2020,Nayarit,18,4.65632
2019,Nayarit,18,5.58771
2018,Nayarit,18,5.11034
2017,Nayarit,18,5.75497
2016,Nayarit,18,4.93979
2015,Nayarit,18,5.68808
2014,Nayarit,18,6.71694
2013,Nayarit,18,6.14171
2012,Nayarit,18,5.28387
2011,Nayarit,18,7.17809
2010,Nayarit,18,5.84777
2009,Nayarit,18,4.38501
2008,Nayarit,18,5.73984
2007,Nayarit,18,6.37699
2006,Nayarit,18,5.33131
2005,Nayarit,18,6.65096
2004,Nayarit,18,5.16239
2003,Nayarit,18,6.45952
2002,Nayarit,18,5.36348
2001,Nayarit,18,5.20235
2000,Nayarit,18,4.49946
1999,Nayarit,18,4.31357
1998,Nayarit,18,3.68495
1997,Nayarit,18,5.66733
1996,Nayarit,18,5.04434
1995,Nayarit,18,4.09229
1994,Nayarit,18,4.47326
1993,Nayarit,18,3.16804
1992,Nayarit,18,3.6653
1991,Nayarit,18,3.01652
1990,Nayarit,18,0.94064
2021,Nuevo León,19,3.79888
2020,Nuevo León,19,3.58279
2019,Nuevo León,19,3.54229
2018,Nuevo León,19,2.34654
2017,Nuevo León,19,3.85099
2016,Nuevo León,19,3.75883
2015,Nuevo León,19,3.59241
2014,Nuevo León,19,4.14969
2013,Nuevo León,19,3.85263
2012,Nuevo León,19,3.80908
2011,Nuevo León,19,3.66089
2010,Nuevo León,19,4.58341
2009,Nuevo León,19,4.10727
2008,Nuevo León,19,4.20803
2007,Nuevo León,19,3.41297
2006,Nuevo León,19,4.16319
2005,Nuevo León,19,3.86981
2004,Nuevo León,19,4.255
2003,Nuevo León,19,3.75762
2002,Nuevo León,19,3.73497
2001,Nuevo León,19,4.06415
2000,Nuevo León,19,3.2963
1999,Nuevo León,19,4.03658
1998,Nuevo León,19,3.96911
1997,Nuevo León,19,3.57544
1996,Nuevo León,19,4.13356
1995,Nuevo León,19,4.35311
1994,Nuevo León,19,3.46971
1993,Nuevo León,19,2.95899
1992,Nuevo León,19,2.51578
1991,Nuevo León,19,1.80752
1990,Nuevo León,19,1.63042
2021,Oaxaca,20,3.02476
2020,Oaxaca,20,2.34096
2019,Oaxaca,20,3.22757
2018,Oaxaca,20,2.392
2017,Oaxaca,20,2.55382
2016,Oaxaca,20,2.57013
2015,Oaxaca,20,2.4134
2014,Oaxaca,20,3.73426
2013,Oaxaca,20,3.86554
2012,Oaxaca,20,3.38912
2011,Oaxaca,20,3.88328
2010,Oaxaca,20,4.02957
2009,Oaxaca,20,4.92334
2008,Oaxaca,20,5.33699
2007,Oaxaca,20,5.08461
2006,Oaxaca,20,5.58948
2005,Oaxaca,20,4.34332
2004,Oaxaca,20,3.81414
2003,Oaxaca,20,3.55829
2002,Oaxaca,20,3.89232
2001,Oaxaca,20,4.00388
2000,Oaxaca,20,3.68607
1999,Oaxaca,20,3.2605
1998,Oaxaca,20,3.74564
1997,Oaxaca,20,2.88023
1996,Oaxaca,20,2.83373
1995,Oaxaca,20,2.34707
1994,Oaxaca,20,2.21023
1993,Oaxaca,20,1.20659
1992,Oaxaca,20,0.81127
1991,Oaxaca,20,0.69282
1990,Oaxaca,20,0.41344
2021,Puebla,21,2.40069
2020,Puebla,21,2.02893
2019,Puebla,21,2.84296
2018,Puebla,21,2.80915
2017,Puebla,21,2.79104
2016,Puebla,21,3.19889
2015,Puebla,21,2.80501
2014,Puebla,21,2.91994
2013,Puebla,21,3.03957
2012,Puebla,21,3.29584
2011,Puebla,21,3.35912
2010,Puebla,21,2.86246
2009,Puebla,21,3.33126
2008,Puebla,21,3.59794
2007,Puebla,21,3.95867
2006,Puebla,21,3.52115
2005,Puebla,21,3.20236
2004,Puebla,21,4.61957
2003,Puebla,21,3.7522
2002,Puebla,21,4.25531
2001,Puebla,21,3.70317
2000,Puebla,21,3.98458
1999,Puebla,21,4.14822
1998,Puebla,21,4.45349
1997,Puebla,21,5.05911
1996,Puebla,21,5.25221
1995,Puebla,21,4.19987
1994,Puebla,21,4.18068
1993,Puebla,21,4.47088
1992,Puebla,21,3.22663
1991,Puebla,21,2.03023
1990,Puebla,21,1.88215
2021,Querétaro,22,2.80228
2020,Querétaro,22,2.85133
2019,Querétaro,22,2.99226
2018,Querétaro,22,3.13931
2017,Querétaro,22,2.50444
2016,Querétaro,22,2.50741
2015,Querétaro,22,2.60926
2014,Querétaro,22,2.51999
2013,Querétaro,22,3.08486
2012,Querétaro,22,2.64127
2011,Querétaro,22,2.17615
2010,Querétaro,22,1.79118
2009,Querétaro,22,3.05384
2008,Querétaro,22,1.88076
2007,Querétaro,22,2.98349
2006,Querétaro,22,2.76104
2005,Querétaro,22,1.6617
2004,Querétaro,22,1.70287
2003,Querétaro,22,2.26244
2002,Querétaro,22,1.78957
2001,Querétaro,22,1.90329
2000,Querétaro,22,1.95109
1999,Querétaro,22,1.85829
1998,Querétaro,22,2.56968
1997,Querétaro,22,2.56602
1996,Querétaro,22,2.48433
1995,Querétaro,22,2.07328
1994,Querétaro,22,2.28982
1993,Querétaro,22,1.25888
1992,Querétaro,22,1.03424
1991,Querétaro,22,0.53141
1990,Querétaro,22,0.45535
2021,Quintana Roo,23,13.0011
2020,Quintana Roo,23,11.14168
2019,Quintana Roo,23,11.75394
2018,Quintana Roo,23,10.21129
2017,Quintana Roo,23,10.58951
2016,Quintana Roo,23,9.07395
2015,Quintana Roo,23,9.83688
2014,Quintana Roo,23,10.29949
2013,Quintana Roo,23,9.26772
2012,Quintana Roo,23,8.53236
2011,Quintana Roo,23,9.87602
2010,Quintana Roo,23,10.05305
2009,Quintana Roo,23,8.10265
2008,Quintana Roo,23,7.43767
2007,Quintana Roo,23,7.71112
2006,Quintana Roo,23,8.16642
2005,Quintana Roo,23,7.771
2004,Quintana Roo,23,9.11916
2003,Quintana Roo,23,7.27663
2002,Quintana Roo,23,6.3807
2001,Quintana Roo,23,6.87895
2000,Quintana Roo,23,8.07591
1999,Quintana Roo,23,6.03073
1998,Quintana Roo,23,4.395
1997,Quintana Roo,23,5.53777
1996,Quintana Roo,23,5.58264
1995,Quintana Roo,23,2.73171
1994,Quintana Roo,23,3.18299
1993,Quintana Roo,23,3.52296
1992,Quintana Roo,23,2.88264
1991,Quintana Roo,23,0.71989
1990,Quintana Roo,23,0.95745
2021,San Luis Potosí,24,1.87129
2020,San Luis Potosí,24,2.16319
2019,San Luis Potosí,24,2.31908
2018,San Luis Potosí,24,2.69012
2017,San Luis Potosí,24,2.78205
2016,San Luis Potosí,24,1.97738
2015,San Luis Potosí,24,2.35658
2014,San Luis Potosí,24,2.88969
2013,San Luis Potosí,24,1.92042
2012,San Luis Potosí,24,2.79777
2011,San Luis Potosí,24,2.29977
2010,San Luis Potosí,24,2.40356
2009,San Luis Potosí,24,2.62533
2008,San Luis Potosí,24,2.65489
2007,San Luis Potosí,24,2.40826
2006,San Luis Potosí,24,2.6336
2005,San Luis Potosí,24,2.05768
2004,San Luis Potosí,24,1.83668
2003,San Luis Potosí,24,2.2709
2002,San Luis Potosí,24,2.0055
2001,San Luis Potosí,24,2.11415
2000,San Luis Potosí,24,1.53967
1999,San Luis Potosí,24,2.33246
1998,San Luis Potosí,24,1.56928
1997,San Luis Potosí,24,2.02471
1996,San Luis Potosí,24,1.86768
1995,San Luis Potosí,24,1.66413
1994,San Luis Potosí,24,2.0951
1993,San Luis Potosí,24,1.61534
1992,San Luis Potosí,24,1.45072
1991,San Luis Potosí,24,0.85466
1990,San Luis Potosí,24,0.53022
2021,Sinaloa,25,2.29444
2020,Sinaloa,25,2.31256
2019,Sinaloa,25,3.09804
2018,Sinaloa,25,2.8667
2017,Sinaloa,25,2.89202
2016,Sinaloa,25,2.78745
2015,Sinaloa,25,2.71902
2014,Sinaloa,25,2.68774
2013,Sinaloa,25,3.1001
2012,Sinaloa,25,2.90314
2011,Sinaloa,25,3.57864
2010,Sinaloa,25,3.13536
2009,Sinaloa,25,3.1382
2008,Sinaloa,25,4.29734
2007,Sinaloa,25,3.56649
2006,Sinaloa,25,4.11876
2005,Sinaloa,25,3.40591
2004,Sinaloa,25,3.88667
2003,Sinaloa,25,3.11956
2002,Sinaloa,25,3.2994
2001,Sinaloa,25,3.13406
2000,Sinaloa,25,2.22297
1999,Sinaloa,25,2.94853
1998,Sinaloa,25,2.73721
1997,Sinaloa,25,3.64461
1996,Sinaloa,25,4.04575
1995,Sinaloa,25,2.94779
1994,Sinaloa,25,2.57352
1993,Sinaloa,25,1.81066
1992,Sinaloa,25,1.41049
1991,Sinaloa,25,1.38917
1990,Sinaloa,25,0.48526
2021,Sonora,26,3.79285
2020,Sonora,26,3.6751
2019,Sonora,26,4.80619
2018,Sonora,26,5.13312
2017,Sonora,26,4.72684
2016,Sonora,26,3.66104
2015,Sonora,26,4.05581
2014,Sonora,26,4.17864
2013,Sonora,26,4.52097
2012,Sonora,26,4.83836
2011,Sonora,26,4.17777
2010,Sonora,26,4.35352
2009,Sonora,26,4.80733
2008,Sonora,26,4.28409
2007,Sonora,26,3.93526
2006,Sonora,26,3.85049
2005,Sonora,26,3.83815
2004,Sonora,26,3.48776
2003,Sonora,26,3.42021
2002,Sonora,26,2.964
2001,Sonora,26,2.57877
2000,Sonora,26,2.40046
1999,Sonora,26,2.07438
1998,Sonora,26,2.69432
1997,Sonora,26,2.17474
1996,Sonora,26,1.87641
1995,Sonora,26,2.3854
1994,Sonora,26,1.89847
1993,Sonora,26,1.19285
1992,Sonora,26,0.71093
1991,Sonora,26,0.9345
1990,Sonora,26,0.79664
2021,Tabasco,27,4.11593
2020,Tabasco,27,4.97612
2019,Tabasco,27,6.56351
2018,Tabasco,27,8.18784
2017,Tabasco,27,8.08225
2016,Tabasco,27,7.9353
2015,Tabasco,27,10.22146
2014,Tabasco,27,10.98738
2013,Tabasco,27,10.46706
2012,Tabasco,27,10.794
2011,Tabasco,27,10.61091
2010,Tabasco,27,11.21825
2009,Tabasco,27,9.84272
2008,Tabasco,27,10.42585
2007,Tabasco,27,9.2382
2006,Tabasco,27,9.24193
2005,Tabasco,27,7.68274
2004,Tabasco,27,7.08165
2003,Tabasco,27,7.66743
2002,Tabasco,27,6.79736
2001,Tabasco,27,5.39156
2000,Tabasco,27,4.67506
1999,Tabasco,27,4.5844
1998,Tabasco,27,4.61387
1997,Tabasco,27,4.26264
1996,Tabasco,27,3.2303
1995,Tabasco,27,2.33113
1994,Tabasco,27,1.74451
1993,Tabasco,27,0.95218
1992,Tabasco,27,1.03603
1991,Tabasco,27,0.24979
1990,Tabasco,27,0.25611
2021,Tamaulipas,28,4.91898
2020,Tamaulipas,28,5.39637
2019,Tamaulipas,28,6.07582
2018,Tamaulipas,28,5.98805
2017,Tamaulipas,28,5.36627
2016,Tamaulipas,28,5.27345
2015,Tamaulipas,28,5.78015
2014,Tamaulipas,28,5.77726
2013,Tamaulipas,28,5.69062
2012,Tamaulipas,28,5.4863
2011,Tamaulipas,28,6.47351
2010,Tamaulipas,28,5.52818
2009,Tamaulipas,28,5.72554
2008,Tamaulipas,28,5.68089
2007,Tamaulipas,28,5.85423
2006,Tamaulipas,28,5.90128
2005,Tamaulipas,28,4.79797
2004,Tamaulipas,28,4.75848
2003,Tamaulipas,28,4.91835
2002,Tamaulipas,28,3.6417
2001,Tamaulipas,28,3.67964
2000,Tamaulipas,28,3.82329
1999,Tamaulipas,28,2.8764
1998,Tamaulipas,28,2.52356
1997,Tamaulipas,28,2.76305
1996,Tamaulipas,28,2.78124
1995,Tamaulipas,28,2.47945
1994,Tamaulipas,28,2.5219
1993,Tamaulipas,28,1.6704
1992,Tamaulipas,28,1.41067
1991,Tamaulipas,28,0.8033
1990,Tamaulipas,28,0.77589
2021,Tlaxcala,29,1.07485
2020,Tlaxcala,29,1.01448
2019,Tlaxcala,29,1.39281
2018,Tlaxcala,29,1.11282
2017,Tlaxcala,29,1.20177
2016,Tlaxcala,29,1.59767
2015,Tlaxcala,29,2.23905
2014,Tlaxcala,29,1.41313
2013,Tlaxcala,29,2.23683
2012,Tlaxcala,29,1.70791
2011,Tlaxcala,29,2.23684
2010,Tlaxcala,29,2.8671
2009,Tlaxcala,29,2.22831
2008,Tlaxcala,29,1.9162
2007,Tlaxcala,29,1.85873
2006,Tlaxcala,29,2.51724
2005,Tlaxcala,29,2.56251
2004,Tlaxcala,29,1.96126
2003,Tlaxcala,29,2.28761
2002,Tlaxcala,29,2.82229
2001,Tlaxcala,29,2.58402
2000,Tlaxcala,29,2.53626
1999,Tlaxcala,29,2.68994
1998,Tlaxcala,29,2.74274
1997,Tlaxcala,29,2.47535
1996,Tlaxcala,29,2.96646
1995,Tlaxcala,29,3.47909
1994,Tlaxcala,29,2.06483
1993,Tlaxcala,29,1.99461
1992,Tlaxcala,29,2.04145
1991,Tlaxcala,29,1.47584
1990,Tlaxcala,29,0.75617
2021,Veracruz de Ignacio de la Llave,30,6.89296
2020,Veracruz de Ignacio de la Llave,30,6.65116
2019,Veracruz de Ignacio de la Llave,30,8.28184
2018,Veracruz de Ignacio de la Llave,30,8.13359
2017,Veracruz de Ignacio de la Llave,30,7.95037
2016,Veracruz de Ignacio de la Llave,30,7.77962
2015,Veracruz de Ignacio de la Llave,30,8.49386
2014,Veracruz de Ignacio de la Llave,30,8.35493
2013,Veracruz de Ignacio de la Llave,30,8.50363
2012,Veracruz de Ignacio de la Llave,30,8.80958
2011,Veracruz de Ignacio de la Llave,30,9.33104
2010,Veracruz de Ignacio de la Llave,30,8.82844
2009,Veracruz de Ignacio de la Llave,30,9.67446
2008,Veracruz de Ignacio de la Llave,30,10.30212
2007,Veracruz de Ignacio de la Llave,30,9.33729
2006,Veracruz de Ignacio de la Llave,30,9.35977
2005,Veracruz de Ignacio de la Llave,30,8.94689
2004,Veracruz de Ignacio de la Llave,30,8.85992
2003,Veracruz de Ignacio de la Llave,30,8.75686
2002,Veracruz de Ignacio de la Llave,30,8.13479
2001,Veracruz de Ignacio de la Llave,30,7.84115
2000,Veracruz de Ignacio de la Llave,30,7.06654
1999,Veracruz de Ignacio de la Llave,30,5.67298
1998,Veracruz de Ignacio de la Llave,30,5.43751
1997,Veracruz de Ignacio de la Llave,30,4.82599
1996,Veracruz de Ignacio de la Llave,30,4.5314
1995,Veracruz de Ignacio de la Llave,30,4.02402
1994,Veracruz de Ignacio de la Llave,30,3.23553
1993,Veracruz de Ignacio de la Llave,30,2.7616
1992,Veracruz de Ignacio de la Llave,30,2.12616
1991,Veracruz de Ignacio de la Llave,30,0.96873
1990,Veracruz de Ignacio de la Llave,30,0.70099
2021,Yucatán,31,5.64813
2020,Yucatán,31,5.22332
2019,Yucatán,31,7.11771
2018,Yucatán,31,5.34363
2017,Yucatán,31,4.94901
2016,Yucatán,31,5.38063
2015,Yucatán,31,5.4021
2014,Yucatán,31,5.56926
2013,Yucatán,31,5.45491
2012,Yucatán,31,6.51456
2011,Yucatán,31,5.57004
2010,Yucatán,31,6.06154
2009,Yucatán,31,6.04194
2008,Yucatán,31,5.85516
2007,Yucatán,31,5.82004
2006,Yucatán,31,4.24268
2005,Yucatán,31,4.57552
2004,Yucatán,31,5.20998
2003,Yucatán,31,4.19095
2002,Yucatán,31,4.67057
2001,Yucatán,31,5.34225
2000,Yucatán,31,4.85221
1999,Yucatán,31,4.93093
1998,Yucatán,31,5.73296
1997,Yucatán,31,6.00358
1996,Yucatán,31,5.34195
1995,Yucatán,31,4.66639
1994,Yucatán,31,5.47136
1993,Yucatán,31,5.11387
1992,Yucatán,31,3.38799
1991,Yucatán,31,2.00612
1990,Yucatán,31,1.34252
2021,Zacatecas,32,0.95357
2020,Zacatecas,32,1.14016
2019,Zacatecas,32,1.7527
2018,Zacatecas,32,1.21774
2017,Zacatecas,32,1.1658
2016,Zacatecas,32,0.98969
2015,Zacatecas,32,0.81164
2014,Zacatecas,32,1.70375
2013,Zacatecas,32,1.02127
2012,Zacatecas,32,0.71059
2011,Zacatecas,32,1.57012
2010,Zacatecas,32,1.79032
2009,Zacatecas,32,1.47936
2008,Zacatecas,32,1.36445
2007,Zacatecas,32,1.03824
2006,Zacatecas,32,1.40396
2005,Zacatecas,32,1.48867
2004,Zacatecas,32,1.85339
2003,Zacatecas,32,1.36203
2002,Zacatecas,32,1.73073
2001,Zacatecas,32,1.08829
2000,Zacatecas,32,1.45918
1999,Zacatecas,32,1.60964
1998,Zacatecas,32,0.87878
1997,Zacatecas,32,1.10017
1996,Zacatecas,32,1.47013
1995,Zacatecas,32,1.47516
1994,Zacatecas,32,1.03748
1993,Zacatecas,32,1.11753
1992,Zacatecas,32,0.22484
1991,Zacatecas,32,0.5281
1990,Zacatecas,32,0.22795
