Year,Entidad federativa,Sexo,GeoCode,Value
2021/2022,Estados Unidos Mexicanos,Total,0,81.17563159493399
2020/2021,Estados Unidos Mexicanos,Total,0,80.8164464281017
2019/2020,Estados Unidos Mexicanos,Total,0,79.93292082034533
2018/2019,Estados Unidos Mexicanos,Total,0,79.22658334355143
2017/2018,Estados Unidos Mexicanos,Total,0,77.98012202239742
2016/2017,Estados Unidos Mexicanos,Total,0,77.6103309399999
2015/2016,Estados Unidos Mexicanos,Total,0,77.25549329999998
2014/2015,Estados Unidos Mexicanos,Total,0,75.82833523000023
2013/2014,Estados Unidos Mexicanos,Total,0,74.13219796266641
2012/2013,Estados Unidos Mexicanos,Total,0,73.33044328350947
2021/2022,Estados Unidos Mexicanos,Hombres,0,61.20563380281691
2020/2021,Estados Unidos Mexicanos,Hombres,0,54.130124413624166
2019/2020,Estados Unidos Mexicanos,Hombres,0,51.81228538725673
2018/2019,Estados Unidos Mexicanos,Hombres,0,37.53438540610971
2017/2018,Estados Unidos Mexicanos,Hombres,0,46.12399519541728
2016/2017,Estados Unidos Mexicanos,Hombres,0,46.66841552999996
2015/2016,Estados Unidos Mexicanos,Hombres,0,44.62345792999992
2014/2015,Estados Unidos Mexicanos,Hombres,0,31.840466409999955
2013/2014,Estados Unidos Mexicanos,Hombres,0,35.70963011243285
2012/2013,Estados Unidos Mexicanos,Hombres,0,35.97116052814453
2021/2022,Estados Unidos Mexicanos,Mujeres,0,81.98755772190873
2020/2021,Estados Unidos Mexicanos,Mujeres,0,82.01530144768186
2019/2020,Estados Unidos Mexicanos,Mujeres,0,81.23769102423955
2018/2019,Estados Unidos Mexicanos,Mujeres,0,81.81279328229179
2017/2018,Estados Unidos Mexicanos,Mujeres,0,79.49676681476267
2016/2017,Estados Unidos Mexicanos,Mujeres,0,79.19569531999998
2015/2016,Estados Unidos Mexicanos,Mujeres,0,78.86721929000002
2014/2015,Estados Unidos Mexicanos,Mujeres,0,78.92378772
2013/2014,Estados Unidos Mexicanos,Mujeres,0,76.324843548042
2012/2013,Estados Unidos Mexicanos,Mujeres,0,75.33500193427223
2021/2022,Aguascalientes,Total,1,89.6811337466787
2020/2021,Aguascalientes,Total,1,89.1384051329058
2019/2020,Aguascalientes,Total,1,89.74020255394117
2018/2019,Aguascalientes,Total,1,88.86933567971823
2017/2018,Aguascalientes,Total,1,89.56866197183085
2016/2017,Aguascalientes,Total,1,89.15989160000014
2015/2016,Aguascalientes,Total,1,88.32391714000003
2014/2015,Aguascalientes,Total,1,87.61859582999998
2013/2014,Aguascalientes,Total,1,86.52380952380932
2012/2013,Aguascalientes,Total,1,87.451171875
2021/2022,Aguascalientes,Hombres,1,18.181818181818212
2020/2021,Aguascalientes,Hombres,1,30.434782608695635
2019/2020,Aguascalientes,Hombres,1,30.0
2018/2019,Aguascalientes,Hombres,1,4.123711340206183
2017/2018,Aguascalientes,Hombres,1,27.777777777777825
2016/2017,Aguascalientes,Hombres,1,67.74193548000017
2015/2016,Aguascalientes,Hombres,1,60.0
2014/2015,Aguascalientes,Hombres,1,34.146341459999924
2013/2014,Aguascalientes,Hombres,1,43.3333333333333
2012/2013,Aguascalientes,Hombres,1,63.63636363636375
2021/2022,Aguascalientes,Mujeres,1,90.7415730337077
2020/2021,Aguascalientes,Mujeres,1,89.76377952755882
2019/2020,Aguascalientes,Mujeres,1,90.00442282176051
2018/2019,Aguascalientes,Mujeres,1,92.6470588235296
2017/2018,Aguascalientes,Mujeres,1,90.06211180124227
2016/2017,Aguascalientes,Mujeres,1,89.46404031000016
2015/2016,Aguascalientes,Mujeres,1,88.66126726999993
2014/2015,Aguascalientes,Mujeres,1,88.67924528000002
2013/2014,Aguascalientes,Mujeres,1,87.14975845410649
2012/2013,Aguascalientes,Mujeres,1,87.57977417771212
2021/2022,Baja California,Total,2,94.02737453338874
2020/2021,Baja California,Total,2,93.62745098039213
2019/2020,Baja California,Total,2,93.48475791990444
2018/2019,Baja California,Total,2,92.18114960325146
2017/2018,Baja California,Total,2,92.05323938148348
2016/2017,Baja California,Total,2,91.04567307999982
2015/2016,Baja California,Total,2,91.50524616999986
2014/2015,Baja California,Total,2,92.26202661000012
2013/2014,Baja California,Total,2,89.92074781548463
2012/2013,Baja California,Total,2,90.58323207776444
2021/2022,Baja California,Hombres,2,85.45454545454577
2020/2021,Baja California,Hombres,2,89.28571428571429
2019/2020,Baja California,Hombres,2,82.0
2018/2019,Baja California,Hombres,2,66.66666666666679
2017/2018,Baja California,Hombres,2,82.92682926829256
2016/2017,Baja California,Hombres,2,88.88888889000008
2015/2016,Baja California,Hombres,2,86.95652174000006
2014/2015,Baja California,Hombres,2,33.54037267000004
2013/2014,Baja California,Hombres,2,73.33333333333327
2012/2013,Baja California,Hombres,2,58.33333333333323
2021/2022,Baja California,Mujeres,2,94.12628487518356
2020/2021,Baja California,Mujeres,2,93.6776859504134
2019/2020,Baja California,Mujeres,2,93.60032199637742
2018/2019,Baja California,Mujeres,2,92.48090855688298
2017/2018,Baja California,Mujeres,2,92.12707182320445
2016/2017,Baja California,Mujeres,2,91.07324001
2015/2016,Baja California,Mujeres,2,91.54786151000006
2014/2015,Baja California,Mujeres,2,94.2633361600001
2013/2014,Baja California,Mujeres,2,90.17746595129992
2012/2013,Baja California,Mujeres,2,90.89979550102242
2021/2022,Baja California Sur,Total,3,87.78210116731502
2020/2021,Baja California Sur,Total,3,88.14756671899524
2019/2020,Baja California Sur,Total,3,88.9644746787604
2018/2019,Baja California Sur,Total,3,88.32288401253932
2017/2018,Baja California Sur,Total,3,86.13707165109022
2016/2017,Baja California Sur,Total,3,84.16075650000003
2015/2016,Baja California Sur,Total,3,86.31402182999973
2014/2015,Baja California Sur,Total,3,81.55500414000012
2013/2014,Baja California Sur,Total,3,79.73199329983252
2012/2013,Baja California Sur,Total,3,79.33954276037257
2021/2022,Baja California Sur,Hombres,3,52.63157894736834
2020/2021,Baja California Sur,Hombres,3,58.33333333333323
2019/2020,Baja California Sur,Hombres,3,21.428571428571413
2018/2019,Baja California Sur,Hombres,3,38.09523809523813
2017/2018,Baja California Sur,Hombres,3,28.571428571428548
2016/2017,Baja California Sur,Hombres,3,36.36363635999996
2015/2016,Baja California Sur,Hombres,3,28.57142857000005
2014/2015,Baja California Sur,Hombres,3,2.7777777779999937
2013/2014,Baja California Sur,Hombres,3,12.5
2012/2013,Baja California Sur,Hombres,3,20.0
2021/2022,Baja California Sur,Mujeres,3,88.30963665086891
2020/2021,Baja California Sur,Mujeres,3,88.43106180665616
2019/2020,Baja California Sur,Mujeres,3,89.6867838044309
2018/2019,Baja California Sur,Mujeres,3,89.16334661354578
2017/2018,Baja California Sur,Mujeres,3,86.77165354330702
2016/2017,Baja California Sur,Mujeres,3,84.57869633999998
2015/2016,Baja California Sur,Mujeres,3,87.00084962000008
2014/2015,Baja California Sur,Mujeres,3,83.97271951999996
2013/2014,Baja California Sur,Mujeres,3,81.58347676419969
2012/2013,Baja California Sur,Mujeres,3,80.62283737024215
2021/2022,Campeche,Total,4,86.29385964912274
2020/2021,Campeche,Total,4,85.3579175704988
2019/2020,Campeche,Total,4,84.44913020558784
2018/2019,Campeche,Total,4,80.8771035186128
2017/2018,Campeche,Total,4,77.50124440019923
2016/2017,Campeche,Total,4,83.33333332999987
2015/2016,Campeche,Total,4,83.98891966999999
2014/2015,Campeche,Total,4,84.77645726999985
2013/2014,Campeche,Total,4,83.31402085747382
2012/2013,Campeche,Total,4,82.8621908127208
2021/2022,Campeche,Hombres,4,70.76923076923067
2020/2021,Campeche,Hombres,4,52.857142857143046
2019/2020,Campeche,Hombres,4,62.790697674418695
2018/2019,Campeche,Hombres,4,34.04255319148936
2017/2018,Campeche,Hombres,4,45.37037037037043
2016/2017,Campeche,Hombres,4,44.24778761000009
2015/2016,Campeche,Hombres,4,50.0
2014/2015,Campeche,Hombres,4,45.66929134000012
2013/2014,Campeche,Hombres,4,42.97520661157035
2012/2013,Campeche,Hombres,4,44.09448818897637
2021/2022,Campeche,Mujeres,4,86.86753837407616
2020/2021,Campeche,Mujeres,4,86.64036076662892
2019/2020,Campeche,Mujeres,4,85.47763666482588
2018/2019,Campeche,Mujeres,4,84.50549450549444
2017/2018,Campeche,Mujeres,4,79.32667017359276
2016/2017,Campeche,Mujeres,4,85.83569404999984
2015/2016,Campeche,Mujeres,4,86.2374483200001
2014/2015,Campeche,Mujeres,4,87.80487804999994
2013/2014,Campeche,Mujeres,4,86.35514018691592
2012/2013,Campeche,Mujeres,4,85.99618077657561
2021/2022,Coahuila de Zaragoza,Total,5,84.96369889186097
2020/2021,Coahuila de Zaragoza,Total,5,85.02150958154083
2019/2020,Coahuila de Zaragoza,Total,5,85.54240248398983
2018/2019,Coahuila de Zaragoza,Total,5,86.7190569744598
2017/2018,Coahuila de Zaragoza,Total,5,86.94089456869007
2016/2017,Coahuila de Zaragoza,Total,5,86.98309227999991
2015/2016,Coahuila de Zaragoza,Total,5,86.10579986999987
2014/2015,Coahuila de Zaragoza,Total,5,85.38184895000016
2013/2014,Coahuila de Zaragoza,Total,5,83.12433581296499
2012/2013,Coahuila de Zaragoza,Total,5,82.48779452345553
2021/2022,Coahuila de Zaragoza,Hombres,5,68.10344827586226
2020/2021,Coahuila de Zaragoza,Hombres,5,75.96153846153841
2019/2020,Coahuila de Zaragoza,Hombres,5,74.31192660550452
2018/2019,Coahuila de Zaragoza,Hombres,5,73.26732673267344
2017/2018,Coahuila de Zaragoza,Hombres,5,78.30188679245289
2016/2017,Coahuila de Zaragoza,Hombres,5,71.18644067999979
2015/2016,Coahuila de Zaragoza,Hombres,5,77.1739130400001
2014/2015,Coahuila de Zaragoza,Hombres,5,21.830985920000007
2013/2014,Coahuila de Zaragoza,Hombres,5,61.682242990654224
2012/2013,Coahuila de Zaragoza,Hombres,5,60.55045871559645
2021/2022,Coahuila de Zaragoza,Mujeres,5,85.3458382180541
2020/2021,Coahuila de Zaragoza,Mujeres,5,85.20958083832356
2019/2020,Coahuila de Zaragoza,Mujeres,5,85.78509119746212
2018/2019,Coahuila de Zaragoza,Mujeres,5,86.9913810382841
2017/2018,Coahuila de Zaragoza,Mujeres,5,87.12770297837609
2016/2017,Coahuila de Zaragoza,Mujeres,5,87.37215613000012
2015/2016,Coahuila de Zaragoza,Mujeres,5,86.28385698999973
2014/2015,Coahuila de Zaragoza,Mujeres,5,91.67635433999992
2013/2014,Coahuila de Zaragoza,Mujeres,5,83.62331448455856
2012/2013,Coahuila de Zaragoza,Mujeres,5,83.00738809213377
2021/2022,Colima,Total,6,83.77535101404082
2020/2021,Colima,Total,6,85.66853482786242
2019/2020,Colima,Total,6,85.54595443833453
2018/2019,Colima,Total,6,86.78206136900073
2017/2018,Colima,Total,6,83.65910867865513
2016/2017,Colima,Total,6,85.19121237000017
2015/2016,Colima,Total,6,86.67211774000006
2014/2015,Colima,Total,6,86.35983264000004
2013/2014,Colima,Total,6,83.43195266272214
2012/2013,Colima,Total,6,85.23725834797902
2021/2022,Colima,Hombres,6,63.63636363636375
2020/2021,Colima,Hombres,6,55.55555555555565
2019/2020,Colima,Hombres,6,68.96551724137944
2018/2019,Colima,Hombres,6,25.0
2017/2018,Colima,Hombres,6,47.36842105263165
2016/2017,Colima,Hombres,6,57.14285714000011
2015/2016,Colima,Hombres,6,44.0
2014/2015,Colima,Hombres,6,17.073170729999962
2013/2014,Colima,Hombres,6,60.0
2012/2013,Colima,Hombres,6,28.571428571428548
2021/2022,Colima,Mujeres,6,84.1269841269841
2020/2021,Colima,Mujeres,6,86.10885458976439
2019/2020,Colima,Mujeres,6,85.93247588424437
2018/2019,Colima,Mujeres,6,90.49207673060864
2017/2018,Colima,Mujeres,6,84.20634920634926
2016/2017,Colima,Mujeres,6,85.67880795000015
2015/2016,Colima,Mujeres,6,87.56260434000004
2014/2015,Colima,Mujeres,6,88.82149046999989
2013/2014,Colima,Mujeres,6,83.73287671232897
2012/2013,Colima,Mujeres,6,85.58797524314774
2021/2022,Chiapas,Total,7,65.49066113252314
2020/2021,Chiapas,Total,7,64.7527910685804
2019/2020,Chiapas,Total,7,62.7089931501805
2018/2019,Chiapas,Total,7,64.0903596252645
2017/2018,Chiapas,Total,7,59.74413646055452
2016/2017,Chiapas,Total,7,60.54806760999988
2015/2016,Chiapas,Total,7,60.52110315000008
2014/2015,Chiapas,Total,7,58.07803687999988
2013/2014,Chiapas,Total,7,57.81690140845063
2012/2013,Chiapas,Total,7,56.75974128411418
2021/2022,Chiapas,Hombres,7,47.05882352941173
2020/2021,Chiapas,Hombres,7,36.11473272490224
2019/2020,Chiapas,Hombres,7,31.30841121495324
2018/2019,Chiapas,Hombres,7,24.44543034605155
2017/2018,Chiapas,Hombres,7,29.353233830845863
2016/2017,Chiapas,Hombres,7,29.69999999999994
2015/2016,Chiapas,Hombres,7,27.691511389999967
2014/2015,Chiapas,Hombres,7,23.579952269999957
2013/2014,Chiapas,Hombres,7,23.6212786725232
2012/2013,Chiapas,Hombres,7,23.47913524384106
2021/2022,Chiapas,Mujeres,7,67.32963808281698
2020/2021,Chiapas,Mujeres,7,68.5291842173128
2019/2020,Chiapas,Mujeres,7,67.23978086809963
2018/2019,Chiapas,Mujeres,7,72.22728100528163
2017/2018,Chiapas,Mujeres,7,64.2280401272328
2016/2017,Chiapas,Mujeres,7,65.94627700999992
2015/2016,Chiapas,Mujeres,7,66.18724317000014
2014/2015,Chiapas,Mujeres,7,64.63226625999982
2013/2014,Chiapas,Mujeres,7,64.3462864597895
2012/2013,Chiapas,Mujeres,7,62.95256806062302
2021/2022,Chihuahua,Total,8,85.36223828052611
2020/2021,Chihuahua,Total,8,85.11380323054323
2019/2020,Chihuahua,Total,8,85.08835196538043
2018/2019,Chihuahua,Total,8,84.3966460080204
2017/2018,Chihuahua,Total,8,83.13253012048172
2016/2017,Chihuahua,Total,8,82.29734642000021
2015/2016,Chihuahua,Total,8,80.88896887000008
2014/2015,Chihuahua,Total,8,81.0217665
2013/2014,Chihuahua,Total,8,77.13489020564683
2012/2013,Chihuahua,Total,8,74.86556808326102
2021/2022,Chihuahua,Hombres,8,74.76635514018682
2020/2021,Chihuahua,Hombres,8,60.714285714285566
2019/2020,Chihuahua,Hombres,8,55.79710144927529
2018/2019,Chihuahua,Hombres,8,40.540540540540505
2017/2018,Chihuahua,Hombres,8,54.87804878048789
2016/2017,Chihuahua,Hombres,8,57.38636364000008
2015/2016,Chihuahua,Hombres,8,57.861635219999904
2014/2015,Chihuahua,Hombres,8,22.58064516
2013/2014,Chihuahua,Hombres,8,52.356020942408506
2012/2013,Chihuahua,Hombres,8,34.92063492063483
2021/2022,Chihuahua,Mujeres,8,85.57655954631387
2020/2021,Chihuahua,Mujeres,8,85.75734740015088
2019/2020,Chihuahua,Mujeres,8,85.83579881656804
2018/2019,Chihuahua,Mujeres,8,86.24620060790275
2017/2018,Chihuahua,Mujeres,8,83.99110617009445
2016/2017,Chihuahua,Mujeres,8,83.12054073999994
2015/2016,Chihuahua,Mujeres,8,81.5672471300002
2014/2015,Chihuahua,Mujeres,8,85.2130325800001
2013/2014,Chihuahua,Mujeres,8,77.98810167658193
2012/2013,Chihuahua,Mujeres,8,76.21951219512201
2021/2022,Ciudad de México,Total,9,79.92863514718994
2020/2021,Ciudad de México,Total,9,80.80269655875222
2019/2020,Ciudad de México,Total,9,79.89380022962116
2018/2019,Ciudad de México,Total,9,80.81577448747156
2017/2018,Ciudad de México,Total,9,80.92522631691482
2016/2017,Ciudad de México,Total,9,81.04914253
2015/2016,Ciudad de México,Total,9,80.51129779999988
2014/2015,Ciudad de México,Total,9,78.80145830000019
2013/2014,Ciudad de México,Total,9,77.41080221195365
2012/2013,Ciudad de México,Total,9,77.51024972046235
2021/2022,Ciudad de México,Hombres,9,78.04878048780485
2020/2021,Ciudad de México,Hombres,9,79.16666666666669
2019/2020,Ciudad de México,Hombres,9,77.95698924731185
2018/2019,Ciudad de México,Hombres,9,81.93548387096779
2017/2018,Ciudad de México,Hombres,9,69.64285714285694
2016/2017,Ciudad de México,Hombres,9,85.50724638000007
2015/2016,Ciudad de México,Hombres,9,78.125
2014/2015,Ciudad de México,Hombres,9,81.48148147999997
2013/2014,Ciudad de México,Hombres,9,95.0
2012/2013,Ciudad de México,Hombres,9,93.75
2021/2022,Ciudad de México,Mujeres,9,79.94757536041944
2020/2021,Ciudad de México,Mujeres,9,80.82137477206035
2019/2020,Ciudad de México,Mujeres,9,79.92000000000006
2018/2019,Ciudad de México,Mujeres,9,80.80328222846039
2017/2018,Ciudad de México,Mujeres,9,81.06197244066065
2016/2017,Ciudad de México,Mujeres,9,81.00436681000004
2015/2016,Ciudad de México,Mujeres,9,80.52800467000014
2014/2015,Ciudad de México,Mujeres,9,78.79042098999999
2013/2014,Ciudad de México,Mujeres,9,77.35734366689458
2012/2013,Ciudad de México,Mujeres,9,77.45193386698593
2021/2022,Durango,Total,10,75.56818181818193
2020/2021,Durango,Total,10,75.25530243519262
2019/2020,Durango,Total,10,74.3812196989028
2018/2019,Durango,Total,10,74.02256625557597
2017/2018,Durango,Total,10,73.72746553552496
2016/2017,Durango,Total,10,72.47754885999994
2015/2016,Durango,Total,10,71.40518417000015
2014/2015,Durango,Total,10,70.11494252999996
2013/2014,Durango,Total,10,69.57964601769896
2012/2013,Durango,Total,10,68.50503919372913
2021/2022,Durango,Hombres,10,77.25118483412311
2020/2021,Durango,Hombres,10,64.64646464646468
2019/2020,Durango,Hombres,10,64.25339366515823
2018/2019,Durango,Hombres,10,60.49382716049397
2017/2018,Durango,Hombres,10,69.26829268292666
2016/2017,Durango,Hombres,10,61.42131979999995
2015/2016,Durango,Hombres,10,52.30769230999999
2014/2015,Durango,Hombres,10,45.3125
2013/2014,Durango,Hombres,10,58.17307692307707
2012/2013,Durango,Hombres,10,50.549450549450505
2021/2022,Durango,Mujeres,10,75.47118273695725
2020/2021,Durango,Mujeres,10,75.83540458436903
2019/2020,Durango,Mujeres,10,74.98647917793394
2018/2019,Durango,Mujeres,10,74.943946188341
2017/2018,Durango,Mujeres,10,73.9837398373984
2016/2017,Durango,Mujeres,10,73.08442463000011
2015/2016,Durango,Mujeres,10,72.47838616999985
2014/2015,Durango,Mujeres,10,71.98351972000005
2013/2014,Durango,Mujeres,10,70.275821596244
2012/2013,Durango,Mujeres,10,69.46902654867252
2021/2022,Guanajuato,Total,11,80.62476406191016
2020/2021,Guanajuato,Total,11,80.58380414312632
2019/2020,Guanajuato,Total,11,79.7472924187726
2018/2019,Guanajuato,Total,11,78.66173017879733
2017/2018,Guanajuato,Total,11,77.77977528089895
2016/2017,Guanajuato,Total,11,76.63146493000016
2015/2016,Guanajuato,Total,11,75.65233369999991
2014/2015,Guanajuato,Total,11,74.04552128999984
2013/2014,Guanajuato,Total,11,69.7368421052633
2012/2013,Guanajuato,Total,11,72.25782823658666
2021/2022,Guanajuato,Hombres,11,46.18644067796601
2020/2021,Guanajuato,Hombres,11,53.14685314685295
2019/2020,Guanajuato,Hombres,11,51.76848874598083
2018/2019,Guanajuato,Hombres,11,39.764705882352864
2017/2018,Guanajuato,Hombres,11,48.08259587020646
2016/2017,Guanajuato,Hombres,11,44.03183024000007
2015/2016,Guanajuato,Hombres,11,43.83561644000011
2014/2015,Guanajuato,Hombres,11,37.954545449999976
2013/2014,Guanajuato,Hombres,11,21.70706006
2012/2013,Guanajuato,Hombres,11,29.69588550983905
2021/2022,Guanajuato,Mujeres,11,81.40926640926648
2020/2021,Guanajuato,Mujeres,11,81.34313915231287
2019/2020,Guanajuato,Mujeres,11,80.55529761352041
2018/2019,Guanajuato,Mujeres,11,80.21410461076157
2017/2018,Guanajuato,Mujeres,11,78.71314667161114
2016/2017,Guanajuato,Mujeres,11,77.77985423
2015/2016,Guanajuato,Mujeres,11,76.75634566000006
2014/2015,Guanajuato,Mujeres,11,75.56426931999991
2013/2014,Guanajuato,Mujeres,11,74.09817241999998
2012/2013,Guanajuato,Mujeres,11,74.5537006658305
2021/2022,Guerrero,Total,12,88.38223632038056
2020/2021,Guerrero,Total,12,87.1555069147349
2019/2020,Guerrero,Total,12,85.79120550403805
2018/2019,Guerrero,Total,12,83.24596973593121
2017/2018,Guerrero,Total,12,82.93240556660025
2016/2017,Guerrero,Total,12,82.56880733999984
2015/2016,Guerrero,Total,12,80.64484224999983
2014/2015,Guerrero,Total,12,79.10315664999993
2013/2014,Guerrero,Total,12,77.53683337000001
2012/2013,Guerrero,Total,12,76.63917525773206
2021/2022,Guerrero,Hombres,12,74.70930232558138
2020/2021,Guerrero,Hombres,12,67.57575757575775
2019/2020,Guerrero,Hombres,12,61.97183098591542
2018/2019,Guerrero,Hombres,12,42.63392857142851
2017/2018,Guerrero,Hombres,12,57.43440233236132
2016/2017,Guerrero,Hombres,12,61.51832460999983
2015/2016,Guerrero,Hombres,12,62.42603549999987
2014/2015,Guerrero,Hombres,12,20.205128210000066
2013/2014,Guerrero,Hombres,12,40.29850746000009
2012/2013,Guerrero,Hombres,12,40.81237911025136
2021/2022,Guerrero,Mujeres,12,88.86494252873554
2020/2021,Guerrero,Mujeres,12,87.82018310873359
2019/2020,Guerrero,Mujeres,12,86.66528840190217
2018/2019,Guerrero,Mujeres,12,85.12884197454207
2017/2018,Guerrero,Mujeres,12,83.83245857775015
2016/2017,Guerrero,Mujeres,12,83.39313172999996
2015/2016,Guerrero,Mujeres,12,81.27494115999984
2014/2015,Guerrero,Mujeres,12,85.34914073999984
2013/2014,Guerrero,Mujeres,12,79.44159668000003
2012/2013,Guerrero,Mujeres,12,78.65621256669934
2021/2022,Hidalgo,Total,13,69.50635628198783
2020/2021,Hidalgo,Total,13,70.35625517812765
2019/2020,Hidalgo,Total,13,68.70056497175126
2018/2019,Hidalgo,Total,13,66.85842122083722
2017/2018,Hidalgo,Total,13,65.04334121355419
2016/2017,Hidalgo,Total,13,67.21870433999995
2015/2016,Hidalgo,Total,13,64.91428570999983
2014/2015,Hidalgo,Total,13,61.83218616999989
2013/2014,Hidalgo,Total,13,60.58442637000006
2012/2013,Hidalgo,Total,13,59.986261377296806
2021/2022,Hidalgo,Hombres,13,53.59712230215818
2020/2021,Hidalgo,Hombres,13,43.195266272189386
2019/2020,Hidalgo,Hombres,13,40.3743315508021
2018/2019,Hidalgo,Hombres,13,20.50919377652052
2017/2018,Hidalgo,Hombres,13,31.696428571428537
2016/2017,Hidalgo,Hombres,13,30.39832285000008
2015/2016,Hidalgo,Hombres,13,25.23364485999995
2014/2015,Hidalgo,Hombres,13,21.29783693999997
2013/2014,Hidalgo,Hombres,13,21.654929580000037
2012/2013,Hidalgo,Hombres,13,19.872813990461065
2021/2022,Hidalgo,Mujeres,13,70.27167329987884
2020/2021,Hidalgo,Mujeres,13,71.96770229945584
2019/2020,Hidalgo,Mujeres,13,70.52052911870828
2018/2019,Hidalgo,Mujeres,13,72.7616645649432
2017/2018,Hidalgo,Mujeres,13,67.57673393250825
2016/2017,Hidalgo,Mujeres,13,70.30975009000012
2015/2016,Hidalgo,Mujeres,13,68.71198568999992
2014/2015,Hidalgo,Mujeres,13,66.26067987999983
2013/2014,Hidalgo,Mujeres,13,64.63794684000003
2012/2013,Hidalgo,Mujeres,13,64.8440508278782
2021/2022,Jalisco,Total,14,87.7681200056079
2020/2021,Jalisco,Total,14,87.73190124145617
2019/2020,Jalisco,Total,14,87.03915885960782
2018/2019,Jalisco,Total,14,87.25344501486089
2017/2018,Jalisco,Total,14,85.10268245367591
2016/2017,Jalisco,Total,14,84.98817167999985
2015/2016,Jalisco,Total,14,86.29287781000002
2014/2015,Jalisco,Total,14,85.5210657999998
2013/2014,Jalisco,Total,14,85.14324692999985
2012/2013,Jalisco,Total,14,83.18930596813391
2021/2022,Jalisco,Hombres,14,78.18181818181806
2020/2021,Jalisco,Hombres,14,56.12648221343877
2019/2020,Jalisco,Hombres,14,60.70038910505829
2018/2019,Jalisco,Hombres,14,42.558139534883615
2017/2018,Jalisco,Hombres,14,50.72992700729925
2016/2017,Jalisco,Hombres,14,60.0
2015/2016,Jalisco,Hombres,14,58.56697818999989
2014/2015,Jalisco,Hombres,14,43.49680171
2013/2014,Jalisco,Hombres,14,50.803858520000105
2012/2013,Jalisco,Hombres,14,79.42583732057406
2021/2022,Jalisco,Mujeres,14,87.91826854620545
2020/2021,Jalisco,Mujeres,14,88.2996095136671
2019/2020,Jalisco,Mujeres,14,87.50342935528117
2018/2019,Jalisco,Mujeres,14,88.59051064421872
2017/2018,Jalisco,Mujeres,14,85.74446337308348
2016/2017,Jalisco,Mujeres,14,85.59363100999998
2015/2016,Jalisco,Mujeres,14,86.91977177999983
2014/2015,Jalisco,Mujeres,14,86.89761139999986
2013/2014,Jalisco,Mujeres,14,85.8875182899999
2012/2013,Jalisco,Mujeres,14,83.24316921180598
2021/2022,México,Total,15,90.01284654593668
2020/2021,México,Total,15,89.60247134379296
2019/2020,México,Total,15,88.85006719139948
2018/2019,México,Total,15,88.53849415937407
2017/2018,México,Total,15,87.66491018885358
2016/2017,México,Total,15,86.48395773999987
2015/2016,México,Total,15,85.48297703999991
2014/2015,México,Total,15,84.4684352000002
2013/2014,México,Total,15,81.84984206999984
2012/2013,México,Total,15,79.7718011409943
2021/2022,México,Hombres,15,82.66331658291459
2020/2021,México,Hombres,15,80.04410143329662
2019/2020,México,Hombres,15,77.505330490405
2018/2019,México,Hombres,15,67.57263355201489
2017/2018,México,Hombres,15,73.42582710779067
2016/2017,México,Hombres,15,72.14566929000004
2015/2016,México,Hombres,15,70.85020242999984
2014/2015,México,Hombres,15,67.78087279000007
2013/2014,México,Hombres,15,60.78838173999994
2012/2013,México,Hombres,15,58.9164785553048
2021/2022,México,Mujeres,15,90.26355260338528
2020/2021,México,Mujeres,15,89.96834775269049
2019/2020,México,Mujeres,15,89.2739076751502
2018/2019,México,Mujeres,15,89.43792216146669
2017/2018,México,Mujeres,15,88.19727076849432
2016/2017,México,Mujeres,15,87.07529937000007
2015/2016,México,Mujeres,15,86.0786091000002
2014/2015,México,Mujeres,15,85.22231543999992
2013/2014,México,Mujeres,15,82.70543616000018
2012/2013,México,Mujeres,15,80.5529720131902
2021/2022,Michoacán de Ocampo,Total,16,86.32083851483371
2020/2021,Michoacán de Ocampo,Total,16,85.32852493623011
2019/2020,Michoacán de Ocampo,Total,16,84.68070357854599
2018/2019,Michoacán de Ocampo,Total,16,84.34529416802253
2017/2018,Michoacán de Ocampo,Total,16,83.95234758234069
2016/2017,Michoacán de Ocampo,Total,16,83.83756527999994
2015/2016,Michoacán de Ocampo,Total,16,82.98395917000012
2014/2015,Michoacán de Ocampo,Total,16,80.37835862000004
2013/2014,Michoacán de Ocampo,Total,16,78.00652073000006
2012/2013,Michoacán de Ocampo,Total,16,77.45597998652926
2021/2022,Michoacán de Ocampo,Hombres,16,88.62019914651499
2020/2021,Michoacán de Ocampo,Hombres,16,77.87481804949051
2019/2020,Michoacán de Ocampo,Hombres,16,80.14705882352956
2018/2019,Michoacán de Ocampo,Hombres,16,70.92198581560291
2017/2018,Michoacán de Ocampo,Hombres,16,70.98765432098763
2016/2017,Michoacán de Ocampo,Hombres,16,75.0
2015/2016,Michoacán de Ocampo,Hombres,16,77.60141093000007
2014/2015,Michoacán de Ocampo,Hombres,16,42.42105263000001
2013/2014,Michoacán de Ocampo,Hombres,16,61.510791370000135
2012/2013,Michoacán de Ocampo,Hombres,16,63.72180451127837
2021/2022,Michoacán de Ocampo,Mujeres,16,86.1676930364756
2020/2021,Michoacán de Ocampo,Mujeres,16,85.80790114210814
2019/2020,Michoacán de Ocampo,Mujeres,16,84.96455206702903
2018/2019,Michoacán de Ocampo,Mujeres,16,85.20780167699577
2017/2018,Michoacán de Ocampo,Mujeres,16,84.73254086181264
2016/2017,Michoacán de Ocampo,Mujeres,16,84.36724565999988
2015/2016,Michoacán de Ocampo,Mujeres,16,83.2772705400001
2014/2015,Michoacán de Ocampo,Mujeres,16,83.98718974999987
2013/2014,Michoacán de Ocampo,Mujeres,16,78.90755477000008
2012/2013,Michoacán de Ocampo,Mujeres,16,78.19693743028078
2021/2022,Morelos,Total,17,84.4946025515212
2020/2021,Morelos,Total,17,83.83214053350657
2019/2020,Morelos,Total,17,79.97010463378157
2018/2019,Morelos,Total,17,81.6029143897995
2017/2018,Morelos,Total,17,78.64693446088786
2016/2017,Morelos,Total,17,80.88930937000006
2015/2016,Morelos,Total,17,77.1091623800001
2014/2015,Morelos,Total,17,78.52564103000003
2013/2014,Morelos,Total,17,76.37519873000014
2012/2013,Morelos,Total,17,74.99222395023324
2021/2022,Morelos,Hombres,17,81.13207547169806
2020/2021,Morelos,Hombres,17,67.16417910447761
2019/2020,Morelos,Hombres,17,66.21621621621603
2018/2019,Morelos,Hombres,17,46.51162790697677
2017/2018,Morelos,Hombres,17,67.21311475409851
2016/2017,Morelos,Hombres,17,71.21212121000002
2015/2016,Morelos,Hombres,17,58.97435897000009
2014/2015,Morelos,Hombres,17,62.29508196999996
2013/2014,Morelos,Hombres,17,54.05405404999991
2012/2013,Morelos,Hombres,17,51.61290322580651
2021/2022,Morelos,Mujeres,17,84.55392809587225
2020/2021,Morelos,Mujeres,17,84.20352510808134
2019/2020,Morelos,Mujeres,17,80.28125955365323
2018/2019,Morelos,Mujeres,17,82.54364089775551
2017/2018,Morelos,Mujeres,17,78.86153846153861
2016/2017,Morelos,Mujeres,17,81.09500805
2015/2016,Morelos,Mujeres,17,77.54722823999995
2014/2015,Morelos,Mujeres,17,78.84929716000006
2013/2014,Morelos,Mujeres,17,76.91305764000012
2012/2013,Morelos,Mujeres,17,75.4519505233111
2021/2022,Nayarit,Total,18,83.76762067492545
2020/2021,Nayarit,Total,18,84.41502988898368
2019/2020,Nayarit,Total,18,83.71021775544413
2018/2019,Nayarit,Total,18,84.29231415371692
2017/2018,Nayarit,Total,18,80.75364667747161
2016/2017,Nayarit,Total,18,80.75487350000002
2015/2016,Nayarit,Total,18,82.78580814999991
2014/2015,Nayarit,Total,18,79.96553209999988
2013/2014,Nayarit,Total,18,80.92920354000002
2012/2013,Nayarit,Total,18,79.35024477080533
2021/2022,Nayarit,Hombres,18,60.0
2020/2021,Nayarit,Hombres,18,58.94736842105251
2019/2020,Nayarit,Hombres,18,47.41379310344836
2018/2019,Nayarit,Hombres,18,38.52459016393449
2017/2018,Nayarit,Hombres,18,44.08602150537627
2016/2017,Nayarit,Hombres,18,56.56565657000008
2015/2016,Nayarit,Hombres,18,47.27272727000005
2014/2015,Nayarit,Hombres,18,31.137724549999923
2013/2014,Nayarit,Hombres,18,36.84210526000003
2012/2013,Nayarit,Hombres,18,42.33576642335776
2021/2022,Nayarit,Mujeres,18,84.60858027421473
2020/2021,Nayarit,Mujeres,18,85.49176680017807
2019/2020,Nayarit,Mujeres,18,85.5633802816901
2018/2019,Nayarit,Mujeres,18,86.76405489154487
2017/2018,Nayarit,Mujeres,18,82.18947368421067
2016/2017,Nayarit,Mujeres,18,81.79065744000017
2015/2016,Nayarit,Mujeres,18,84.58352507999986
2014/2015,Nayarit,Mujeres,18,83.75116063000006
2013/2014,Nayarit,Mujeres,18,84.1081593899999
2012/2013,Nayarit,Mujeres,18,81.7535545023695
2021/2022,Nuevo León,Total,19,87.59461732548347
2020/2021,Nuevo León,Total,19,87.28257473179856
2019/2020,Nuevo León,Total,19,85.89096665677245
2018/2019,Nuevo León,Total,19,85.58148734177233
2017/2018,Nuevo León,Total,19,85.0317838696863
2016/2017,Nuevo León,Total,19,84.4191206100002
2015/2016,Nuevo León,Total,19,85.36535514000012
2014/2015,Nuevo León,Total,19,84.73928755999991
2013/2014,Nuevo León,Total,19,84.13009808999978
2012/2013,Nuevo León,Total,19,83.43023255813937
2021/2022,Nuevo León,Hombres,19,80.6122448979592
2020/2021,Nuevo León,Hombres,19,68.50393700787392
2019/2020,Nuevo León,Hombres,19,66.9491525423728
2018/2019,Nuevo León,Hombres,19,40.8866995073892
2017/2018,Nuevo León,Hombres,19,89.88764044943838
2016/2017,Nuevo León,Hombres,19,62.69841269999984
2015/2016,Nuevo León,Hombres,19,62.903225809999874
2014/2015,Nuevo León,Hombres,19,57.14285714000011
2013/2014,Nuevo León,Hombres,19,44.44444443999996
2012/2013,Nuevo León,Hombres,19,54.3999999999999
2021/2022,Nuevo León,Mujeres,19,87.6673040152964
2020/2021,Nuevo León,Mujeres,19,87.53430441207513
2019/2020,Nuevo León,Mujeres,19,86.11472619881884
2018/2019,Nuevo León,Mujeres,19,86.49712382682429
2017/2018,Nuevo León,Mujeres,19,84.98847579917843
2016/2017,Nuevo León,Mujeres,19,84.69867211000015
2015/2016,Nuevo León,Mujeres,19,85.65365903999988
2014/2015,Nuevo León,Mujeres,19,85.0825841500002
2013/2014,Nuevo León,Mujeres,19,84.76710029000003
2012/2013,Nuevo León,Mujeres,19,83.8119280530136
2021/2022,Oaxaca,Total,20,53.86711775209097
2020/2021,Oaxaca,Total,20,53.34840350381456
2019/2020,Oaxaca,Total,20,52.47922308338792
2018/2019,Oaxaca,Total,20,51.37178051511752
2017/2018,Oaxaca,Total,20,52.04408105225748
2016/2017,Oaxaca,Total,20,50.675377419999926
2015/2016,Oaxaca,Total,20,50.0
2014/2015,Oaxaca,Total,20,48.86841398999994
2013/2014,Oaxaca,Total,20,48.15933546999992
2012/2013,Oaxaca,Total,20,47.9587048334115
2021/2022,Oaxaca,Hombres,20,29.515418502202564
2020/2021,Oaxaca,Hombres,20,28.468208092485515
2019/2020,Oaxaca,Hombres,20,28.06652806652804
2018/2019,Oaxaca,Hombres,20,24.719841793012503
2017/2018,Oaxaca,Hombres,20,21.822849807445422
2016/2017,Oaxaca,Hombres,20,20.98360656000004
2015/2016,Oaxaca,Hombres,20,19.40199335999997
2014/2015,Oaxaca,Hombres,20,14.658753709999978
2013/2014,Oaxaca,Hombres,20,15.958904110000034
2012/2013,Oaxaca,Hombres,20,15.046132008516684
2021/2022,Oaxaca,Mujeres,20,57.44153464813012
2020/2021,Oaxaca,Mujeres,20,57.07787284739516
2019/2020,Oaxaca,Mujeres,20,56.2810274120439
2018/2019,Oaxaca,Mujeres,20,55.76693118817269
2017/2018,Oaxaca,Mujeres,20,56.90117598514548
2016/2017,Oaxaca,Mujeres,20,55.29483779000014
2015/2016,Oaxaca,Mujeres,20,54.67275495000008
2014/2015,Oaxaca,Mujeres,20,54.93996208000016
2013/2014,Oaxaca,Mujeres,20,53.306328009999845
2012/2013,Oaxaca,Mujeres,20,52.9742591390871
2021/2022,Puebla,Total,21,80.11327879169292
2020/2021,Puebla,Total,21,79.54085603112819
2019/2020,Puebla,Total,21,78.09402222889747
2018/2019,Puebla,Total,21,75.10517381356557
2017/2018,Puebla,Total,21,73.66909653191948
2016/2017,Puebla,Total,21,73.76949410000006
2015/2016,Puebla,Total,21,73.56483654000009
2014/2015,Puebla,Total,21,71.38666455000015
2013/2014,Puebla,Total,21,69.30910869000014
2012/2013,Puebla,Total,21,67.21431476209824
2021/2022,Puebla,Hombres,21,48.47328244274823
2020/2021,Puebla,Hombres,21,37.78501628664496
2019/2020,Puebla,Hombres,21,36.38968481375368
2018/2019,Puebla,Hombres,21,18.62197392923646
2017/2018,Puebla,Hombres,21,29.490616621983914
2016/2017,Puebla,Hombres,21,30.174563590000066
2015/2016,Puebla,Hombres,21,28.808864269999965
2014/2015,Puebla,Hombres,21,18.761384339999964
2013/2014,Puebla,Hombres,21,20.645161290000026
2012/2013,Puebla,Hombres,21,19.40928270042194
2021/2022,Puebla,Mujeres,21,80.77911646586351
2020/2021,Puebla,Mujeres,21,80.56286374870437
2019/2020,Puebla,Mujeres,21,79.2164725842522
2018/2019,Puebla,Mujeres,21,77.43621272671393
2017/2018,Puebla,Mujeres,21,74.91671714112653
2016/2017,Puebla,Mujeres,21,75.14124294000001
2015/2016,Puebla,Mujeres,21,74.86519115000009
2014/2015,Puebla,Mujeres,21,73.78149866999978
2013/2014,Puebla,Mujeres,21,71.22533661000008
2012/2013,Puebla,Mujeres,21,69.13120717367389
2021/2022,Querétaro,Total,22,76.9513991163476
2020/2021,Querétaro,Total,22,75.97930524759794
2019/2020,Querétaro,Total,22,76.33534602879703
2018/2019,Querétaro,Total,22,76.11230073756829
2017/2018,Querétaro,Total,22,75.39759036144576
2016/2017,Querétaro,Total,22,76.09183928000009
2015/2016,Querétaro,Total,22,73.24572279000012
2014/2015,Querétaro,Total,22,73.15737051999997
2013/2014,Querétaro,Total,22,72.89034866000009
2012/2013,Querétaro,Total,22,70.85000000000015
2021/2022,Querétaro,Hombres,22,60.20408163265323
2020/2021,Querétaro,Hombres,22,63.73626373626376
2019/2020,Querétaro,Hombres,22,54.47154471544736
2018/2019,Querétaro,Hombres,22,24.137931034482797
2017/2018,Querétaro,Hombres,22,47.61904761904768
2016/2017,Querétaro,Hombres,22,41.666666669999984
2015/2016,Querétaro,Hombres,22,32.631578949999955
2014/2015,Querétaro,Hombres,22,25.0
2013/2014,Querétaro,Hombres,22,28.688524589999943
2012/2013,Querétaro,Hombres,22,31.325301204819333
2021/2022,Querétaro,Mujeres,22,77.36418511066402
2020/2021,Querétaro,Mujeres,22,76.26008064516117
2019/2020,Querétaro,Mujeres,22,76.9782452785083
2018/2019,Querétaro,Mujeres,22,78.35691238520727
2017/2018,Querétaro,Mujeres,22,76.11866501854153
2016/2017,Querétaro,Mujeres,22,76.93684479999988
2015/2016,Querétaro,Mujeres,22,74.22549517999988
2014/2015,Querétaro,Mujeres,22,76.32696390999992
2013/2014,Querétaro,Mujeres,22,74.29614181000014
2012/2013,Querétaro,Mujeres,22,72.5612936880542
2021/2022,Quintana Roo,Total,23,88.40872374798047
2020/2021,Quintana Roo,Total,23,87.87018255578073
2019/2020,Quintana Roo,Total,23,86.88336520076501
2018/2019,Quintana Roo,Total,23,86.06177606177629
2017/2018,Quintana Roo,Total,23,84.59016393442639
2016/2017,Quintana Roo,Total,23,84.84718037000003
2015/2016,Quintana Roo,Total,23,85.4910714300002
2014/2015,Quintana Roo,Total,23,85.07936508000002
2013/2014,Quintana Roo,Total,23,84.73389356000006
2012/2013,Quintana Roo,Total,23,85.18164435946461
2021/2022,Quintana Roo,Hombres,23,70.90909090909093
2020/2021,Quintana Roo,Hombres,23,71.79487179487182
2019/2020,Quintana Roo,Hombres,23,71.0
2018/2019,Quintana Roo,Hombres,23,50.322580645161246
2017/2018,Quintana Roo,Hombres,23,64.91228070175453
2016/2017,Quintana Roo,Hombres,23,60.19417476000011
2015/2016,Quintana Roo,Hombres,23,59.04761905000012
2014/2015,Quintana Roo,Hombres,23,55.7522123899999
2013/2014,Quintana Roo,Hombres,23,59.81308411000008
2012/2013,Quintana Roo,Hombres,23,60.74766355140199
2021/2022,Quintana Roo,Mujeres,23,89.22231614539307
2020/2021,Quintana Roo,Mujeres,23,88.67120954003425
2019/2020,Quintana Roo,Mujeres,23,87.51491053677935
2018/2019,Quintana Roo,Mujeres,23,88.33675564681708
2017/2018,Quintana Roo,Mujeres,23,85.55460017196874
2016/2017,Quintana Roo,Mujeres,23,85.99099098999982
2015/2016,Quintana Roo,Mujeres,23,86.79156909000015
2014/2015,Quintana Roo,Mujeres,23,86.66347992000009
2013/2014,Quintana Roo,Mujeres,23,86.04422603999974
2012/2013,Quintana Roo,Mujeres,23,86.49874055415607
2021/2022,San Luis Potosí,Total,24,78.09898592401991
2020/2021,San Luis Potosí,Total,24,77.43644067796599
2019/2020,San Luis Potosí,Total,24,76.261570618095
2018/2019,San Luis Potosí,Total,24,75.51811540181912
2017/2018,San Luis Potosí,Total,24,73.10182460270761
2016/2017,San Luis Potosí,Total,24,72.15298668000004
2015/2016,San Luis Potosí,Total,24,74.50241255000017
2014/2015,San Luis Potosí,Total,24,75.41882425000018
2013/2014,San Luis Potosí,Total,24,74.33588474000015
2012/2013,San Luis Potosí,Total,24,74.00542495479202
2021/2022,San Luis Potosí,Hombres,24,75.83333333333329
2020/2021,San Luis Potosí,Hombres,24,64.41860465116292
2019/2020,San Luis Potosí,Hombres,24,65.3669724770643
2018/2019,San Luis Potosí,Hombres,24,46.15384615384632
2017/2018,San Luis Potosí,Hombres,24,57.4514038876889
2016/2017,San Luis Potosí,Hombres,24,56.25
2015/2016,San Luis Potosí,Hombres,24,51.23966941999994
2014/2015,San Luis Potosí,Hombres,24,49.80000000000011
2013/2014,San Luis Potosí,Hombres,24,45.10869565000003
2012/2013,San Luis Potosí,Hombres,24,42.54937163375227
2021/2022,San Luis Potosí,Mujeres,24,78.2295501840884
2020/2021,San Luis Potosí,Mujeres,24,78.34250566526379
2019/2020,San Luis Potosí,Mujeres,24,77.02012136697526
2018/2019,San Luis Potosí,Mujeres,24,78.25590872045646
2017/2018,San Luis Potosí,Mujeres,24,74.24601294804978
2016/2017,San Luis Potosí,Mujeres,24,73.36931379999992
2015/2016,San Luis Potosí,Mujeres,24,76.33376708
2014/2015,San Luis Potosí,Mujeres,24,77.53049785999988
2013/2014,San Luis Potosí,Mujeres,24,76.97594501999994
2012/2013,San Luis Potosí,Mujeres,24,76.88764599440701
2021/2022,Sinaloa,Total,25,80.42813455657486
2020/2021,Sinaloa,Total,25,80.02423403150422
2019/2020,Sinaloa,Total,25,78.91669523483033
2018/2019,Sinaloa,Total,25,78.8811188811189
2017/2018,Sinaloa,Total,25,76.85074371687473
2016/2017,Sinaloa,Total,25,76.03524228999979
2015/2016,Sinaloa,Total,25,77.33767408000008
2014/2015,Sinaloa,Total,25,76.33848365000006
2013/2014,Sinaloa,Total,25,74.86901536000003
2012/2013,Sinaloa,Total,25,75.22918958562515
2021/2022,Sinaloa,Hombres,25,37.313432835820976
2020/2021,Sinaloa,Hombres,25,44.79166666666671
2019/2020,Sinaloa,Hombres,25,39.34426229508205
2018/2019,Sinaloa,Hombres,25,12.1875
2017/2018,Sinaloa,Hombres,25,21.56862745098036
2016/2017,Sinaloa,Hombres,25,43.07692307999998
2015/2016,Sinaloa,Hombres,25,58.585858589999845
2014/2015,Sinaloa,Hombres,25,14.733542319999982
2013/2014,Sinaloa,Hombres,25,32.0
2012/2013,Sinaloa,Hombres,25,41.0
2021/2022,Sinaloa,Mujeres,25,81.43254520166916
2020/2021,Sinaloa,Mujeres,25,80.619609223728
2019/2020,Sinaloa,Mujeres,25,79.76190476190463
2018/2019,Sinaloa,Mujeres,25,82.83333333333334
2017/2018,Sinaloa,Mujeres,25,78.33567415730353
2016/2017,Sinaloa,Mujeres,25,76.8079350799999
2015/2016,Sinaloa,Mujeres,25,77.67955800999998
2014/2015,Sinaloa,Mujeres,25,80.08385744000023
2013/2014,Sinaloa,Mujeres,25,75.85951940999989
2012/2013,Sinaloa,Mujeres,25,75.86850952558844
2021/2022,Sonora,Total,26,85.61987237921609
2020/2021,Sonora,Total,26,84.94070261803542
2019/2020,Sonora,Total,26,82.70676691729327
2018/2019,Sonora,Total,26,81.74300254452938
2017/2018,Sonora,Total,26,80.94236432477918
2016/2017,Sonora,Total,26,80.17783561000016
2015/2016,Sonora,Total,26,77.40684902000002
2014/2015,Sonora,Total,26,77.17272924999999
2013/2014,Sonora,Total,26,75.35534660000003
2012/2013,Sonora,Total,26,74.04329761644455
2021/2022,Sonora,Hombres,26,78.75
2020/2021,Sonora,Hombres,26,80.39215686274493
2019/2020,Sonora,Hombres,26,75.19999999999996
2018/2019,Sonora,Hombres,26,58.11965811965818
2017/2018,Sonora,Hombres,26,77.41935483870961
2016/2017,Sonora,Hombres,26,61.60714285999989
2015/2016,Sonora,Hombres,26,50.0
2014/2015,Sonora,Hombres,26,25.99531616000002
2013/2014,Sonora,Hombres,26,55.491329479999926
2012/2013,Sonora,Hombres,26,55.49450549450556
2021/2022,Sonora,Mujeres,26,85.74744661095625
2020/2021,Sonora,Mujeres,26,85.04694298145172
2019/2020,Sonora,Mujeres,26,82.90799914218296
2018/2019,Sonora,Mujeres,26,82.34398782344014
2017/2018,Sonora,Mujeres,26,81.01265822784809
2016/2017,Sonora,Mujeres,26,80.64014225000014
2015/2016,Sonora,Mujeres,26,78.15888470999998
2014/2015,Sonora,Mujeres,26,82.42074927999984
2013/2014,Sonora,Mujeres,26,76.13636364000008
2012/2013,Sonora,Mujeres,26,74.81211569118649
2021/2022,Tabasco,Total,27,84.36668712911819
2020/2021,Tabasco,Total,27,84.63744367062664
2019/2020,Tabasco,Total,27,85.00899460323835
2018/2019,Tabasco,Total,27,83.71316306483281
2017/2018,Tabasco,Total,27,83.83326840670033
2016/2017,Tabasco,Total,27,82.2099229100002
2015/2016,Tabasco,Total,27,81.29109384000002
2014/2015,Tabasco,Total,27,81.04838709999981
2013/2014,Tabasco,Total,27,80.55209631
2012/2013,Tabasco,Total,27,80.05871251834772
2021/2022,Tabasco,Hombres,27,73.88888888888874
2020/2021,Tabasco,Hombres,27,62.35294117647047
2019/2020,Tabasco,Hombres,27,66.51162790697687
2018/2019,Tabasco,Hombres,27,29.746835443037984
2017/2018,Tabasco,Hombres,27,54.01785714285695
2016/2017,Tabasco,Hombres,27,59.06735750999997
2015/2016,Tabasco,Hombres,27,58.79396985000015
2014/2015,Tabasco,Hombres,27,55.61797752999994
2013/2014,Tabasco,Hombres,27,50.66666667000003
2012/2013,Tabasco,Hombres,27,46.25850340136061
2021/2022,Tabasco,Mujeres,27,84.76736775015907
2020/2021,Tabasco,Mujeres,27,85.44142614601023
2019/2020,Tabasco,Mujeres,27,85.8395989974937
2018/2019,Tabasco,Mujeres,27,89.2547660311957
2017/2018,Tabasco,Mujeres,27,85.19348268839109
2016/2017,Tabasco,Mujeres,27,83.12782573000003
2015/2016,Tabasco,Mujeres,27,82.21991700999993
2014/2015,Tabasco,Mujeres,27,81.99498117999988
2013/2014,Tabasco,Mujeres,27,81.51242502
2012/2013,Tabasco,Mujeres,27,81.13370835136284
2021/2022,Tamaulipas,Total,28,79.30855661192739
2020/2021,Tamaulipas,Total,28,77.9546224178801
2019/2020,Tamaulipas,Total,28,76.61502966380996
2018/2019,Tamaulipas,Total,28,71.88709677419341
2017/2018,Tamaulipas,Total,28,71.3993388950102
2016/2017,Tamaulipas,Total,28,74.4380218400001
2015/2016,Tamaulipas,Total,28,74.12814274000003
2014/2015,Tamaulipas,Total,28,72.02131095000003
2013/2014,Tamaulipas,Total,28,71.83327905999982
2012/2013,Tamaulipas,Total,28,71.02421465968585
2021/2022,Tamaulipas,Hombres,28,72.5
2020/2021,Tamaulipas,Hombres,28,50.515463917525885
2019/2020,Tamaulipas,Hombres,28,58.33333333333323
2018/2019,Tamaulipas,Hombres,28,31.192660550458665
2017/2018,Tamaulipas,Hombres,28,38.7387387387388
2016/2017,Tamaulipas,Hombres,28,42.27642276000005
2015/2016,Tamaulipas,Hombres,28,24.806201549999976
2014/2015,Tamaulipas,Hombres,28,11.326860840000023
2013/2014,Tamaulipas,Hombres,28,33.15789473999994
2012/2013,Tamaulipas,Hombres,28,34.26966292134829
2021/2022,Tamaulipas,Mujeres,28,79.40403155127083
2020/2021,Tamaulipas,Mujeres,28,78.41280771217075
2019/2020,Tamaulipas,Mujeres,28,76.90890823844607
2018/2019,Tamaulipas,Mujeres,28,72.6153340994913
2017/2018,Tamaulipas,Mujeres,28,71.98013457225254
2016/2017,Tamaulipas,Mujeres,28,75.08599509000007
2015/2016,Tamaulipas,Mujeres,28,75.18223989000015
2014/2015,Tamaulipas,Mujeres,28,75.20815632999988
2013/2014,Tamaulipas,Mujeres,28,73.06787634000003
2012/2013,Tamaulipas,Mujeres,28,72.12672733400728
2021/2022,Tlaxcala,Total,29,77.60697964270895
2020/2021,Tlaxcala,Total,29,79.14507772020734
2019/2020,Tlaxcala,Total,29,77.8818737270875
2018/2019,Tlaxcala,Total,29,77.04061117812651
2017/2018,Tlaxcala,Total,29,76.89822294022629
2016/2017,Tlaxcala,Total,29,76.24198718
2015/2016,Tlaxcala,Total,29,78.17805383000008
2014/2015,Tlaxcala,Total,29,76.39983408999984
2013/2014,Tlaxcala,Total,29,74.44676409000016
2012/2013,Tlaxcala,Total,29,74.22464375523872
2021/2022,Tlaxcala,Hombres,29,11.111111111111088
2020/2021,Tlaxcala,Hombres,29,16.66666666666673
2019/2020,Tlaxcala,Hombres,29,16.21621621621624
2018/2019,Tlaxcala,Hombres,29,14.754098360655693
2017/2018,Tlaxcala,Hombres,29,9.803921568627429
2016/2017,Tlaxcala,Hombres,29,18.987341770000043
2015/2016,Tlaxcala,Hombres,29,10.606060609999988
2014/2015,Tlaxcala,Hombres,29,8.75
2013/2014,Tlaxcala,Hombres,29,11.39240506000002
2012/2013,Tlaxcala,Hombres,29,9.230769230769257
2021/2022,Tlaxcala,Mujeres,29,79.65738758029984
2020/2021,Tlaxcala,Mujeres,29,80.46737213403871
2019/2020,Tlaxcala,Mujeres,29,78.82547559966932
2018/2019,Tlaxcala,Mujeres,29,78.60676009892818
2017/2018,Tlaxcala,Mujeres,29,78.30927835051553
2016/2017,Tlaxcala,Mujeres,29,78.11336366999984
2015/2016,Tlaxcala,Mujeres,29,80.07662834999988
2014/2015,Tlaxcala,Mujeres,29,78.72157872000011
2013/2014,Tlaxcala,Mujeres,29,76.59758203999992
2012/2013,Tlaxcala,Mujeres,29,76.0448082722962
2021/2022,Veracruz de Ignacio de la Llave,Total,30,79.30133657351145
2020/2021,Veracruz de Ignacio de la Llave,Total,30,78.07447774750227
2019/2020,Veracruz de Ignacio de la Llave,Total,30,77.43313630245213
2018/2019,Veracruz de Ignacio de la Llave,Total,30,75.85647208857456
2017/2018,Veracruz de Ignacio de la Llave,Total,30,75.48604259764392
2016/2017,Veracruz de Ignacio de la Llave,Total,30,74.14973816000014
2015/2016,Veracruz de Ignacio de la Llave,Total,30,74.20421662
2014/2015,Veracruz de Ignacio de la Llave,Total,30,71.13443915999981
2013/2014,Veracruz de Ignacio de la Llave,Total,30,68.34426997999986
2012/2013,Veracruz de Ignacio de la Llave,Total,30,67.14589989350385
2021/2022,Veracruz de Ignacio de la Llave,Hombres,30,59.857482185273305
2020/2021,Veracruz de Ignacio de la Llave,Hombres,30,48.54854854854851
2019/2020,Veracruz de Ignacio de la Llave,Hombres,30,43.19634703196341
2018/2019,Veracruz de Ignacio de la Llave,Hombres,30,27.56052141527005
2017/2018,Veracruz de Ignacio de la Llave,Hombres,30,40.276497695852434
2016/2017,Veracruz de Ignacio de la Llave,Hombres,30,41.58249158000001
2015/2016,Veracruz de Ignacio de la Llave,Hombres,30,40.70961718
2014/2015,Veracruz de Ignacio de la Llave,Hombres,30,28.05194805000006
2013/2014,Veracruz de Ignacio de la Llave,Hombres,30,31.99356913000008
2012/2013,Veracruz de Ignacio de la Llave,Hombres,30,30.267558528428157
2021/2022,Veracruz de Ignacio de la Llave,Mujeres,30,80.34959661928531
2020/2021,Veracruz de Ignacio de la Llave,Mujeres,30,79.97550915184347
2019/2020,Veracruz de Ignacio de la Llave,Mujeres,30,79.77738869434705
2018/2019,Veracruz de Ignacio de la Llave,Mujeres,30,80.831202046036
2017/2018,Veracruz de Ignacio de la Llave,Mujeres,30,77.85209959123009
2016/2017,Veracruz de Ignacio de la Llave,Mujeres,30,76.53962566999992
2015/2016,Veracruz de Ignacio de la Llave,Mujeres,30,76.46576724000002
2014/2015,Veracruz de Ignacio de la Llave,Mujeres,30,75.35982676999994
2013/2014,Veracruz de Ignacio de la Llave,Mujeres,30,71.20197169000014
2012/2013,Veracruz de Ignacio de la Llave,Mujeres,30,69.95415764675913
2021/2022,Yucatán,Total,31,88.44522086348896
2020/2021,Yucatán,Total,31,87.74703557312223
2019/2020,Yucatán,Total,31,86.36470312133311
2018/2019,Yucatán,Total,31,86.3145258103243
2017/2018,Yucatán,Total,31,82.2584570455099
2016/2017,Yucatán,Total,31,78.52912141999997
2015/2016,Yucatán,Total,31,78.0744544299998
2014/2015,Yucatán,Total,31,73.90102989
2013/2014,Yucatán,Total,31,71.31414268000003
2012/2013,Yucatán,Total,31,70.27435187515745
2021/2022,Yucatán,Hombres,31,79.22705314009664
2020/2021,Yucatán,Hombres,31,63.63636363636375
2019/2020,Yucatán,Hombres,31,64.37768240343371
2018/2019,Yucatán,Hombres,31,57.97665369649805
2017/2018,Yucatán,Hombres,31,61.74242424242408
2016/2017,Yucatán,Hombres,31,58.52534561999988
2015/2016,Yucatán,Hombres,31,81.29032258000005
2014/2015,Yucatán,Hombres,31,46.96969696999992
2013/2014,Yucatán,Hombres,31,40.08264462999988
2012/2013,Yucatán,Hombres,31,46.288209606986975
2021/2022,Yucatán,Mujeres,31,88.94736842105273
2020/2021,Yucatán,Mujeres,31,89.28008407777203
2019/2020,Yucatán,Mujeres,31,87.63654419066548
2018/2019,Yucatán,Mujeres,31,88.17809621289653
2017/2018,Yucatán,Mujeres,31,83.66710013003899
2016/2017,Yucatán,Mujeres,31,79.66101694999999
2015/2016,Yucatán,Mujeres,31,77.94117646999989
2014/2015,Yucatán,Mujeres,31,75.8138283600001
2013/2014,Yucatán,Mujeres,31,73.32800425999996
2012/2013,Yucatán,Mujeres,31,71.7414529914531
2021/2022,Zacatecas,Total,32,75.656836461126
2020/2021,Zacatecas,Total,32,74.73628691983134
2019/2020,Zacatecas,Total,32,74.65932914046127
2018/2019,Zacatecas,Total,32,73.556942277691
2017/2018,Zacatecas,Total,32,73.1638418079094
2016/2017,Zacatecas,Total,32,71.7668488199999
2015/2016,Zacatecas,Total,32,74.03329752999993
2014/2015,Zacatecas,Total,32,71.89174705000003
2013/2014,Zacatecas,Total,32,65.95520422000008
2012/2013,Zacatecas,Total,32,65.83949313621976
2021/2022,Zacatecas,Hombres,32,84.59016393442639
2020/2021,Zacatecas,Hombres,32,80.53892215568871
2019/2020,Zacatecas,Hombres,32,78.91566265060263
2018/2019,Zacatecas,Hombres,32,72.9344729344729
2017/2018,Zacatecas,Hombres,32,76.2318840579711
2016/2017,Zacatecas,Hombres,32,74.21875
2015/2016,Zacatecas,Hombres,32,75.21613833000004
2014/2015,Zacatecas,Hombres,32,66.42512076999994
2013/2014,Zacatecas,Hombres,32,72.09302326000014
2012/2013,Zacatecas,Hombres,32,69.77491961414782
2021/2022,Zacatecas,Mujeres,32,74.86131386861312
2020/2021,Zacatecas,Mujeres,32,74.17582417582422
2019/2020,Zacatecas,Mujeres,32,74.2537313432838
2018/2019,Zacatecas,Mujeres,32,73.6194563662375
2017/2018,Zacatecas,Mujeres,32,72.86559594251891
2016/2017,Zacatecas,Mujeres,32,71.49465162999991
2015/2016,Zacatecas,Mujeres,32,73.91175600000014
2014/2015,Zacatecas,Mujeres,32,72.57383966000005
2013/2014,Zacatecas,Mujeres,32,65.42644533000015
2012/2013,Zacatecas,Mujeres,32,65.48748921484024
